user_id,session_id,date,device,traffic_source,category,price,product_view,add_to_cart,checkout,purchase,revenue
U07151,S07151,2026-01-01,Mobile,Instagram,Clothing,1349.0,1,0,0,0,0.0
U04550,S04550,2026-01-01,Mobile,Instagram,Home,1012.0,1,0,0,0,0.0
U09607,S09607,2026-01-01,Mobile,Email,Home,8874.0,1,0,0,0,0.0
U06489,S06489,2026-01-01,Mobile,Email,Clothing,4370.0,1,1,0,0,0.0
U04073,S04073,2026-01-01,Mobile,Instagram,Clothing,3689.0,1,0,0,0,0.0
U00280,S00280,2026-01-01,Desktop,Email,Clothing,2411.0,1,1,1,1,2411.0
U08462,S08462,2026-01-01,Desktop,Email,Home,6593.0,1,1,0,0,0.0
U04369,S04369,2026-01-01,Mobile,Instagram,Shoes,2643.0,1,0,0,0,0.0
U00655,S00655,2026-01-01,Desktop,Google,Home,928.0,1,0,0,0,0.0
U00291,S00291,2026-01-01,Desktop,Direct,Shoes,467.0,1,0,0,0,0.0
U02346,S02346,2026-01-01,Mobile,Instagram,Home,10933.0,1,1,0,0,0.0
U00300,S00300,2026-01-01,Desktop,Google,Beauty,10313.0,1,0,0,0,0.0
U09704,S09704,2026-01-01,Mobile,Instagram,Home,849.0,1,0,0,0,0.0
U04348,S04348,2026-01-01,Desktop,Direct,Clothing,1747.0,1,0,0,0,0.0
U09714,S09714,2026-01-01,Desktop,Instagram,Electronics,4088.0,1,1,1,1,4088.0
U08274,S08274,2026-01-01,Desktop,Google,Home,891.0,1,0,0,0,0.0
U04110,S04110,2026-01-01,Mobile,Facebook,Clothing,915.0,1,1,0,0,0.0
U00329,S00329,2026-01-01,Desktop,Google,Clothing,11179.0,1,0,0,0,0.0
U00331,S00331,2026-01-01,Desktop,Google,Electronics,1659.0,1,0,0,0,0.0
U07409,S07409,2026-01-01,Mobile,Email,Beauty,1536.0,1,0,0,0,0.0
U05055,S05055,2026-01-01,Desktop,Instagram,Home,4137.0,1,0,0,0,0.0
U05043,S05043,2026-01-01,Mobile,Google,Shoes,2391.0,1,0,0,0,0.0
U03727,S03727,2026-01-01,Tablet,Instagram,Home,1504.0,1,0,0,0,0.0
U11287,S11287,2026-01-01,Tablet,Google,Electronics,4787.0,1,0,0,0,0.0
U01471,S01471,2026-01-01,Tablet,Email,Home,7611.0,1,0,0,0,0.0
U04538,S04538,2026-01-01,Desktop,Facebook,Home,884.0,1,0,0,0,0.0
U09098,S09098,2026-01-01,Mobile,Instagram,Beauty,2131.0,1,0,0,0,0.0
U05864,S05864,2026-01-01,Desktop,Instagram,Clothing,5459.0,1,1,1,1,5459.0
U09175,S09175,2026-01-01,Desktop,Google,Clothing,1658.0,1,1,0,0,0.0
U05788,S05788,2026-01-01,Desktop,Google,Beauty,11581.0,1,1,1,1,11581.0
U07524,S07524,2026-01-01,Mobile,Instagram,Shoes,7470.0,1,1,1,0,0.0
U01194,S01194,2026-01-01,Tablet,Instagram,Beauty,2883.0,1,0,0,0,0.0
U09233,S09233,2026-01-01,Mobile,Instagram,Home,2509.0,1,1,1,1,2509.0
U07527,S07527,2026-01-01,Desktop,Google,Clothing,4488.0,1,0,0,0,0.0
U03554,S03554,2026-01-01,Mobile,Email,Beauty,2765.0,1,0,0,0,0.0
U10543,S10543,2026-01-01,Mobile,Email,Home,17688.0,1,1,0,0,0.0
U11033,S11033,2026-01-01,Tablet,Google,Shoes,2468.0,1,1,0,0,0.0
U06050,S06050,2026-01-01,Mobile,Instagram,Home,2005.0,1,0,0,0,0.0
U08894,S08894,2026-01-01,Mobile,Direct,Home,5208.0,1,1,1,0,0.0
U06118,S06118,2026-01-01,Mobile,Google,Electronics,7825.0,1,0,0,0,0.0
U01126,S01126,2026-01-01,Mobile,Google,Electronics,2824.0,1,0,0,0,0.0
U04524,S04524,2026-01-01,Desktop,Google,Clothing,1988.0,1,0,0,0,0.0
U00125,S00125,2026-01-01,Mobile,Facebook,Home,942.0,1,1,0,0,0.0
U09430,S09430,2026-01-01,Desktop,Google,Electronics,3265.0,1,0,0,0,0.0
U07130,S07130,2026-01-01,Mobile,Direct,Shoes,4901.0,1,0,0,0,0.0
U00594,S00594,2026-01-01,Mobile,Instagram,Home,8397.0,1,1,0,0,0.0
U04535,S04535,2026-01-01,Mobile,Google,Home,1549.0,1,1,1,0,0.0
U06316,S06316,2026-01-01,Mobile,Direct,Home,2018.0,1,0,0,0,0.0
U07104,S07104,2026-01-01,Mobile,Email,Electronics,5126.0,1,1,1,0,0.0
U00994,S00994,2026-01-01,Mobile,Google,Electronics,1968.0,1,1,1,0,0.0
U04854,S04854,2026-01-01,Mobile,Email,Home,2262.0,1,1,0,0,0.0
U00484,S00484,2026-01-01,Mobile,Direct,Clothing,1640.0,1,1,1,1,1640.0
U00021,S00021,2026-01-01,Desktop,Google,Home,24213.0,1,0,0,0,0.0
U07968,S07968,2026-01-01,Desktop,Google,Shoes,4388.0,1,0,0,0,0.0
U06919,S06919,2026-01-01,Mobile,Google,Home,5816.0,1,0,0,0,0.0
U09878,S09878,2026-01-01,Desktop,Google,Electronics,1499.0,1,1,0,0,0.0
U03076,S03076,2026-01-01,Desktop,Email,Electronics,1418.0,1,0,0,0,0.0
U03081,S03081,2026-01-01,Mobile,Instagram,Clothing,3594.0,1,1,0,0,0.0
U04606,S04606,2026-01-01,Mobile,Google,Shoes,5681.0,1,1,1,0,0.0
U07990,S07990,2026-01-01,Desktop,Instagram,Clothing,2357.0,1,1,1,1,2357.0
U00922,S00922,2026-01-01,Desktop,Facebook,Electronics,1329.0,1,1,0,0,0.0
U04783,S04783,2026-01-01,Desktop,Google,Shoes,806.0,1,0,0,0,0.0
U10906,S10906,2026-01-01,Mobile,Email,Beauty,3066.0,1,0,0,0,0.0
U10035,S10035,2026-01-01,Tablet,Instagram,Clothing,5052.0,1,0,0,0,0.0
U09957,S09957,2026-01-01,Desktop,Email,Clothing,1956.0,1,0,0,0,0.0
U04696,S04696,2026-01-01,Desktop,Instagram,Beauty,3993.0,1,1,0,0,0.0
U04689,S04689,2026-01-01,Desktop,Instagram,Electronics,1918.0,1,0,0,0,0.0
U01730,S01730,2026-01-01,Mobile,Facebook,Home,12009.0,1,0,0,0,0.0
U07084,S07084,2026-01-01,Mobile,Google,Electronics,17146.0,1,1,0,0,0.0
U07350,S07350,2026-01-01,Mobile,Direct,Electronics,3181.0,1,0,0,0,0.0
U00515,S00515,2026-01-01,Mobile,Instagram,Home,647.0,1,1,1,1,647.0
U11486,S11486,2026-01-02,Mobile,Instagram,Electronics,1033.0,1,0,0,0,0.0
U06306,S06306,2026-01-02,Mobile,Direct,Electronics,2407.0,1,0,0,0,0.0
U04534,S04534,2026-01-02,Mobile,Facebook,Beauty,641.0,1,0,0,0,0.0
U09436,S09436,2026-01-02,Mobile,Direct,Shoes,631.0,1,0,0,0,0.0
U01065,S01065,2026-01-02,Mobile,Instagram,Beauty,1714.0,1,0,0,0,0.0
U05012,S05012,2026-01-02,Mobile,Google,Electronics,3233.0,1,0,0,0,0.0
U07803,S07803,2026-01-02,Mobile,Email,Home,7121.0,1,0,0,0,0.0
U07510,S07510,2026-01-02,Mobile,Email,Shoes,1535.0,1,0,0,0,0.0
U09117,S09117,2026-01-02,Mobile,Instagram,Clothing,2548.0,1,0,0,0,0.0
U00018,S00018,2026-01-02,Mobile,Facebook,Clothing,1228.0,1,0,0,0,0.0
U06235,S06235,2026-01-02,Mobile,Email,Home,4122.0,1,1,1,1,4122.0
U07017,S07017,2026-01-02,Mobile,Email,Electronics,13379.0,1,0,0,0,0.0
U06352,S06352,2026-01-02,Desktop,Direct,Shoes,2663.0,1,0,0,0,0.0
U02489,S02489,2026-01-02,Mobile,Google,Clothing,2559.0,1,0,0,0,0.0
U05544,S05544,2026-01-02,Mobile,Instagram,Beauty,2426.0,1,0,0,0,0.0
U05757,S05757,2026-01-02,Mobile,Instagram,Clothing,843.0,1,0,0,0,0.0
U10383,S10383,2026-01-02,Mobile,Instagram,Electronics,2271.0,1,1,1,1,2271.0
U10047,S10047,2026-01-02,Desktop,Instagram,Electronics,6236.0,1,1,1,1,6236.0
U01181,S01181,2026-01-02,Desktop,Instagram,Shoes,9688.0,1,1,1,1,9688.0
U02573,S02573,2026-01-02,Desktop,Google,Electronics,2627.0,1,0,0,0,0.0
U02697,S02697,2026-01-02,Desktop,Google,Electronics,4815.0,1,0,0,0,0.0
U10560,S10560,2026-01-02,Desktop,Facebook,Home,3895.0,1,1,1,1,3895.0
U00012,S00012,2026-01-02,Tablet,Google,Clothing,7117.0,1,0,0,0,0.0
U05725,S05725,2026-01-02,Desktop,Google,Clothing,2075.0,1,0,0,0,0.0
U04457,S04457,2026-01-02,Mobile,Direct,Home,2855.0,1,1,0,0,0.0
U04009,S04009,2026-01-02,Mobile,Instagram,Beauty,1925.0,1,1,1,1,1925.0
U05686,S05686,2026-01-02,Mobile,Instagram,Electronics,7976.0,1,1,1,1,7976.0
U01947,S01947,2026-01-02,Mobile,Direct,Clothing,1020.0,1,0,0,0,0.0
U00823,S00823,2026-01-02,Mobile,Google,Beauty,3025.0,1,1,1,0,0.0
U02174,S02174,2026-01-02,Mobile,Email,Beauty,2324.0,1,0,0,0,0.0
U04507,S04507,2026-01-02,Mobile,Google,Clothing,2230.0,1,0,0,0,0.0
U03489,S03489,2026-01-02,Mobile,Instagram,Electronics,2352.0,1,0,0,0,0.0
U05609,S05609,2026-01-02,Mobile,Direct,Beauty,770.0,1,0,0,0,0.0
U10500,S10500,2026-01-02,Desktop,Instagram,Electronics,1209.0,1,0,0,0,0.0
U01192,S01192,2026-01-02,Mobile,Facebook,Electronics,4920.0,1,1,0,0,0.0
U00238,S00238,2026-01-02,Desktop,Google,Home,7625.0,1,0,0,0,0.0
U05036,S05036,2026-01-02,Mobile,Direct,Clothing,2955.0,1,0,0,0,0.0
U07452,S07452,2026-01-02,Mobile,Google,Shoes,5647.0,1,1,1,0,0.0
U02956,S02956,2026-01-02,Mobile,Instagram,Shoes,843.0,1,0,0,0,0.0
U08204,S08204,2026-01-02,Mobile,Direct,Electronics,6851.0,1,0,0,0,0.0
U10862,S10862,2026-01-02,Desktop,Facebook,Home,17931.0,1,0,0,0,0.0
U08389,S08389,2026-01-02,Mobile,Instagram,Clothing,2266.0,1,0,0,0,0.0
U08383,S08383,2026-01-02,Mobile,Google,Clothing,1668.0,1,1,1,0,0.0
U04312,S04312,2026-01-02,Desktop,Direct,Beauty,11949.0,1,1,1,1,11949.0
U08356,S08356,2026-01-02,Desktop,Google,Home,4167.0,1,0,0,0,0.0
U07453,S07453,2026-01-02,Mobile,Direct,Shoes,952.0,1,0,0,0,0.0
U09535,S09535,2026-01-02,Desktop,Instagram,Clothing,2417.0,1,0,0,0,0.0
U02967,S02967,2026-01-02,Mobile,Direct,Clothing,1241.0,1,0,0,0,0.0
U07984,S07984,2026-01-02,Tablet,Instagram,Beauty,441.0,1,0,0,0,0.0
U11332,S11332,2026-01-02,Tablet,Facebook,Home,3202.0,1,1,1,1,3202.0
U11900,S11900,2026-01-02,Tablet,Google,Clothing,10461.0,1,1,1,1,10461.0
U11335,S11335,2026-01-02,Mobile,Google,Shoes,1583.0,1,0,0,0,0.0
U06685,S06685,2026-01-02,Mobile,Facebook,Clothing,4181.0,1,0,0,0,0.0
U03176,S03176,2026-01-02,Mobile,Facebook,Clothing,2582.0,1,0,0,0,0.0
U07576,S07576,2026-01-02,Tablet,Google,Home,2229.0,1,1,0,0,0.0
U03696,S03696,2026-01-02,Mobile,Direct,Home,1891.0,1,0,0,0,0.0
U05105,S05105,2026-01-02,Desktop,Google,Home,309.0,1,1,1,1,309.0
U06518,S06518,2026-01-02,Desktop,Facebook,Beauty,11660.0,1,1,1,1,11660.0
U05340,S05340,2026-01-02,Mobile,Google,Electronics,4188.0,1,0,0,0,0.0
U07993,S07993,2026-01-02,Mobile,Direct,Beauty,6998.0,1,1,0,0,0.0
U11224,S11224,2026-01-02,Mobile,Direct,Clothing,2385.0,1,0,0,0,0.0
U09903,S09903,2026-01-02,Desktop,Direct,Shoes,4427.0,1,1,1,1,4427.0
U05045,S05045,2026-01-02,Mobile,Direct,Clothing,6144.0,1,1,1,0,0.0
U10697,S10697,2026-01-02,Mobile,Instagram,Beauty,4097.0,1,1,1,1,4097.0
U11796,S11796,2026-01-02,Desktop,Email,Electronics,12284.0,1,1,1,0,0.0
U09600,S09600,2026-01-02,Mobile,Facebook,Shoes,845.0,1,1,1,1,845.0
U04977,S04977,2026-01-02,Mobile,Google,Home,503.0,1,1,1,1,503.0
U08460,S08460,2026-01-02,Mobile,Direct,Shoes,830.0,1,1,1,1,830.0
U10888,S10888,2026-01-02,Desktop,Google,Home,4450.0,1,0,0,0,0.0
U02396,S02396,2026-01-02,Tablet,Google,Shoes,1418.0,1,1,1,1,1418.0
U09614,S09614,2026-01-02,Mobile,Google,Home,5465.0,1,1,0,0,0.0
U00381,S00381,2026-01-03,Mobile,Direct,Shoes,1010.0,1,0,0,0,0.0
U10789,S10789,2026-01-03,Mobile,Direct,Electronics,4315.0,1,0,0,0,0.0
U10495,S10495,2026-01-03,Desktop,Facebook,Home,3385.0,1,0,0,0,0.0
U00194,S00194,2026-01-03,Desktop,Instagram,Home,890.0,1,0,0,0,0.0
U04328,S04328,2026-01-03,Desktop,Email,Home,1058.0,1,1,0,0,0.0
U01830,S01830,2026-01-03,Mobile,Google,Beauty,5381.0,1,1,1,0,0.0
U00205,S00205,2026-01-03,Mobile,Instagram,Electronics,414.0,1,0,0,0,0.0
U07761,S07761,2026-01-03,Mobile,Direct,Beauty,941.0,1,0,0,0,0.0
U01718,S01718,2026-01-03,Mobile,Google,Shoes,312.0,1,1,1,1,312.0
U01318,S01318,2026-01-03,Mobile,Instagram,Electronics,1412.0,1,1,1,0,0.0
U01671,S01671,2026-01-03,Mobile,Direct,Electronics,2144.0,1,0,0,0,0.0
U01937,S01937,2026-01-03,Mobile,Direct,Clothing,10160.0,1,1,0,0,0.0
U08957,S08957,2026-01-03,Desktop,Google,Shoes,1110.0,1,1,1,1,1110.0
U06416,S06416,2026-01-03,Mobile,Instagram,Clothing,5278.0,1,0,0,0,0.0
U07780,S07780,2026-01-03,Desktop,Google,Home,1773.0,1,0,0,0,0.0
U04343,S04343,2026-01-03,Mobile,Google,Clothing,4341.0,1,0,0,0,0.0
U06978,S06978,2026-01-03,Mobile,Direct,Electronics,5942.0,1,0,0,0,0.0
U07839,S07839,2026-01-03,Desktop,Instagram,Clothing,429.0,1,0,0,0,0.0
U01504,S01504,2026-01-03,Mobile,Google,Home,2176.0,1,0,0,0,0.0
U07796,S07796,2026-01-03,Desktop,Google,Home,1937.0,1,0,0,0,0.0
U08480,S08480,2026-01-03,Desktop,Direct,Clothing,3630.0,1,1,1,1,3630.0
U01555,S01555,2026-01-03,Mobile,Facebook,Clothing,3549.0,1,0,0,0,0.0
U00598,S00598,2026-01-03,Desktop,Instagram,Beauty,3161.0,1,0,0,0,0.0
U01428,S01428,2026-01-03,Mobile,Instagram,Clothing,8707.0,1,0,0,0,0.0
U10955,S10955,2026-01-03,Tablet,Email,Clothing,5665.0,1,1,1,1,5665.0
U04430,S04430,2026-01-03,Mobile,Google,Electronics,1444.0,1,0,0,0,0.0
U03375,S03375,2026-01-03,Mobile,Direct,Home,524.0,1,1,0,0,0.0
U06142,S06142,2026-01-03,Mobile,Instagram,Home,5152.0,1,0,0,0,0.0
U08801,S08801,2026-01-03,Mobile,Google,Beauty,2377.0,1,0,0,0,0.0
U07054,S07054,2026-01-03,Mobile,Direct,Clothing,2900.0,1,1,0,0,0.0
U06075,S06075,2026-01-03,Desktop,Instagram,Shoes,3052.0,1,0,0,0,0.0
U00218,S00218,2026-01-03,Mobile,Instagram,Shoes,4078.0,1,0,0,0,0.0
U06634,S06634,2026-01-03,Mobile,Google,Clothing,4276.0,1,0,0,0,0.0
U08277,S08277,2026-01-03,Mobile,Instagram,Shoes,1585.0,1,1,1,1,1585.0
U11388,S11388,2026-01-03,Desktop,Instagram,Clothing,1826.0,1,0,0,0,0.0
U03520,S03520,2026-01-03,Desktop,Direct,Home,2901.0,1,1,1,0,0.0
U07676,S07676,2026-01-03,Mobile,Google,Shoes,2278.0,1,1,1,1,2278.0
U00092,S00092,2026-01-03,Desktop,Google,Home,2421.0,1,0,0,0,0.0
U00157,S00157,2026-01-03,Mobile,Direct,Beauty,558.0,1,0,0,0,0.0
U05759,S05759,2026-01-03,Mobile,Google,Home,3729.0,1,1,1,1,3729.0
U09879,S09879,2026-01-03,Mobile,Direct,Electronics,4284.0,1,0,0,0,0.0
U04214,S04214,2026-01-03,Mobile,Google,Clothing,770.0,1,1,1,0,0.0
U05699,S05699,2026-01-03,Desktop,Direct,Shoes,3635.0,1,0,0,0,0.0
U02934,S02934,2026-01-03,Desktop,Google,Electronics,1184.0,1,1,1,0,0.0
U02794,S02794,2026-01-03,Tablet,Direct,Clothing,4005.0,1,1,1,1,4005.0
U05104,S05104,2026-01-03,Mobile,Facebook,Shoes,4146.0,1,0,0,0,0.0
U03435,S03435,2026-01-03,Mobile,Google,Clothing,2578.0,1,0,0,0,0.0
U09356,S09356,2026-01-03,Mobile,Google,Home,5900.0,1,0,0,0,0.0
U05215,S05215,2026-01-03,Mobile,Google,Electronics,758.0,1,1,1,0,0.0
U07386,S07386,2026-01-03,Desktop,Facebook,Beauty,10066.0,1,1,0,0,0.0
U05787,S05787,2026-01-03,Desktop,Instagram,Beauty,1654.0,1,1,1,1,1654.0
U00778,S00778,2026-01-03,Mobile,Google,Home,4421.0,1,1,1,1,4421.0
U01013,S01013,2026-01-03,Mobile,Facebook,Home,3863.0,1,0,0,0,0.0
U11801,S11801,2026-01-03,Desktop,Direct,Electronics,1685.0,1,0,0,0,0.0
U09818,S09818,2026-01-03,Mobile,Direct,Shoes,10780.0,1,0,0,0,0.0
U11783,S11783,2026-01-03,Mobile,Google,Beauty,1394.0,1,1,1,0,0.0
U10078,S10078,2026-01-03,Mobile,Email,Clothing,3121.0,1,1,1,0,0.0
U04987,S04987,2026-01-03,Desktop,Google,Beauty,4888.0,1,1,1,0,0.0
U04828,S04828,2026-01-03,Mobile,Google,Home,5315.0,1,1,0,0,0.0
U02773,S02773,2026-01-03,Desktop,Instagram,Clothing,973.0,1,1,1,0,0.0
U04976,S04976,2026-01-03,Mobile,Google,Beauty,308.0,1,0,0,0,0.0
U11707,S11707,2026-01-03,Mobile,Google,Beauty,9042.0,1,1,1,1,9042.0
U00071,S00071,2026-01-03,Mobile,Direct,Shoes,1560.0,1,0,0,0,0.0
U00697,S00697,2026-01-04,Desktop,Direct,Home,1787.0,1,0,0,0,0.0
U11328,S11328,2026-01-04,Mobile,Google,Clothing,3310.0,1,1,1,1,3310.0
U02285,S02285,2026-01-04,Mobile,Instagram,Electronics,2777.0,1,0,0,0,0.0
U01904,S01904,2026-01-04,Mobile,Instagram,Shoes,4390.0,1,0,0,0,0.0
U02277,S02277,2026-01-04,Mobile,Direct,Shoes,4869.0,1,1,1,1,4869.0
U01439,S01439,2026-01-04,Tablet,Instagram,Electronics,2756.0,1,0,0,0,0.0
U10776,S10776,2026-01-04,Mobile,Instagram,Home,576.0,1,0,0,0,0.0
U06664,S06664,2026-01-04,Desktop,Direct,Shoes,4607.0,1,0,0,0,0.0
U01963,S01963,2026-01-04,Mobile,Direct,Home,887.0,1,1,1,0,0.0
U11782,S11782,2026-01-04,Mobile,Google,Shoes,4074.0,1,0,0,0,0.0
U09613,S09613,2026-01-04,Desktop,Instagram,Shoes,2205.0,1,0,0,0,0.0
U03890,S03890,2026-01-04,Mobile,Google,Clothing,1988.0,1,1,1,1,1988.0
U04071,S04071,2026-01-04,Mobile,Google,Home,1431.0,1,0,0,0,0.0
U07112,S07112,2026-01-04,Mobile,Instagram,Electronics,10350.0,1,0,0,0,0.0
U05218,S05218,2026-01-04,Mobile,Direct,Electronics,2591.0,1,0,0,0,0.0
U05117,S05117,2026-01-04,Mobile,Instagram,Shoes,1526.0,1,1,1,1,1526.0
U10685,S10685,2026-01-04,Desktop,Instagram,Home,3757.0,1,1,1,1,3757.0
U10992,S10992,2026-01-04,Desktop,Google,Shoes,16069.0,1,1,0,0,0.0
U00586,S00586,2026-01-04,Desktop,Instagram,Home,4556.0,1,0,0,0,0.0
U03811,S03811,2026-01-04,Mobile,Email,Shoes,3096.0,1,0,0,0,0.0
U07113,S07113,2026-01-04,Desktop,Email,Home,3976.0,1,1,0,0,0.0
U00398,S00398,2026-01-04,Mobile,Instagram,Electronics,5222.0,1,0,0,0,0.0
U07105,S07105,2026-01-04,Mobile,Google,Home,1412.0,1,0,0,0,0.0
U04057,S04057,2026-01-04,Mobile,Facebook,Electronics,7798.0,1,0,0,0,0.0
U08362,S08362,2026-01-04,Desktop,Instagram,Beauty,7447.0,1,1,1,0,0.0
U08123,S08123,2026-01-04,Desktop,Facebook,Home,3812.0,1,0,0,0,0.0
U09330,S09330,2026-01-04,Mobile,Instagram,Home,4547.0,1,1,1,1,4547.0
U02525,S02525,2026-01-04,Desktop,Facebook,Electronics,1833.0,1,0,0,0,0.0
U04906,S04906,2026-01-04,Mobile,Google,Beauty,3663.0,1,1,1,1,3663.0
U03671,S03671,2026-01-04,Mobile,Direct,Clothing,2219.0,1,0,0,0,0.0
U10534,S10534,2026-01-04,Desktop,Google,Home,6814.0,1,0,0,0,0.0
U03863,S03863,2026-01-04,Desktop,Instagram,Shoes,977.0,1,0,0,0,0.0
U02682,S02682,2026-01-04,Desktop,Direct,Clothing,3345.0,1,1,1,1,3345.0
U00370,S00370,2026-01-04,Desktop,Google,Shoes,7658.0,1,0,0,0,0.0
U10513,S10513,2026-01-04,Mobile,Instagram,Clothing,4987.0,1,1,1,0,0.0
U07633,S07633,2026-01-04,Desktop,Instagram,Electronics,1980.0,1,0,0,0,0.0
U04838,S04838,2026-01-04,Mobile,Instagram,Electronics,2997.0,1,0,0,0,0.0
U04811,S04811,2026-01-04,Mobile,Facebook,Electronics,1952.0,1,1,0,0,0.0
U11596,S11596,2026-01-04,Mobile,Google,Electronics,2516.0,1,1,0,0,0.0
U07781,S07781,2026-01-04,Desktop,Direct,Home,2039.0,1,0,0,0,0.0
U04765,S04765,2026-01-04,Mobile,Facebook,Clothing,1576.0,1,0,0,0,0.0
U09140,S09140,2026-01-04,Mobile,Facebook,Clothing,1882.0,1,0,0,0,0.0
U07066,S07066,2026-01-04,Desktop,Direct,Clothing,3842.0,1,0,0,0,0.0
U04703,S04703,2026-01-04,Mobile,Google,Clothing,987.0,1,0,0,0,0.0
U00658,S00658,2026-01-04,Mobile,Direct,Beauty,2141.0,1,0,0,0,0.0
U05771,S05771,2026-01-04,Desktop,Facebook,Beauty,1915.0,1,0,0,0,0.0
U07849,S07849,2026-01-04,Mobile,Direct,Home,905.0,1,0,0,0,0.0
U05292,S05292,2026-01-04,Mobile,Google,Electronics,1460.0,1,0,0,0,0.0
U09889,S09889,2026-01-04,Mobile,Instagram,Shoes,783.0,1,1,1,1,783.0
U10876,S10876,2026-01-04,Mobile,Direct,Clothing,2076.0,1,0,0,0,0.0
U00626,S00626,2026-01-04,Mobile,Email,Electronics,1390.0,1,0,0,0,0.0
U06072,S06072,2026-01-04,Mobile,Facebook,Electronics,5695.0,1,1,0,0,0.0
U09250,S09250,2026-01-04,Desktop,Direct,Home,1608.0,1,0,0,0,0.0
U10556,S10556,2026-01-04,Desktop,Google,Electronics,1790.0,1,0,0,0,0.0
U09301,S09301,2026-01-04,Desktop,Google,Home,2485.0,1,1,0,0,0.0
U00503,S00503,2026-01-04,Tablet,Google,Home,4042.0,1,0,0,0,0.0
U07973,S07973,2026-01-04,Mobile,Facebook,Beauty,907.0,1,0,0,0,0.0
U09845,S09845,2026-01-04,Mobile,Direct,Shoes,528.0,1,1,1,1,528.0
U07159,S07159,2026-01-04,Mobile,Google,Clothing,3291.0,1,1,0,0,0.0
U06729,S06729,2026-01-05,Desktop,Instagram,Clothing,10801.0,1,0,0,0,0.0
U03704,S03704,2026-01-05,Desktop,Direct,Clothing,2805.0,1,0,0,0,0.0
U07080,S07080,2026-01-05,Tablet,Instagram,Clothing,1184.0,1,0,0,0,0.0
U08030,S08030,2026-01-05,Mobile,Google,Clothing,1779.0,1,1,1,1,1779.0
U09828,S09828,2026-01-05,Mobile,Google,Beauty,1209.0,1,1,1,1,1209.0
U11806,S11806,2026-01-05,Desktop,Instagram,Home,15507.0,1,0,0,0,0.0
U11919,S11919,2026-01-05,Tablet,Google,Electronics,3005.0,1,0,0,0,0.0
U09846,S09846,2026-01-05,Mobile,Direct,Shoes,761.0,1,0,0,0,0.0
U11820,S11820,2026-01-05,Mobile,Direct,Shoes,1695.0,1,0,0,0,0.0
U08254,S08254,2026-01-05,Desktop,Google,Shoes,12175.0,1,1,1,1,12175.0
U02293,S02293,2026-01-05,Mobile,Email,Electronics,5792.0,1,0,0,0,0.0
U02919,S02919,2026-01-05,Mobile,Direct,Beauty,14001.0,1,0,0,0,0.0
U11375,S11375,2026-01-05,Mobile,Instagram,Electronics,930.0,1,0,0,0,0.0
U08469,S08469,2026-01-05,Mobile,Facebook,Electronics,3075.0,1,0,0,0,0.0
U08287,S08287,2026-01-05,Mobile,Direct,Electronics,5584.0,1,0,0,0,0.0
U06663,S06663,2026-01-05,Mobile,Instagram,Home,6579.0,1,0,0,0,0.0
U07792,S07792,2026-01-05,Mobile,Email,Clothing,3410.0,1,0,0,0,0.0
U02188,S02188,2026-01-05,Mobile,Instagram,Electronics,1499.0,1,0,0,0,0.0
U02653,S02653,2026-01-05,Desktop,Instagram,Home,524.0,1,1,1,1,524.0
U11421,S11421,2026-01-05,Desktop,Google,Beauty,3590.0,1,1,1,1,3590.0
U10381,S10381,2026-01-05,Desktop,Instagram,Electronics,2365.0,1,1,1,1,2365.0
U00240,S00240,2026-01-05,Mobile,Direct,Clothing,3997.0,1,0,0,0,0.0
U08732,S08732,2026-01-05,Mobile,Google,Shoes,2010.0,1,1,1,0,0.0
U08739,S08739,2026-01-05,Desktop,Direct,Home,2243.0,1,1,0,0,0.0
U01416,S01416,2026-01-05,Desktop,Google,Beauty,1087.0,1,0,0,0,0.0
U02526,S02526,2026-01-05,Mobile,Email,Clothing,2608.0,1,0,0,0,0.0
U01136,S01136,2026-01-05,Mobile,Facebook,Shoes,1964.0,1,1,1,1,1964.0
U09313,S09313,2026-01-05,Mobile,Direct,Home,2630.0,1,0,0,0,0.0
U03385,S03385,2026-01-05,Mobile,Google,Home,479.0,1,0,0,0,0.0
U05730,S05730,2026-01-05,Mobile,Instagram,Clothing,4607.0,1,0,0,0,0.0
U05745,S05745,2026-01-05,Desktop,Instagram,Clothing,4486.0,1,0,0,0,0.0
U02598,S02598,2026-01-05,Mobile,Google,Clothing,802.0,1,1,0,0,0.0
U05785,S05785,2026-01-05,Mobile,Instagram,Beauty,1396.0,1,0,0,0,0.0
U01312,S01312,2026-01-05,Tablet,Direct,Shoes,5671.0,1,1,1,1,5671.0
U07678,S07678,2026-01-05,Tablet,Email,Beauty,2764.0,1,0,0,0,0.0
U02625,S02625,2026-01-05,Mobile,Facebook,Clothing,945.0,1,0,0,0,0.0
U09094,S09094,2026-01-05,Mobile,Direct,Home,17220.0,1,0,0,0,0.0
U02637,S02637,2026-01-05,Mobile,Direct,Beauty,4483.0,1,1,0,0,0.0
U02647,S02647,2026-01-05,Desktop,Google,Electronics,8388.0,1,0,0,0,0.0
U01084,S01084,2026-01-05,Desktop,Email,Beauty,4578.0,1,0,0,0,0.0
U02443,S02443,2026-01-05,Mobile,Google,Beauty,4013.0,1,0,0,0,0.0
U05572,S05572,2026-01-05,Mobile,Google,Shoes,15503.0,1,1,1,1,15503.0
U01488,S01488,2026-01-05,Mobile,Google,Electronics,8520.0,1,0,0,0,0.0
U08665,S08665,2026-01-05,Mobile,Facebook,Home,2661.0,1,1,1,1,2661.0
U06459,S06459,2026-01-05,Mobile,Direct,Electronics,2529.0,1,1,0,0,0.0
U08557,S08557,2026-01-05,Desktop,Google,Clothing,3364.0,1,0,0,0,0.0
U05348,S05348,2026-01-05,Desktop,Instagram,Clothing,2698.0,1,0,0,0,0.0
U00111,S00111,2026-01-05,Mobile,Instagram,Clothing,733.0,1,0,0,0,0.0
U11432,S11432,2026-01-05,Mobile,Google,Clothing,18824.0,1,0,0,0,0.0
U11444,S11444,2026-01-05,Mobile,Google,Beauty,925.0,1,0,0,0,0.0
U02687,S02687,2026-01-06,Mobile,Google,Shoes,1361.0,1,0,0,0,0.0
U04914,S04914,2026-01-06,Tablet,Direct,Electronics,3258.0,1,1,1,0,0.0
U09695,S09695,2026-01-06,Mobile,Instagram,Electronics,6102.0,1,1,0,0,0.0
U02581,S02581,2026-01-06,Mobile,Direct,Home,1029.0,1,0,0,0,0.0
U06043,S06043,2026-01-06,Desktop,Email,Electronics,3769.0,1,0,0,0,0.0
U06976,S06976,2026-01-06,Mobile,Google,Shoes,3025.0,1,0,0,0,0.0
U06600,S06600,2026-01-06,Mobile,Instagram,Home,2952.0,1,1,0,0,0.0
U00028,S00028,2026-01-06,Mobile,Instagram,Shoes,712.0,1,0,0,0,0.0
U10174,S10174,2026-01-06,Mobile,Google,Electronics,5395.0,1,0,0,0,0.0
U03054,S03054,2026-01-06,Desktop,Email,Beauty,5218.0,1,1,1,1,5218.0
U03930,S03930,2026-01-06,Desktop,Google,Shoes,2188.0,1,1,1,0,0.0
U11207,S11207,2026-01-06,Mobile,Instagram,Electronics,3505.0,1,0,0,0,0.0
U07600,S07600,2026-01-06,Mobile,Instagram,Home,4294.0,1,1,0,0,0.0
U06023,S06023,2026-01-06,Mobile,Google,Electronics,1151.0,1,0,0,0,0.0
U02597,S02597,2026-01-06,Mobile,Google,Beauty,1850.0,1,0,0,0,0.0
U09688,S09688,2026-01-06,Desktop,Direct,Beauty,3379.0,1,1,1,1,3379.0
U04305,S04305,2026-01-06,Mobile,Direct,Shoes,3016.0,1,0,0,0,0.0
U01866,S01866,2026-01-06,Desktop,Google,Home,1216.0,1,0,0,0,0.0
U09099,S09099,2026-01-06,Mobile,Facebook,Beauty,847.0,1,1,0,0,0.0
U10091,S10091,2026-01-06,Desktop,Email,Beauty,3635.0,1,1,1,1,3635.0
U02654,S02654,2026-01-06,Desktop,Email,Electronics,631.0,1,0,0,0,0.0
U11631,S11631,2026-01-06,Desktop,Instagram,Home,1286.0,1,1,1,0,0.0
U04717,S04717,2026-01-06,Mobile,Instagram,Clothing,3948.0,1,0,0,0,0.0
U07774,S07774,2026-01-06,Tablet,Email,Shoes,2181.0,1,1,1,1,2181.0
U00486,S00486,2026-01-06,Mobile,Email,Clothing,551.0,1,1,1,0,0.0
U09129,S09129,2026-01-06,Mobile,Instagram,Electronics,785.0,1,1,1,1,785.0
U09555,S09555,2026-01-06,Mobile,Google,Home,8337.0,1,1,1,1,8337.0
U01939,S01939,2026-01-06,Mobile,Direct,Home,3972.0,1,0,0,0,0.0
U09083,S09083,2026-01-06,Mobile,Google,Home,1636.0,1,1,0,0,0.0
U01280,S01280,2026-01-06,Mobile,Email,Beauty,3718.0,1,0,0,0,0.0
U07029,S07029,2026-01-06,Mobile,Google,Electronics,5087.0,1,0,0,0,0.0
U05793,S05793,2026-01-06,Mobile,Google,Shoes,3153.0,1,1,0,0,0.0
U05278,S05278,2026-01-06,Desktop,Instagram,Clothing,4483.0,1,0,0,0,0.0
U00854,S00854,2026-01-06,Desktop,Google,Clothing,2388.0,1,0,0,0,0.0
U06602,S06602,2026-01-06,Mobile,Google,Beauty,6667.0,1,1,1,1,6667.0
U08315,S08315,2026-01-06,Mobile,Facebook,Shoes,3998.0,1,1,1,0,0.0
U00407,S00407,2026-01-06,Mobile,Instagram,Clothing,5184.0,1,1,1,1,5184.0
U03259,S03259,2026-01-06,Mobile,Google,Beauty,3322.0,1,0,0,0,0.0
U10252,S10252,2026-01-06,Tablet,Direct,Electronics,4702.0,1,0,0,0,0.0
U05538,S05538,2026-01-06,Mobile,Google,Electronics,2031.0,1,1,1,0,0.0
U01984,S01984,2026-01-06,Mobile,Direct,Shoes,25915.0,1,0,0,0,0.0
U02954,S02954,2026-01-06,Desktop,Instagram,Electronics,1539.0,1,0,0,0,0.0
U02065,S02065,2026-01-06,Mobile,Instagram,Clothing,857.0,1,0,0,0,0.0
U00122,S00122,2026-01-06,Desktop,Direct,Electronics,1539.0,1,0,0,0,0.0
U02472,S02472,2026-01-06,Desktop,Google,Home,820.0,1,1,0,0,0.0
U06694,S06694,2026-01-06,Desktop,Instagram,Electronics,6080.0,1,0,0,0,0.0
U05507,S05507,2026-01-06,Mobile,Email,Clothing,12987.0,1,0,0,0,0.0
U00747,S00747,2026-01-06,Mobile,Direct,Electronics,2466.0,1,0,0,0,0.0
U05134,S05134,2026-01-06,Mobile,Google,Beauty,3466.0,1,0,0,0,0.0
U10265,S10265,2026-01-06,Mobile,Direct,Electronics,2827.0,1,1,0,0,0.0
U11838,S11838,2026-01-06,Tablet,Direct,Clothing,492.0,1,1,0,0,0.0
U07115,S07115,2026-01-06,Desktop,Google,Home,6087.0,1,0,0,0,0.0
U01074,S01074,2026-01-06,Tablet,Google,Shoes,2188.0,1,0,0,0,0.0
U00980,S00980,2026-01-06,Mobile,Direct,Beauty,1921.0,1,1,1,0,0.0
U08648,S08648,2026-01-06,Mobile,Direct,Home,1920.0,1,1,0,0,0.0
U06341,S06341,2026-01-06,Desktop,Instagram,Home,15961.0,1,1,1,1,15961.0
U00752,S00752,2026-01-06,Mobile,Google,Electronics,5143.0,1,0,0,0,0.0
U07414,S07414,2026-01-06,Mobile,Instagram,Electronics,6874.0,1,0,0,0,0.0
U11893,S11893,2026-01-06,Mobile,Instagram,Shoes,1783.0,1,1,0,0,0.0
U06122,S06122,2026-01-06,Mobile,Google,Home,3190.0,1,1,1,1,3190.0
U06886,S06886,2026-01-06,Tablet,Direct,Shoes,1085.0,1,1,1,1,1085.0
U08034,S08034,2026-01-06,Mobile,Google,Clothing,4018.0,1,1,0,0,0.0
U11516,S11516,2026-01-06,Mobile,Google,Shoes,1328.0,1,0,0,0,0.0
U07397,S07397,2026-01-06,Mobile,Instagram,Shoes,1546.0,1,0,0,0,0.0
U08051,S08051,2026-01-06,Mobile,Google,Home,1172.0,1,1,1,1,1172.0
U03529,S03529,2026-01-06,Desktop,Instagram,Electronics,20678.0,1,0,0,0,0.0
U10828,S10828,2026-01-06,Mobile,Google,Shoes,9453.0,1,1,0,0,0.0
U08510,S08510,2026-01-06,Desktop,Instagram,Clothing,3170.0,1,0,0,0,0.0
U10105,S10105,2026-01-06,Desktop,Google,Shoes,8928.0,1,1,0,0,0.0
U09825,S09825,2026-01-06,Mobile,Google,Shoes,3022.0,1,1,0,0,0.0
U02972,S02972,2026-01-06,Desktop,Direct,Beauty,4584.0,1,1,1,1,4584.0
U04124,S04124,2026-01-06,Mobile,Google,Shoes,1813.0,1,1,1,1,1813.0
U11462,S11462,2026-01-06,Mobile,Facebook,Electronics,1720.0,1,0,0,0,0.0
U02838,S02838,2026-01-06,Mobile,Instagram,Home,1369.0,1,0,0,0,0.0
U02614,S02614,2026-01-06,Desktop,Google,Electronics,2715.0,1,1,1,1,2715.0
U07550,S07550,2026-01-07,Mobile,Google,Clothing,4018.0,1,0,0,0,0.0
U03307,S03307,2026-01-07,Mobile,Instagram,Shoes,5883.0,1,0,0,0,0.0
U01345,S01345,2026-01-07,Tablet,Google,Shoes,1095.0,1,0,0,0,0.0
U07817,S07817,2026-01-07,Mobile,Google,Electronics,5830.0,1,1,0,0,0.0
U01173,S01173,2026-01-07,Mobile,Direct,Shoes,16164.0,1,0,0,0,0.0
U03426,S03426,2026-01-07,Mobile,Instagram,Clothing,1216.0,1,1,0,0,0.0
U10374,S10374,2026-01-07,Mobile,Google,Home,5478.0,1,1,0,0,0.0
U03904,S03904,2026-01-07,Mobile,Facebook,Home,5497.0,1,1,1,1,5497.0
U09505,S09505,2026-01-07,Mobile,Instagram,Beauty,514.0,1,1,0,0,0.0
U10300,S10300,2026-01-07,Tablet,Instagram,Electronics,2301.0,1,1,1,1,2301.0
U00735,S00735,2026-01-07,Mobile,Direct,Clothing,3014.0,1,1,0,0,0.0
U09687,S09687,2026-01-07,Desktop,Direct,Beauty,3982.0,1,0,0,0,0.0
U03442,S03442,2026-01-07,Mobile,Facebook,Shoes,7048.0,1,1,1,0,0.0
U09753,S09753,2026-01-07,Mobile,Facebook,Beauty,6744.0,1,1,1,0,0.0
U00959,S00959,2026-01-07,Mobile,Facebook,Shoes,3810.0,1,0,0,0,0.0
U03882,S03882,2026-01-07,Desktop,Instagram,Clothing,822.0,1,1,1,0,0.0
U10206,S10206,2026-01-07,Mobile,Direct,Clothing,9116.0,1,0,0,0,0.0
U00924,S00924,2026-01-07,Mobile,Google,Electronics,1667.0,1,1,1,0,0.0
U10165,S10165,2026-01-07,Mobile,Google,Home,5240.0,1,0,0,0,0.0
U09212,S09212,2026-01-07,Mobile,Google,Shoes,1462.0,1,0,0,0,0.0
U03948,S03948,2026-01-07,Mobile,Google,Clothing,7575.0,1,1,0,0,0.0
U01251,S01251,2026-01-07,Mobile,Direct,Home,833.0,1,0,0,0,0.0
U09035,S09035,2026-01-07,Mobile,Email,Electronics,4699.0,1,0,0,0,0.0
U10833,S10833,2026-01-07,Mobile,Google,Electronics,3159.0,1,1,0,0,0.0
U08129,S08129,2026-01-07,Mobile,Google,Shoes,11676.0,1,0,0,0,0.0
U08231,S08231,2026-01-07,Mobile,Google,Electronics,2243.0,1,0,0,0,0.0
U00538,S00538,2026-01-07,Mobile,Email,Clothing,2787.0,1,1,1,1,2787.0
U01583,S01583,2026-01-07,Mobile,Email,Shoes,4673.0,1,0,0,0,0.0
U10762,S10762,2026-01-07,Desktop,Facebook,Shoes,1314.0,1,1,1,1,1314.0
U01557,S01557,2026-01-07,Tablet,Instagram,Beauty,1592.0,1,0,0,0,0.0
U00485,S00485,2026-01-07,Mobile,Email,Clothing,3613.0,1,1,1,1,3613.0
U08577,S08577,2026-01-07,Mobile,Google,Electronics,1230.0,1,0,0,0,0.0
U10657,S10657,2026-01-07,Desktop,Google,Clothing,4948.0,1,0,0,0,0.0
U08699,S08699,2026-01-07,Mobile,Facebook,Beauty,1114.0,1,0,0,0,0.0
U08768,S08768,2026-01-07,Tablet,Google,Beauty,1016.0,1,0,0,0,0.0
U08776,S08776,2026-01-07,Mobile,Facebook,Beauty,2778.0,1,0,0,0,0.0
U01363,S01363,2026-01-07,Mobile,Google,Electronics,330.0,1,0,0,0,0.0
U08920,S08920,2026-01-07,Desktop,Instagram,Beauty,994.0,1,0,0,0,0.0
U04022,S04022,2026-01-07,Mobile,Direct,Shoes,1646.0,1,0,0,0,0.0
U01465,S01465,2026-01-07,Desktop,Direct,Electronics,1692.0,1,0,0,0,0.0
U02004,S02004,2026-01-07,Desktop,Google,Beauty,6086.0,1,0,0,0,0.0
U04677,S04677,2026-01-07,Mobile,Direct,Home,4310.0,1,0,0,0,0.0
U11525,S11525,2026-01-07,Desktop,Facebook,Beauty,1182.0,1,0,0,0,0.0
U05228,S05228,2026-01-07,Mobile,Email,Clothing,1680.0,1,1,1,0,0.0
U02156,S02156,2026-01-07,Desktop,Direct,Shoes,1916.0,1,1,0,0,0.0
U05291,S05291,2026-01-07,Mobile,Email,Clothing,2597.0,1,0,0,0,0.0
U05407,S05407,2026-01-07,Mobile,Google,Home,2368.0,1,0,0,0,0.0
U05450,S05450,2026-01-07,Mobile,Instagram,Beauty,5529.0,1,0,0,0,0.0
U06516,S06516,2026-01-07,Mobile,Direct,Shoes,1121.0,1,0,0,0,0.0
U03638,S03638,2026-01-07,Mobile,Google,Electronics,1320.0,1,0,0,0,0.0
U03695,S03695,2026-01-07,Desktop,Facebook,Shoes,6934.0,1,1,0,0,0.0
U11453,S11453,2026-01-07,Mobile,Google,Clothing,1614.0,1,1,1,0,0.0
U06410,S06410,2026-01-07,Mobile,Email,Electronics,724.0,1,1,1,0,0.0
U05821,S05821,2026-01-07,Desktop,Direct,Electronics,1691.0,1,1,1,1,1691.0
U11633,S11633,2026-01-07,Mobile,Facebook,Electronics,541.0,1,0,0,0,0.0
U02488,S02488,2026-01-07,Desktop,Direct,Beauty,1488.0,1,0,0,0,0.0
U04439,S04439,2026-01-07,Mobile,Instagram,Home,1855.0,1,1,1,1,1855.0
U02517,S02517,2026-01-07,Mobile,Email,Home,1431.0,1,0,0,0,0.0
U11189,S11189,2026-01-07,Mobile,Email,Clothing,3291.0,1,1,0,0,0.0
U05919,S05919,2026-01-07,Desktop,Email,Shoes,516.0,1,0,0,0,0.0
U02915,S02915,2026-01-07,Mobile,Google,Home,999.0,1,1,0,0,0.0
U04275,S04275,2026-01-07,Mobile,Google,Beauty,2652.0,1,1,1,1,2652.0
U02364,S02364,2026-01-07,Desktop,Email,Clothing,898.0,1,1,0,0,0.0
U00059,S00059,2026-01-07,Mobile,Instagram,Clothing,5532.0,1,0,0,0,0.0
U06727,S06727,2026-01-07,Mobile,Direct,Clothing,1630.0,1,1,1,0,0.0
U07330,S07330,2026-01-07,Mobile,Facebook,Shoes,5802.0,1,1,0,0,0.0
U04712,S04712,2026-01-07,Mobile,Instagram,Electronics,2560.0,1,0,0,0,0.0
U02282,S02282,2026-01-07,Mobile,Google,Electronics,1875.0,1,1,1,1,1875.0
U04835,S04835,2026-01-07,Mobile,Direct,Home,388.0,1,0,0,0,0.0
U03055,S03055,2026-01-07,Mobile,Direct,Clothing,4974.0,1,0,0,0,0.0
U03035,S03035,2026-01-07,Tablet,Direct,Clothing,3551.0,1,1,1,0,0.0
U03569,S03569,2026-01-07,Desktop,Instagram,Clothing,2366.0,1,1,0,0,0.0
U04928,S04928,2026-01-07,Mobile,Google,Beauty,2090.0,1,1,0,0,0.0
U11074,S11074,2026-01-07,Mobile,Instagram,Clothing,7559.0,1,0,0,0,0.0
U11923,S11923,2026-01-07,Desktop,Instagram,Shoes,994.0,1,0,0,0,0.0
U02549,S02549,2026-01-07,Mobile,Google,Clothing,9939.0,1,1,0,0,0.0
U02316,S02316,2026-01-07,Mobile,Google,Beauty,1613.0,1,1,0,0,0.0
U02343,S02343,2026-01-07,Desktop,Instagram,Clothing,1535.0,1,1,1,0,0.0
U00294,S00294,2026-01-07,Mobile,Email,Clothing,9295.0,1,0,0,0,0.0
U00346,S00346,2026-01-07,Desktop,Instagram,Clothing,8822.0,1,1,1,0,0.0
U06887,S06887,2026-01-07,Mobile,Email,Home,845.0,1,0,0,0,0.0
U07226,S07226,2026-01-07,Mobile,Email,Clothing,627.0,1,0,0,0,0.0
U06136,S06136,2026-01-08,Mobile,Google,Clothing,2804.0,1,0,0,0,0.0
U00293,S00293,2026-01-08,Tablet,Google,Clothing,918.0,1,1,0,0,0.0
U10605,S10605,2026-01-08,Mobile,Google,Electronics,1107.0,1,0,0,0,0.0
U06565,S06565,2026-01-08,Mobile,Email,Shoes,2392.0,1,1,1,0,0.0
U02498,S02498,2026-01-08,Mobile,Google,Home,1412.0,1,1,1,1,1412.0
U02301,S02301,2026-01-08,Tablet,Facebook,Shoes,3296.0,1,1,0,0,0.0
U08615,S08615,2026-01-08,Mobile,Instagram,Clothing,2726.0,1,1,1,0,0.0
U10720,S10720,2026-01-08,Mobile,Instagram,Electronics,1960.0,1,0,0,0,0.0
U08612,S08612,2026-01-08,Desktop,Direct,Shoes,7857.0,1,1,1,0,0.0
U02292,S02292,2026-01-08,Desktop,Instagram,Clothing,4458.0,1,0,0,0,0.0
U10683,S10683,2026-01-08,Desktop,Instagram,Electronics,1200.0,1,0,0,0,0.0
U08512,S08512,2026-01-08,Mobile,Google,Home,300.0,1,0,0,0,0.0
U06522,S06522,2026-01-08,Mobile,Google,Beauty,1725.0,1,0,0,0,0.0
U06358,S06358,2026-01-08,Tablet,Google,Electronics,911.0,1,0,0,0,0.0
U11624,S11624,2026-01-08,Desktop,Instagram,Home,2135.0,1,1,1,1,2135.0
U00209,S00209,2026-01-08,Mobile,Instagram,Clothing,2480.0,1,1,1,1,2480.0
U04709,S04709,2026-01-08,Mobile,Email,Electronics,1556.0,1,1,1,1,1556.0
U04784,S04784,2026-01-08,Mobile,Google,Clothing,3372.0,1,0,0,0,0.0
U00897,S00897,2026-01-08,Mobile,Google,Electronics,1723.0,1,0,0,0,0.0
U04932,S04932,2026-01-08,Desktop,Google,Home,356.0,1,1,1,1,356.0
U04950,S04950,2026-01-08,Desktop,Google,Beauty,3022.0,1,0,0,0,0.0
U04591,S04591,2026-01-08,Mobile,Facebook,Shoes,2046.0,1,0,0,0,0.0
U09806,S09806,2026-01-08,Desktop,Direct,Electronics,2861.0,1,1,1,1,2861.0
U00763,S00763,2026-01-08,Mobile,Instagram,Electronics,1444.0,1,0,0,0,0.0
U03814,S03814,2026-01-08,Mobile,Facebook,Clothing,710.0,1,0,0,0,0.0
U00978,S00978,2026-01-08,Mobile,Instagram,Electronics,8076.0,1,0,0,0,0.0
U05147,S05147,2026-01-08,Desktop,Direct,Clothing,3403.0,1,0,0,0,0.0
U02885,S02885,2026-01-08,Mobile,Direct,Clothing,1678.0,1,1,1,0,0.0
U03196,S03196,2026-01-08,Mobile,Direct,Home,2889.0,1,1,1,1,2889.0
U06026,S06026,2026-01-08,Desktop,Facebook,Home,1120.0,1,1,1,1,1120.0
U03434,S03434,2026-01-08,Mobile,Direct,Home,1257.0,1,1,0,0,0.0
U03429,S03429,2026-01-08,Tablet,Google,Beauty,2017.0,1,0,0,0,0.0
U09396,S09396,2026-01-08,Desktop,Google,Electronics,1162.0,1,0,0,0,0.0
U03645,S03645,2026-01-08,Mobile,Direct,Beauty,300.0,1,0,0,0,0.0
U01144,S01144,2026-01-08,Desktop,Direct,Shoes,1270.0,1,1,0,0,0.0
U02730,S02730,2026-01-08,Desktop,Instagram,Clothing,9759.0,1,1,1,1,9759.0
U00155,S00155,2026-01-08,Mobile,Direct,Clothing,365.0,1,0,0,0,0.0
U11312,S11312,2026-01-08,Mobile,Direct,Shoes,15225.0,1,1,0,0,0.0
U09109,S09109,2026-01-08,Desktop,Instagram,Shoes,2546.0,1,0,0,0,0.0
U02645,S02645,2026-01-08,Mobile,Google,Home,607.0,1,0,0,0,0.0
U05894,S05894,2026-01-08,Desktop,Google,Beauty,3357.0,1,0,0,0,0.0
U05899,S05899,2026-01-08,Mobile,Direct,Shoes,2249.0,1,0,0,0,0.0
U05904,S05904,2026-01-08,Desktop,Google,Clothing,6172.0,1,1,1,0,0.0
U05918,S05918,2026-01-08,Desktop,Instagram,Electronics,4530.0,1,0,0,0,0.0
U05464,S05464,2026-01-08,Desktop,Google,Electronics,16012.0,1,1,1,1,16012.0
U01669,S01669,2026-01-08,Mobile,Email,Home,2843.0,1,1,1,1,2843.0
U07375,S07375,2026-01-08,Mobile,Instagram,Clothing,1503.0,1,0,0,0,0.0
U11117,S11117,2026-01-08,Mobile,Direct,Electronics,1907.0,1,1,0,0,0.0
U01911,S01911,2026-01-08,Mobile,Direct,Beauty,5384.0,1,0,0,0,0.0
U00518,S00518,2026-01-08,Desktop,Instagram,Shoes,869.0,1,0,0,0,0.0
U06962,S06962,2026-01-08,Mobile,Google,Electronics,1278.0,1,0,0,0,0.0
U11254,S11254,2026-01-08,Mobile,Email,Clothing,5176.0,1,1,1,0,0.0
U07897,S07897,2026-01-08,Mobile,Direct,Clothing,2565.0,1,0,0,0,0.0
U07169,S07169,2026-01-08,Mobile,Direct,Home,685.0,1,0,0,0,0.0
U07315,S07315,2026-01-08,Mobile,Instagram,Shoes,1711.0,1,0,0,0,0.0
U07322,S07322,2026-01-08,Mobile,Instagram,Beauty,300.0,1,0,0,0,0.0
U11271,S11271,2026-01-08,Mobile,Google,Electronics,2136.0,1,0,0,0,0.0
U06977,S06977,2026-01-08,Desktop,Google,Electronics,2318.0,1,1,0,0,0.0
U06988,S06988,2026-01-08,Mobile,Instagram,Shoes,2222.0,1,1,1,0,0.0
U01712,S01712,2026-01-08,Mobile,Email,Electronics,1069.0,1,0,0,0,0.0
U11200,S11200,2026-01-08,Mobile,Google,Beauty,5017.0,1,0,0,0,0.0
U02144,S02144,2026-01-08,Desktop,Direct,Clothing,1924.0,1,1,1,1,1924.0
U02145,S02145,2026-01-08,Mobile,Email,Electronics,300.0,1,0,0,0,0.0
U07586,S07586,2026-01-08,Mobile,Email,Electronics,522.0,1,1,1,0,0.0
U05074,S05074,2026-01-09,Mobile,Google,Electronics,2038.0,1,1,0,0,0.0
U06308,S06308,2026-01-09,Desktop,Google,Beauty,1119.0,1,0,0,0,0.0
U05103,S05103,2026-01-09,Mobile,Direct,Shoes,2317.0,1,0,0,0,0.0
U06347,S06347,2026-01-09,Tablet,Email,Beauty,1868.0,1,1,0,0,0.0
U07209,S07209,2026-01-09,Mobile,Google,Electronics,1574.0,1,0,0,0,0.0
U01468,S01468,2026-01-09,Mobile,Direct,Beauty,1152.0,1,0,0,0,0.0
U01841,S01841,2026-01-09,Mobile,Google,Shoes,3138.0,1,1,1,1,3138.0
U06029,S06029,2026-01-09,Tablet,Email,Clothing,6956.0,1,1,0,0,0.0
U04303,S04303,2026-01-09,Tablet,Instagram,Clothing,617.0,1,1,0,0,0.0
U05911,S05911,2026-01-09,Tablet,Direct,Electronics,7374.0,1,1,1,1,7374.0
U09747,S09747,2026-01-09,Desktop,Instagram,Home,6812.0,1,0,0,0,0.0
U03451,S03451,2026-01-09,Desktop,Instagram,Beauty,1399.0,1,1,1,0,0.0
U00264,S00264,2026-01-09,Mobile,Google,Clothing,8524.0,1,0,0,0,0.0
U03549,S03549,2026-01-09,Mobile,Direct,Clothing,4247.0,1,1,0,0,0.0
U07947,S07947,2026-01-09,Tablet,Direct,Shoes,1796.0,1,0,0,0,0.0
U03278,S03278,2026-01-09,Mobile,Direct,Electronics,562.0,1,1,0,0,0.0
U00247,S00247,2026-01-09,Mobile,Instagram,Shoes,3044.0,1,1,0,0,0.0
U02054,S02054,2026-01-09,Desktop,Direct,Electronics,2641.0,1,1,0,0,0.0
U05401,S05401,2026-01-09,Desktop,Direct,Electronics,1492.0,1,0,0,0,0.0
U00177,S00177,2026-01-09,Mobile,Instagram,Electronics,1871.0,1,0,0,0,0.0
U05891,S05891,2026-01-09,Tablet,Google,Beauty,1210.0,1,1,0,0,0.0
U01809,S01809,2026-01-09,Mobile,Email,Shoes,6158.0,1,1,1,1,6158.0
U09826,S09826,2026-01-09,Mobile,Google,Clothing,3038.0,1,1,1,1,3038.0
U03000,S03000,2026-01-09,Mobile,Direct,Home,719.0,1,0,0,0,0.0
U10197,S10197,2026-01-09,Mobile,Email,Electronics,728.0,1,0,0,0,0.0
U10505,S10505,2026-01-09,Desktop,Instagram,Home,410.0,1,1,0,0,0.0
U08775,S08775,2026-01-09,Desktop,Direct,Shoes,405.0,1,0,0,0,0.0
U00773,S00773,2026-01-09,Mobile,Direct,Electronics,16162.0,1,0,0,0,0.0
U01266,S01266,2026-01-09,Desktop,Instagram,Beauty,6509.0,1,0,0,0,0.0
U00651,S00651,2026-01-09,Mobile,Google,Home,5058.0,1,0,0,0,0.0
U00184,S00184,2026-01-09,Mobile,Email,Home,4770.0,1,0,0,0,0.0
U07204,S07204,2026-01-09,Tablet,Email,Beauty,895.0,1,0,0,0,0.0
U03407,S03407,2026-01-09,Mobile,Google,Clothing,2024.0,1,0,0,0,0.0
U06114,S06114,2026-01-09,Tablet,Instagram,Shoes,1455.0,1,0,0,0,0.0
U07382,S07382,2026-01-09,Mobile,Direct,Home,9139.0,1,0,0,0,0.0
U00776,S00776,2026-01-09,Desktop,Google,Electronics,6021.0,1,1,1,1,6021.0
U07754,S07754,2026-01-09,Desktop,Facebook,Shoes,2169.0,1,1,1,1,2169.0
U11870,S11870,2026-01-09,Mobile,Email,Clothing,1381.0,1,1,1,1,1381.0
U06185,S06185,2026-01-09,Mobile,Email,Clothing,1887.0,1,1,1,0,0.0
U11505,S11505,2026-01-09,Desktop,Facebook,Clothing,1258.0,1,1,1,1,1258.0
U00461,S00461,2026-01-09,Mobile,Direct,Shoes,1855.0,1,0,0,0,0.0
U04586,S04586,2026-01-09,Desktop,Google,Shoes,4261.0,1,1,1,0,0.0
U06808,S06808,2026-01-09,Tablet,Google,Beauty,7059.0,1,0,0,0,0.0
U00553,S00553,2026-01-09,Mobile,Email,Home,5161.0,1,0,0,0,0.0
U04088,S04088,2026-01-09,Mobile,Google,Shoes,3220.0,1,0,0,0,0.0
U10299,S10299,2026-01-09,Mobile,Google,Electronics,536.0,1,0,0,0,0.0
U10765,S10765,2026-01-09,Desktop,Instagram,Clothing,3977.0,1,0,0,0,0.0
U05550,S05550,2026-01-09,Mobile,Google,Shoes,3508.0,1,0,0,0,0.0
U10839,S10839,2026-01-09,Mobile,Google,Electronics,2370.0,1,0,0,0,0.0
U09554,S09554,2026-01-09,Mobile,Google,Electronics,1692.0,1,0,0,0,0.0
U05300,S05300,2026-01-09,Mobile,Google,Home,5973.0,1,0,0,0,0.0
U09398,S09398,2026-01-09,Desktop,Google,Home,774.0,1,0,0,0,0.0
U03842,S03842,2026-01-09,Desktop,Email,Beauty,3573.0,1,0,0,0,0.0
U05362,S05362,2026-01-09,Mobile,Google,Beauty,3679.0,1,0,0,0,0.0
U11363,S11363,2026-01-09,Desktop,Direct,Clothing,3932.0,1,1,1,1,3932.0
U06881,S06881,2026-01-09,Mobile,Instagram,Clothing,2235.0,1,1,1,1,2235.0
U08036,S08036,2026-01-09,Desktop,Instagram,Clothing,3947.0,1,0,0,0,0.0
U04760,S04760,2026-01-09,Tablet,Direct,Shoes,7695.0,1,1,1,1,7695.0
U01133,S01133,2026-01-09,Mobile,Instagram,Clothing,580.0,1,0,0,0,0.0
U10313,S10313,2026-01-09,Mobile,Email,Shoes,1381.0,1,1,1,0,0.0
U08395,S08395,2026-01-09,Mobile,Facebook,Home,1696.0,1,0,0,0,0.0
U11124,S11124,2026-01-09,Mobile,Direct,Clothing,8448.0,1,0,0,0,0.0
U05729,S05729,2026-01-09,Desktop,Facebook,Shoes,1760.0,1,0,0,0,0.0
U00115,S00115,2026-01-09,Mobile,Email,Electronics,3755.0,1,1,0,0,0.0
U09678,S09678,2026-01-09,Desktop,Google,Clothing,2042.0,1,1,0,0,0.0
U08475,S08475,2026-01-09,Mobile,Direct,Beauty,452.0,1,1,0,0,0.0
U02736,S02736,2026-01-09,Mobile,Google,Beauty,2336.0,1,1,0,0,0.0
U08053,S08053,2026-01-09,Desktop,Direct,Shoes,1068.0,1,1,1,1,1068.0
U06890,S06890,2026-01-09,Desktop,Direct,Beauty,6676.0,1,0,0,0,0.0
U11136,S11136,2026-01-09,Tablet,Instagram,Clothing,2321.0,1,0,0,0,0.0
U10102,S10102,2026-01-09,Desktop,Google,Electronics,2480.0,1,1,0,0,0.0
U10404,S10404,2026-01-09,Mobile,Email,Home,3099.0,1,0,0,0,0.0
U00946,S00946,2026-01-10,Mobile,Instagram,Electronics,12484.0,1,1,1,0,0.0
U09546,S09546,2026-01-10,Mobile,Google,Home,849.0,1,0,0,0,0.0
U02143,S02143,2026-01-10,Desktop,Email,Electronics,4296.0,1,1,1,1,4296.0
U09482,S09482,2026-01-10,Mobile,Direct,Home,6059.0,1,1,1,0,0.0
U10942,S10942,2026-01-10,Tablet,Google,Electronics,1152.0,1,1,1,1,1152.0
U02840,S02840,2026-01-10,Mobile,Google,Clothing,18100.0,1,1,1,1,18100.0
U08986,S08986,2026-01-10,Desktop,Email,Clothing,1564.0,1,1,1,1,1564.0
U11741,S11741,2026-01-10,Mobile,Direct,Shoes,1354.0,1,0,0,0,0.0
U03191,S03191,2026-01-10,Mobile,Google,Electronics,2959.0,1,0,0,0,0.0
U05530,S05530,2026-01-10,Desktop,Instagram,Shoes,1390.0,1,1,1,1,1390.0
U05124,S05124,2026-01-10,Mobile,Facebook,Electronics,6957.0,1,0,0,0,0.0
U05818,S05818,2026-01-10,Mobile,Google,Shoes,2554.0,1,1,0,0,0.0
U02903,S02903,2026-01-10,Mobile,Google,Electronics,30000.0,1,0,0,0,0.0
U02727,S02727,2026-01-10,Desktop,Instagram,Shoes,2956.0,1,1,1,1,2956.0
U07738,S07738,2026-01-10,Mobile,Facebook,Clothing,1916.0,1,0,0,0,0.0
U01158,S01158,2026-01-10,Mobile,Instagram,Electronics,1081.0,1,0,0,0,0.0
U07108,S07108,2026-01-10,Mobile,Instagram,Electronics,1083.0,1,1,1,0,0.0
U07087,S07087,2026-01-10,Desktop,Email,Clothing,1211.0,1,0,0,0,0.0
U05293,S05293,2026-01-10,Desktop,Facebook,Home,1143.0,1,0,0,0,0.0
U10490,S10490,2026-01-10,Desktop,Direct,Clothing,2810.0,1,0,0,0,0.0
U07082,S07082,2026-01-10,Desktop,Google,Shoes,569.0,1,1,1,1,569.0
U09627,S09627,2026-01-10,Mobile,Instagram,Shoes,4549.0,1,1,0,0,0.0
U11847,S11847,2026-01-10,Desktop,Google,Clothing,5798.0,1,0,0,0,0.0
U09626,S09626,2026-01-10,Desktop,Instagram,Clothing,3526.0,1,0,0,0,0.0
U09413,S09413,2026-01-10,Mobile,Direct,Shoes,1291.0,1,0,0,0,0.0
U02626,S02626,2026-01-10,Mobile,Google,Electronics,18673.0,1,1,1,1,18673.0
U05999,S05999,2026-01-10,Desktop,Direct,Home,885.0,1,0,0,0,0.0
U01708,S01708,2026-01-10,Mobile,Instagram,Electronics,7258.0,1,0,0,0,0.0
U03576,S03576,2026-01-10,Mobile,Google,Beauty,13450.0,1,0,0,0,0.0
U07969,S07969,2026-01-10,Mobile,Direct,Beauty,2695.0,1,1,0,0,0.0
U07434,S07434,2026-01-10,Mobile,Google,Electronics,5749.0,1,0,0,0,0.0
U02204,S02204,2026-01-10,Mobile,Direct,Electronics,5917.0,1,1,1,1,5917.0
U04299,S04299,2026-01-10,Mobile,Google,Home,2229.0,1,0,0,0,0.0
U01737,S01737,2026-01-10,Desktop,Instagram,Shoes,6281.0,1,1,1,1,6281.0
U06908,S06908,2026-01-10,Desktop,Google,Clothing,466.0,1,1,0,0,0.0
U00889,S00889,2026-01-10,Mobile,Facebook,Clothing,968.0,1,0,0,0,0.0
U00877,S00877,2026-01-10,Mobile,Direct,Electronics,1055.0,1,0,0,0,0.0
U00283,S00283,2026-01-10,Mobile,Facebook,Beauty,950.0,1,1,1,1,950.0
U04900,S04900,2026-01-10,Desktop,Instagram,Shoes,2599.0,1,1,1,1,2599.0
U03170,S03170,2026-01-10,Mobile,Direct,Shoes,300.0,1,0,0,0,0.0
U01541,S01541,2026-01-10,Desktop,Google,Clothing,4091.0,1,1,1,0,0.0
U09959,S09959,2026-01-10,Mobile,Google,Shoes,3535.0,1,0,0,0,0.0
U10690,S10690,2026-01-10,Tablet,Direct,Shoes,1087.0,1,0,0,0,0.0
U06550,S06550,2026-01-10,Mobile,Direct,Clothing,4489.0,1,0,0,0,0.0
U03533,S03533,2026-01-10,Mobile,Google,Beauty,4503.0,1,1,0,0,0.0
U02342,S02342,2026-01-10,Mobile,Google,Home,2594.0,1,0,0,0,0.0
U06649,S06649,2026-01-10,Desktop,Google,Beauty,4396.0,1,1,1,1,4396.0
U08323,S08323,2026-01-10,Mobile,Direct,Shoes,4203.0,1,1,0,0,0.0
U10780,S10780,2026-01-10,Mobile,Direct,Electronics,1911.0,1,1,1,1,1911.0
U01719,S01719,2026-01-10,Desktop,Email,Electronics,26078.0,1,0,0,0,0.0
U00325,S00325,2026-01-10,Desktop,Instagram,Clothing,300.0,1,0,0,0,0.0
U08046,S08046,2026-01-10,Mobile,Email,Shoes,3754.0,1,0,0,0,0.0
U06762,S06762,2026-01-10,Mobile,Google,Beauty,300.0,1,1,1,1,300.0
U08064,S08064,2026-01-10,Desktop,Google,Electronics,1558.0,1,1,1,0,0.0
U06834,S06834,2026-01-10,Tablet,Instagram,Beauty,1175.0,1,0,0,0,0.0
U10104,S10104,2026-01-10,Desktop,Email,Electronics,5639.0,1,0,0,0,0.0
U00819,S00819,2026-01-10,Desktop,Google,Clothing,4635.0,1,1,0,0,0.0
U10040,S10040,2026-01-10,Mobile,Facebook,Shoes,1855.0,1,0,0,0,0.0
U06435,S06435,2026-01-10,Mobile,Direct,Clothing,1670.0,1,0,0,0,0.0
U00768,S00768,2026-01-10,Mobile,Instagram,Home,3494.0,1,0,0,0,0.0
U06968,S06968,2026-01-10,Mobile,Email,Electronics,6854.0,1,0,0,0,0.0
U08867,S08867,2026-01-10,Mobile,Google,Shoes,2660.0,1,0,0,0,0.0
U01346,S01346,2026-01-10,Mobile,Direct,Electronics,14200.0,1,0,0,0,0.0
U08855,S08855,2026-01-10,Mobile,Direct,Clothing,675.0,1,1,0,0,0.0
U02994,S02994,2026-01-10,Mobile,Instagram,Home,5934.0,1,1,1,1,5934.0
U07913,S07913,2026-01-10,Mobile,Google,Beauty,2839.0,1,0,0,0,0.0
U01407,S01407,2026-01-10,Tablet,Google,Beauty,6634.0,1,1,1,1,6634.0
U00935,S00935,2026-01-10,Desktop,Facebook,Home,300.0,1,0,0,0,0.0
U04996,S04996,2026-01-10,Mobile,Google,Shoes,3578.0,1,1,1,0,0.0
U10622,S10622,2026-01-10,Mobile,Google,Shoes,2380.0,1,1,1,1,2380.0
U01790,S01790,2026-01-10,Mobile,Email,Shoes,300.0,1,1,1,0,0.0
U03545,S03545,2026-01-10,Mobile,Direct,Electronics,1428.0,1,1,1,1,1428.0
U11076,S11076,2026-01-10,Mobile,Facebook,Beauty,4340.0,1,1,0,0,0.0
U04215,S04215,2026-01-10,Mobile,Direct,Shoes,3154.0,1,0,0,0,0.0
U01438,S01438,2026-01-10,Mobile,Google,Clothing,466.0,1,0,0,0,0.0
U02570,S02570,2026-01-10,Tablet,Facebook,Clothing,1982.0,1,0,0,0,0.0
U01769,S01769,2026-01-10,Mobile,Instagram,Home,3422.0,1,0,0,0,0.0
U08924,S08924,2026-01-10,Mobile,Instagram,Beauty,1786.0,1,0,0,0,0.0
U04921,S04921,2026-01-10,Mobile,Google,Electronics,423.0,1,0,0,0,0.0
U10549,S10549,2026-01-10,Mobile,Direct,Home,9575.0,1,1,1,1,9575.0
U11472,S11472,2026-01-10,Mobile,Google,Shoes,7507.0,1,0,0,0,0.0
U00781,S00781,2026-01-10,Mobile,Google,Shoes,833.0,1,1,1,0,0.0
U09800,S09800,2026-01-11,Mobile,Instagram,Home,2796.0,1,0,0,0,0.0
U05306,S05306,2026-01-11,Desktop,Facebook,Home,8154.0,1,1,1,1,8154.0
U05360,S05360,2026-01-11,Desktop,Direct,Home,1500.0,1,0,0,0,0.0
U10152,S10152,2026-01-11,Desktop,Direct,Clothing,3403.0,1,1,1,1,3403.0
U07399,S07399,2026-01-11,Tablet,Direct,Beauty,1589.0,1,0,0,0,0.0
U07362,S07362,2026-01-11,Desktop,Facebook,Beauty,1282.0,1,0,0,0,0.0
U10053,S10053,2026-01-11,Desktop,Instagram,Electronics,2470.0,1,0,0,0,0.0
U10323,S10323,2026-01-11,Mobile,Direct,Clothing,1386.0,1,0,0,0,0.0
U04251,S04251,2026-01-11,Mobile,Google,Clothing,2888.0,1,1,1,1,2888.0
U10011,S10011,2026-01-11,Desktop,Instagram,Electronics,21818.0,1,0,0,0,0.0
U04766,S04766,2026-01-11,Mobile,Facebook,Electronics,4329.0,1,0,0,0,0.0
U03473,S03473,2026-01-11,Mobile,Email,Beauty,1595.0,1,1,1,1,1595.0
U09784,S09784,2026-01-11,Mobile,Direct,Beauty,5047.0,1,0,0,0,0.0
U10954,S10954,2026-01-11,Desktop,Direct,Electronics,3695.0,1,0,0,0,0.0
U04239,S04239,2026-01-11,Mobile,Google,Home,6709.0,1,0,0,0,0.0
U02975,S02975,2026-01-11,Mobile,Google,Clothing,300.0,1,0,0,0,0.0
U03717,S03717,2026-01-11,Desktop,Google,Home,1124.0,1,1,1,0,0.0
U05275,S05275,2026-01-11,Mobile,Google,Clothing,2905.0,1,1,1,1,2905.0
U07279,S07279,2026-01-11,Mobile,Email,Beauty,6328.0,1,0,0,0,0.0
U00420,S00420,2026-01-11,Desktop,Google,Beauty,1686.0,1,1,0,0,0.0
U04565,S04565,2026-01-11,Mobile,Facebook,Clothing,4145.0,1,1,0,0,0.0
U00901,S00901,2026-01-11,Mobile,Google,Clothing,1442.0,1,1,1,0,0.0
U05118,S05118,2026-01-11,Desktop,Google,Electronics,1246.0,1,1,1,1,1246.0
U09740,S09740,2026-01-11,Desktop,Facebook,Clothing,1820.0,1,0,0,0,0.0
U07249,S07249,2026-01-11,Desktop,Direct,Shoes,2292.0,1,0,0,0,0.0
U00761,S00761,2026-01-11,Desktop,Direct,Electronics,622.0,1,0,0,0,0.0
U10135,S10135,2026-01-11,Mobile,Google,Shoes,9204.0,1,0,0,0,0.0
U07012,S07012,2026-01-11,Tablet,Direct,Clothing,948.0,1,0,0,0,0.0
U05816,S05816,2026-01-11,Desktop,Email,Home,4421.0,1,1,1,0,0.0
U11487,S11487,2026-01-11,Tablet,Google,Clothing,2073.0,1,0,0,0,0.0
U11259,S11259,2026-01-11,Mobile,Direct,Clothing,7230.0,1,0,0,0,0.0
U10478,S10478,2026-01-11,Mobile,Instagram,Beauty,5615.0,1,0,0,0,0.0
U05825,S05825,2026-01-11,Mobile,Email,Shoes,7917.0,1,0,0,0,0.0
U05848,S05848,2026-01-11,Mobile,Google,Clothing,834.0,1,1,0,0,0.0
U08404,S08404,2026-01-11,Desktop,Google,Clothing,3970.0,1,0,0,0,0.0
U10737,S10737,2026-01-11,Mobile,Google,Shoes,1404.0,1,0,0,0,0.0
U09020,S09020,2026-01-11,Desktop,Google,Shoes,959.0,1,0,0,0,0.0
U03521,S03521,2026-01-11,Mobile,Google,Shoes,2393.0,1,0,0,0,0.0
U06547,S06547,2026-01-11,Mobile,Google,Shoes,792.0,1,0,0,0,0.0
U06032,S06032,2026-01-11,Mobile,Facebook,Beauty,563.0,1,0,0,0,0.0
U01207,S01207,2026-01-11,Mobile,Instagram,Clothing,12983.0,1,0,0,0,0.0
U01529,S01529,2026-01-11,Mobile,Email,Electronics,5353.0,1,0,0,0,0.0
U10565,S10565,2026-01-11,Desktop,Email,Clothing,3347.0,1,0,0,0,0.0
U01355,S01355,2026-01-11,Desktop,Direct,Clothing,1362.0,1,1,1,0,0.0
U08862,S08862,2026-01-11,Mobile,Direct,Clothing,4854.0,1,1,1,1,4854.0
U08856,S08856,2026-01-11,Mobile,Instagram,Home,3188.0,1,0,0,0,0.0
U08529,S08529,2026-01-11,Desktop,Instagram,Electronics,4784.0,1,1,1,1,4784.0
U10607,S10607,2026-01-11,Mobile,Google,Clothing,1773.0,1,0,0,0,0.0
U08790,S08790,2026-01-11,Desktop,Instagram,Home,3050.0,1,0,0,0,0.0
U06503,S06503,2026-01-11,Mobile,Direct,Beauty,718.0,1,1,0,0,0.0
U10612,S10612,2026-01-11,Mobile,Google,Shoes,911.0,1,1,1,1,911.0
U06199,S06199,2026-01-11,Mobile,Direct,Clothing,964.0,1,1,1,0,0.0
U06250,S06250,2026-01-11,Mobile,Google,Shoes,1920.0,1,0,0,0,0.0
U06377,S06377,2026-01-11,Mobile,Direct,Beauty,896.0,1,0,0,0,0.0
U04371,S04371,2026-01-11,Mobile,Instagram,Beauty,3105.0,1,0,0,0,0.0
U06889,S06889,2026-01-11,Mobile,Direct,Home,2750.0,1,1,1,0,0.0
U11460,S11460,2026-01-11,Mobile,Facebook,Beauty,2818.0,1,0,0,0,0.0
U02319,S02319,2026-01-11,Mobile,Email,Electronics,2511.0,1,0,0,0,0.0
U00708,S00708,2026-01-11,Desktop,Google,Clothing,1915.0,1,1,1,0,0.0
U09463,S09463,2026-01-11,Mobile,Instagram,Electronics,5927.0,1,0,0,0,0.0
U01083,S01083,2026-01-11,Tablet,Google,Shoes,2329.0,1,0,0,0,0.0
U11133,S11133,2026-01-11,Mobile,Direct,Electronics,3455.0,1,1,0,0,0.0
U06844,S06844,2026-01-11,Mobile,Google,Clothing,1528.0,1,0,0,0,0.0
U06831,S06831,2026-01-11,Mobile,Direct,Shoes,984.0,1,1,1,1,984.0
U02788,S02788,2026-01-11,Mobile,Facebook,Clothing,2220.0,1,0,0,0,0.0
U07675,S07675,2026-01-11,Mobile,Direct,Clothing,12322.0,1,1,0,0,0.0
U05569,S05569,2026-01-11,Mobile,Google,Home,3099.0,1,0,0,0,0.0
U06603,S06603,2026-01-11,Mobile,Google,Home,2689.0,1,0,0,0,0.0
U02759,S02759,2026-01-11,Desktop,Google,Beauty,466.0,1,1,1,1,466.0
U01638,S01638,2026-01-11,Tablet,Google,Shoes,3624.0,1,1,0,0,0.0
U07086,S07086,2026-01-11,Desktop,Instagram,Clothing,867.0,1,0,0,0,0.0
U00137,S00137,2026-01-11,Tablet,Instagram,Electronics,6708.0,1,1,1,1,6708.0
U05672,S05672,2026-01-11,Desktop,Instagram,Shoes,18094.0,1,0,0,0,0.0
U09243,S09243,2026-01-11,Mobile,Google,Clothing,2941.0,1,1,0,0,0.0
U11364,S11364,2026-01-11,Mobile,Facebook,Shoes,2843.0,1,1,0,0,0.0
U04211,S04211,2026-01-11,Desktop,Direct,Clothing,5118.0,1,0,0,0,0.0
U05768,S05768,2026-01-11,Mobile,Email,Beauty,1546.0,1,0,0,0,0.0
U05756,S05756,2026-01-11,Mobile,Direct,Shoes,300.0,1,1,0,0,0.0
U08218,S08218,2026-01-11,Mobile,Direct,Shoes,6453.0,1,0,0,0,0.0
U11667,S11667,2026-01-11,Desktop,Direct,Clothing,1103.0,1,0,0,0,0.0
U01186,S01186,2026-01-11,Desktop,Google,Beauty,2736.0,1,0,0,0,0.0
U06548,S06548,2026-01-12,Mobile,Direct,Shoes,980.0,1,0,0,0,0.0
U08586,S08586,2026-01-12,Mobile,Google,Electronics,3985.0,1,0,0,0,0.0
U08582,S08582,2026-01-12,Mobile,Instagram,Shoes,3416.0,1,0,0,0,0.0
U08089,S08089,2026-01-12,Mobile,Instagram,Beauty,8810.0,1,0,0,0,0.0
U00895,S00895,2026-01-12,Desktop,Email,Clothing,4271.0,1,1,0,0,0.0
U04159,S04159,2026-01-12,Mobile,Facebook,Clothing,4133.0,1,0,0,0,0.0
U08394,S08394,2026-01-12,Desktop,Email,Clothing,4889.0,1,0,0,0,0.0
U06754,S06754,2026-01-12,Desktop,Google,Clothing,4064.0,1,0,0,0,0.0
U06871,S06871,2026-01-12,Desktop,Instagram,Clothing,27565.0,1,1,1,1,27565.0
U04316,S04316,2026-01-12,Mobile,Facebook,Electronics,2788.0,1,1,1,1,2788.0
U03087,S03087,2026-01-12,Mobile,Google,Home,2035.0,1,1,1,1,2035.0
U09513,S09513,2026-01-12,Mobile,Facebook,Clothing,4555.0,1,1,1,1,4555.0
U06232,S06232,2026-01-12,Mobile,Instagram,Shoes,1271.0,1,0,0,0,0.0
U02126,S02126,2026-01-12,Mobile,Facebook,Electronics,1219.0,1,0,0,0,0.0
U02817,S02817,2026-01-12,Mobile,Direct,Clothing,1637.0,1,0,0,0,0.0
U03206,S03206,2026-01-12,Mobile,Direct,Electronics,3035.0,1,0,0,0,0.0
U07664,S07664,2026-01-12,Tablet,Instagram,Clothing,1696.0,1,1,0,0,0.0
U05543,S05543,2026-01-12,Mobile,Google,Beauty,1070.0,1,1,0,0,0.0
U05617,S05617,2026-01-12,Mobile,Facebook,Electronics,2480.0,1,0,0,0,0.0
U09289,S09289,2026-01-12,Mobile,Google,Shoes,3430.0,1,1,0,0,0.0
U07578,S07578,2026-01-12,Mobile,Email,Electronics,1696.0,1,0,0,0,0.0
U09219,S09219,2026-01-12,Desktop,Direct,Shoes,1908.0,1,1,0,0,0.0
U05782,S05782,2026-01-12,Tablet,Facebook,Clothing,2591.0,1,1,0,0,0.0
U09726,S09726,2026-01-12,Desktop,Google,Clothing,1837.0,1,0,0,0,0.0
U00971,S00971,2026-01-12,Mobile,Google,Shoes,4010.0,1,1,0,0,0.0
U02460,S02460,2026-01-12,Mobile,Instagram,Beauty,1160.0,1,0,0,0,0.0
U01228,S01228,2026-01-12,Mobile,Email,Beauty,4068.0,1,0,0,0,0.0
U09116,S09116,2026-01-12,Desktop,Google,Shoes,854.0,1,0,0,0,0.0
U02652,S02652,2026-01-12,Mobile,Google,Clothing,2691.0,1,1,1,1,2691.0
U02142,S02142,2026-01-12,Mobile,Google,Electronics,807.0,1,1,1,0,0.0
U01262,S01262,2026-01-12,Mobile,Google,Electronics,15034.0,1,1,0,0,0.0
U00941,S00941,2026-01-12,Mobile,Direct,Home,1287.0,1,0,0,0,0.0
U03223,S03223,2026-01-12,Desktop,Direct,Shoes,947.0,1,0,0,0,0.0
U06052,S06052,2026-01-12,Mobile,Google,Home,4746.0,1,0,0,0,0.0
U07106,S07106,2026-01-12,Mobile,Google,Clothing,2561.0,1,1,1,1,2561.0
U08851,S08851,2026-01-12,Mobile,Instagram,Clothing,524.0,1,1,1,1,524.0
U07009,S07009,2026-01-12,Mobile,Google,Home,931.0,1,0,0,0,0.0
U08773,S08773,2026-01-12,Desktop,Direct,Beauty,3205.0,1,0,0,0,0.0
U03018,S03018,2026-01-12,Mobile,Direct,Beauty,2176.0,1,0,0,0,0.0
U02959,S02959,2026-01-12,Mobile,Direct,Home,5090.0,1,0,0,0,0.0
U01238,S01238,2026-01-12,Mobile,Direct,Electronics,1250.0,1,0,0,0,0.0
U07862,S07862,2026-01-12,Mobile,Instagram,Shoes,2247.0,1,1,1,1,2247.0
U11823,S11823,2026-01-12,Desktop,Instagram,Shoes,5977.0,1,0,0,0,0.0
U00035,S00035,2026-01-12,Mobile,Google,Shoes,10593.0,1,0,0,0,0.0
U10726,S10726,2026-01-12,Tablet,Instagram,Electronics,17208.0,1,0,0,0,0.0
U00561,S00561,2026-01-12,Mobile,Google,Shoes,4086.0,1,0,0,0,0.0
U00067,S00067,2026-01-12,Mobile,Google,Shoes,3766.0,1,1,1,1,3766.0
U11816,S11816,2026-01-12,Desktop,Google,Clothing,12967.0,1,1,1,1,12967.0
U11294,S11294,2026-01-12,Mobile,Instagram,Clothing,1248.0,1,0,0,0,0.0
U11110,S11110,2026-01-12,Mobile,Google,Shoes,627.0,1,1,1,0,0.0
U00439,S00439,2026-01-12,Desktop,Email,Beauty,3039.0,1,0,0,0,0.0
U11111,S11111,2026-01-12,Mobile,Instagram,Shoes,1295.0,1,0,0,0,0.0
U10302,S10302,2026-01-12,Mobile,Google,Home,658.0,1,1,0,0,0.0
U03685,S03685,2026-01-12,Mobile,Google,Clothing,2615.0,1,0,0,0,0.0
U11153,S11153,2026-01-12,Mobile,Instagram,Home,2507.0,1,0,0,0,0.0
U11720,S11720,2026-01-12,Tablet,Instagram,Clothing,9038.0,1,0,0,0,0.0
U11170,S11170,2026-01-12,Desktop,Direct,Electronics,3729.0,1,0,0,0,0.0
U10257,S10257,2026-01-12,Desktop,Email,Electronics,1467.0,1,1,1,0,0.0
U03528,S03528,2026-01-12,Mobile,Direct,Home,1110.0,1,0,0,0,0.0
U10189,S10189,2026-01-12,Mobile,Google,Beauty,10799.0,1,0,0,0,0.0
U00654,S00654,2026-01-12,Mobile,Direct,Clothing,358.0,1,0,0,0,0.0
U10273,S10273,2026-01-12,Mobile,Google,Home,1786.0,1,0,0,0,0.0
U11473,S11473,2026-01-12,Mobile,Facebook,Electronics,1643.0,1,1,0,0,0.0
U03734,S03734,2026-01-12,Mobile,Direct,Clothing,10500.0,1,0,0,0,0.0
U04134,S04134,2026-01-13,Mobile,Google,Clothing,611.0,1,0,0,0,0.0
U05164,S05164,2026-01-13,Mobile,Google,Shoes,1029.0,1,1,1,0,0.0
U11094,S11094,2026-01-13,Mobile,Instagram,Beauty,4439.0,1,0,0,0,0.0
U11148,S11148,2026-01-13,Mobile,Direct,Beauty,699.0,1,0,0,0,0.0
U02060,S02060,2026-01-13,Mobile,Google,Shoes,4402.0,1,1,0,0,0.0
U01165,S01165,2026-01-13,Mobile,Google,Home,7538.0,1,0,0,0,0.0
U08417,S08417,2026-01-13,Tablet,Direct,Clothing,1539.0,1,0,0,0,0.0
U01844,S01844,2026-01-13,Tablet,Email,Clothing,1599.0,1,0,0,0,0.0
U00422,S00422,2026-01-13,Mobile,Google,Home,14028.0,1,1,0,0,0.0
U04741,S04741,2026-01-13,Mobile,Direct,Shoes,2347.0,1,0,0,0,0.0
U08434,S08434,2026-01-13,Desktop,Facebook,Clothing,5094.0,1,1,1,1,5094.0
U05084,S05084,2026-01-13,Mobile,Facebook,Home,1209.0,1,0,0,0,0.0
U03777,S03777,2026-01-13,Desktop,Google,Home,2615.0,1,1,1,1,2615.0
U05991,S05991,2026-01-13,Mobile,Google,Clothing,1739.0,1,1,0,0,0.0
U10883,S10883,2026-01-13,Desktop,Instagram,Shoes,3266.0,1,1,1,1,3266.0
U08796,S08796,2026-01-13,Mobile,Instagram,Electronics,700.0,1,0,0,0,0.0
U06012,S06012,2026-01-13,Desktop,Direct,Shoes,3138.0,1,0,0,0,0.0
U09007,S09007,2026-01-13,Mobile,Google,Home,2247.0,1,0,0,0,0.0
U04643,S04643,2026-01-13,Mobile,Instagram,Beauty,1096.0,1,0,0,0,0.0
U01195,S01195,2026-01-13,Desktop,Instagram,Beauty,1887.0,1,0,0,0,0.0
U03562,S03562,2026-01-13,Mobile,Facebook,Clothing,13682.0,1,0,0,0,0.0
U07808,S07808,2026-01-13,Mobile,Direct,Beauty,12242.0,1,0,0,0,0.0
U08221,S08221,2026-01-13,Mobile,Google,Home,2538.0,1,1,0,0,0.0
U08697,S08697,2026-01-13,Mobile,Instagram,Beauty,3404.0,1,0,0,0,0.0
U02796,S02796,2026-01-13,Mobile,Email,Home,1915.0,1,0,0,0,0.0
U08350,S08350,2026-01-13,Mobile,Google,Clothing,1689.0,1,1,1,0,0.0
U00533,S00533,2026-01-13,Mobile,Instagram,Shoes,3317.0,1,0,0,0,0.0
U00822,S00822,2026-01-13,Mobile,Google,Clothing,4213.0,1,1,1,1,4213.0
U11773,S11773,2026-01-13,Mobile,Instagram,Electronics,4520.0,1,1,1,1,4520.0
U06116,S06116,2026-01-13,Desktop,Google,Electronics,4183.0,1,0,0,0,0.0
U03797,S03797,2026-01-13,Desktop,Google,Home,3124.0,1,0,0,0,0.0
U02530,S02530,2026-01-13,Desktop,Google,Clothing,886.0,1,0,0,0,0.0
U09260,S09260,2026-01-13,Mobile,Instagram,Shoes,2358.0,1,1,1,1,2358.0
U03983,S03983,2026-01-13,Mobile,Direct,Shoes,5589.0,1,0,0,0,0.0
U06157,S06157,2026-01-13,Mobile,Direct,Electronics,1692.0,1,1,1,1,1692.0
U11458,S11458,2026-01-13,Mobile,Direct,Clothing,3171.0,1,0,0,0,0.0
U07618,S07618,2026-01-13,Desktop,Instagram,Shoes,1728.0,1,0,0,0,0.0
U00056,S00056,2026-01-13,Desktop,Email,Clothing,8470.0,1,0,0,0,0.0
U02161,S02161,2026-01-13,Mobile,Instagram,Clothing,3981.0,1,0,0,0,0.0
U09028,S09028,2026-01-13,Desktop,Email,Beauty,2568.0,1,1,1,1,2568.0
U01771,S01771,2026-01-13,Mobile,Facebook,Beauty,774.0,1,1,0,0,0.0
U11015,S11015,2026-01-13,Tablet,Google,Beauty,5902.0,1,0,0,0,0.0
U11064,S11064,2026-01-13,Mobile,Direct,Home,5507.0,1,1,0,0,0.0
U11643,S11643,2026-01-13,Mobile,Facebook,Home,15127.0,1,0,0,0,0.0
U00717,S00717,2026-01-13,Mobile,Instagram,Beauty,300.0,1,0,0,0,0.0
U06422,S06422,2026-01-13,Mobile,Google,Home,2239.0,1,1,1,1,2239.0
U10024,S10024,2026-01-13,Tablet,Facebook,Shoes,1569.0,1,0,0,0,0.0
U07425,S07425,2026-01-13,Desktop,Instagram,Beauty,1081.0,1,1,1,1,1081.0
U07685,S07685,2026-01-13,Mobile,Instagram,Clothing,9144.0,1,1,0,0,0.0
U03458,S03458,2026-01-13,Desktop,Instagram,Home,12100.0,1,1,0,0,0.0
U10365,S10365,2026-01-13,Mobile,Direct,Shoes,1645.0,1,0,0,0,0.0
U03367,S03367,2026-01-13,Desktop,Direct,Home,1249.0,1,0,0,0,0.0
U04309,S04309,2026-01-13,Tablet,Facebook,Electronics,2342.0,1,0,0,0,0.0
U08593,S08593,2026-01-13,Desktop,Email,Shoes,3962.0,1,0,0,0,0.0
U10995,S10995,2026-01-13,Desktop,Direct,Shoes,1346.0,1,0,0,0,0.0
U03793,S03793,2026-01-13,Mobile,Facebook,Electronics,2971.0,1,0,0,0,0.0
U04065,S04065,2026-01-13,Mobile,Instagram,Home,1243.0,1,1,1,0,0.0
U11609,S11609,2026-01-13,Mobile,Direct,Electronics,637.0,1,1,0,0,0.0
U11995,S11995,2026-01-13,Mobile,Facebook,Electronics,565.0,1,1,1,1,565.0
U07916,S07916,2026-01-13,Tablet,Direct,Clothing,1560.0,1,1,1,0,0.0
U03637,S03637,2026-01-13,Desktop,Direct,Electronics,396.0,1,0,0,0,0.0
U01923,S01923,2026-01-13,Mobile,Instagram,Beauty,2417.0,1,1,0,0,0.0
U00961,S00961,2026-01-13,Mobile,Google,Electronics,3970.0,1,1,1,1,3970.0
U02477,S02477,2026-01-13,Mobile,Instagram,Shoes,7119.0,1,0,0,0,0.0
U05705,S05705,2026-01-13,Mobile,Direct,Beauty,991.0,1,0,0,0,0.0
U07016,S07016,2026-01-13,Tablet,Instagram,Electronics,2805.0,1,0,0,0,0.0
U02723,S02723,2026-01-13,Mobile,Direct,Clothing,2763.0,1,1,1,0,0.0
U07583,S07583,2026-01-13,Mobile,Google,Electronics,1569.0,1,0,0,0,0.0
U08873,S08873,2026-01-13,Mobile,Instagram,Home,4355.0,1,1,1,1,4355.0
U02724,S02724,2026-01-13,Mobile,Email,Electronics,1634.0,1,0,0,0,0.0
U10738,S10738,2026-01-13,Mobile,Google,Shoes,2856.0,1,0,0,0,0.0
U04038,S04038,2026-01-14,Desktop,Google,Clothing,1339.0,1,1,0,0,0.0
U08911,S08911,2026-01-14,Mobile,Google,Shoes,2827.0,1,0,0,0,0.0
U08741,S08741,2026-01-14,Mobile,Instagram,Electronics,13443.0,1,1,0,0,0.0
U00734,S00734,2026-01-14,Mobile,Direct,Shoes,20396.0,1,0,0,0,0.0
U09697,S09697,2026-01-14,Mobile,Google,Electronics,3657.0,1,1,0,0,0.0
U11209,S11209,2026-01-14,Desktop,Facebook,Beauty,1561.0,1,1,1,1,1561.0
U04500,S04500,2026-01-14,Desktop,Google,Shoes,812.0,1,0,0,0,0.0
U09003,S09003,2026-01-14,Mobile,Direct,Beauty,1735.0,1,1,1,0,0.0
U04695,S04695,2026-01-14,Mobile,Direct,Home,1321.0,1,1,1,0,0.0
U01897,S01897,2026-01-14,Desktop,Instagram,Clothing,4333.0,1,1,0,0,0.0
U00757,S00757,2026-01-14,Mobile,Google,Home,7009.0,1,0,0,0,0.0
U10796,S10796,2026-01-14,Mobile,Google,Clothing,1326.0,1,0,0,0,0.0
U06767,S06767,2026-01-14,Desktop,Google,Home,4364.0,1,1,1,1,4364.0
U06776,S06776,2026-01-14,Mobile,Instagram,Shoes,1999.0,1,0,0,0,0.0
U02590,S02590,2026-01-14,Mobile,Instagram,Home,7451.0,1,1,0,0,0.0
U07008,S07008,2026-01-14,Mobile,Email,Beauty,497.0,1,1,1,0,0.0
U10875,S10875,2026-01-14,Tablet,Instagram,Shoes,5396.0,1,1,1,1,5396.0
U09735,S09735,2026-01-14,Mobile,Direct,Clothing,1759.0,1,0,0,0,0.0
U11670,S11670,2026-01-14,Desktop,Google,Electronics,303.0,1,0,0,0,0.0
U10260,S10260,2026-01-14,Desktop,Google,Shoes,3310.0,1,1,1,0,0.0
U11705,S11705,2026-01-14,Mobile,Google,Home,2104.0,1,0,0,0,0.0
U02162,S02162,2026-01-14,Mobile,Email,Shoes,2201.0,1,1,0,0,0.0
U07552,S07552,2026-01-14,Desktop,Google,Electronics,5200.0,1,0,0,0,0.0
U07191,S07191,2026-01-14,Mobile,Facebook,Shoes,1034.0,1,0,0,0,0.0
U06559,S06559,2026-01-14,Desktop,Google,Electronics,6076.0,1,0,0,0,0.0
U00881,S00881,2026-01-14,Mobile,Google,Clothing,959.0,1,0,0,0,0.0
U01847,S01847,2026-01-14,Mobile,Direct,Clothing,9381.0,1,0,0,0,0.0
U10710,S10710,2026-01-14,Desktop,Google,Home,1461.0,1,1,1,1,1461.0
U05017,S05017,2026-01-14,Mobile,Direct,Shoes,7472.0,1,1,1,1,7472.0
U05010,S05010,2026-01-14,Mobile,Google,Shoes,1103.0,1,1,1,0,0.0
U01287,S01287,2026-01-14,Mobile,Facebook,Beauty,2050.0,1,0,0,0,0.0
U08493,S08493,2026-01-14,Mobile,Instagram,Beauty,798.0,1,0,0,0,0.0
U02297,S02297,2026-01-14,Desktop,Google,Home,8050.0,1,0,0,0,0.0
U07564,S07564,2026-01-14,Mobile,Instagram,Clothing,554.0,1,1,1,1,554.0
U00797,S00797,2026-01-14,Mobile,Direct,Clothing,550.0,1,0,0,0,0.0
U04232,S04232,2026-01-14,Mobile,Direct,Home,4342.0,1,0,0,0,0.0
U10609,S10609,2026-01-14,Tablet,Instagram,Electronics,2125.0,1,0,0,0,0.0
U09541,S09541,2026-01-14,Tablet,Direct,Home,1525.0,1,1,1,1,1525.0
U02333,S02333,2026-01-14,Desktop,Google,Shoes,323.0,1,0,0,0,0.0
U10936,S10936,2026-01-14,Mobile,Instagram,Beauty,1369.0,1,0,0,0,0.0
U10012,S10012,2026-01-14,Mobile,Instagram,Clothing,5807.0,1,0,0,0,0.0
U11853,S11853,2026-01-14,Mobile,Google,Home,536.0,1,1,1,1,536.0
U02039,S02039,2026-01-14,Mobile,Direct,Clothing,8307.0,1,1,0,0,0.0
U01545,S01545,2026-01-14,Mobile,Google,Electronics,2054.0,1,1,1,1,2054.0
U04129,S04129,2026-01-14,Desktop,Instagram,Clothing,7014.0,1,1,1,1,7014.0
U01880,S01880,2026-01-14,Mobile,Instagram,Beauty,2450.0,1,1,0,0,0.0
U00615,S00615,2026-01-14,Mobile,Google,Home,10193.0,1,0,0,0,0.0
U00677,S00677,2026-01-14,Desktop,Google,Electronics,10107.0,1,1,1,1,10107.0
U04551,S04551,2026-01-14,Mobile,Google,Electronics,4298.0,1,0,0,0,0.0
U04381,S04381,2026-01-14,Mobile,Facebook,Shoes,1887.0,1,0,0,0,0.0
U09515,S09515,2026-01-14,Mobile,Email,Clothing,912.0,1,0,0,0,0.0
U04242,S04242,2026-01-14,Desktop,Facebook,Electronics,19607.0,1,1,0,0,0.0
U08831,S08831,2026-01-14,Mobile,Instagram,Shoes,2938.0,1,0,0,0,0.0
U09589,S09589,2026-01-14,Desktop,Direct,Beauty,1213.0,1,1,0,0,0.0
U08192,S08192,2026-01-14,Desktop,Direct,Home,2075.0,1,0,0,0,0.0
U07219,S07219,2026-01-14,Mobile,Facebook,Home,1519.0,1,1,1,1,1519.0
U07251,S07251,2026-01-14,Mobile,Instagram,Electronics,6488.0,1,1,0,0,0.0
U06172,S06172,2026-01-14,Mobile,Direct,Home,832.0,1,1,1,1,832.0
U04607,S04607,2026-01-14,Desktop,Facebook,Shoes,532.0,1,0,0,0,0.0
U06843,S06843,2026-01-15,Desktop,Instagram,Beauty,1448.0,1,0,0,0,0.0
U06557,S06557,2026-01-15,Desktop,Email,Electronics,1509.0,1,0,0,0,0.0
U00715,S00715,2026-01-15,Desktop,Google,Beauty,7111.0,1,1,0,0,0.0
U01773,S01773,2026-01-15,Desktop,Email,Electronics,866.0,1,1,1,0,0.0
U11573,S11573,2026-01-15,Mobile,Direct,Home,4764.0,1,0,0,0,0.0
U09438,S09438,2026-01-15,Desktop,Google,Electronics,3552.0,1,0,0,0,0.0
U08982,S08982,2026-01-15,Mobile,Direct,Clothing,3289.0,1,0,0,0,0.0
U01632,S01632,2026-01-15,Desktop,Direct,Home,757.0,1,1,1,1,757.0
U11285,S11285,2026-01-15,Desktop,Google,Shoes,5576.0,1,1,1,0,0.0
U00305,S00305,2026-01-15,Desktop,Direct,Electronics,1273.0,1,0,0,0,0.0
U06243,S06243,2026-01-15,Mobile,Instagram,Clothing,9889.0,1,0,0,0,0.0
U07934,S07934,2026-01-15,Mobile,Google,Beauty,796.0,1,1,1,1,796.0
U06724,S06724,2026-01-15,Mobile,Direct,Beauty,1390.0,1,0,0,0,0.0
U02505,S02505,2026-01-15,Mobile,Email,Shoes,2019.0,1,0,0,0,0.0
U09641,S09641,2026-01-15,Desktop,Direct,Clothing,663.0,1,1,1,1,663.0
U02510,S02510,2026-01-15,Desktop,Facebook,Beauty,2683.0,1,0,0,0,0.0
U06166,S06166,2026-01-15,Desktop,Google,Clothing,2609.0,1,0,0,0,0.0
U02513,S02513,2026-01-15,Mobile,Email,Clothing,2729.0,1,0,0,0,0.0
U09471,S09471,2026-01-15,Desktop,Instagram,Clothing,408.0,1,1,0,0,0.0
U09379,S09379,2026-01-15,Mobile,Instagram,Electronics,7521.0,1,0,0,0,0.0
U00729,S00729,2026-01-15,Mobile,Instagram,Shoes,2156.0,1,0,0,0,0.0
U11383,S11383,2026-01-15,Mobile,Google,Home,3946.0,1,0,0,0,0.0
U03746,S03746,2026-01-15,Desktop,Google,Clothing,3030.0,1,0,0,0,0.0
U03976,S03976,2026-01-15,Mobile,Email,Shoes,4002.0,1,1,0,0,0.0
U05264,S05264,2026-01-15,Desktop,Email,Shoes,1416.0,1,0,0,0,0.0
U10187,S10187,2026-01-15,Mobile,Google,Clothing,844.0,1,0,0,0,0.0
U07157,S07157,2026-01-15,Desktop,Direct,Clothing,1311.0,1,1,1,1,1311.0
U09854,S09854,2026-01-15,Mobile,Instagram,Electronics,13905.0,1,0,0,0,0.0
U05285,S05285,2026-01-15,Mobile,Facebook,Shoes,839.0,1,0,0,0,0.0
U05831,S05831,2026-01-15,Desktop,Direct,Electronics,2019.0,1,0,0,0,0.0
U05253,S05253,2026-01-15,Mobile,Facebook,Shoes,5120.0,1,1,1,0,0.0
U08392,S08392,2026-01-15,Mobile,Direct,Shoes,1718.0,1,1,1,1,1718.0
U05181,S05181,2026-01-15,Desktop,Direct,Electronics,4897.0,1,1,0,0,0.0
U02938,S02938,2026-01-15,Mobile,Google,Beauty,3884.0,1,0,0,0,0.0
U08438,S08438,2026-01-15,Desktop,Direct,Home,2123.0,1,0,0,0,0.0
U03179,S03179,2026-01-15,Mobile,Email,Beauty,6768.0,1,1,0,0,0.0
U04963,S04963,2026-01-15,Mobile,Google,Beauty,2677.0,1,0,0,0,0.0
U08380,S08380,2026-01-15,Mobile,Instagram,Electronics,10110.0,1,0,0,0,0.0
U07369,S07369,2026-01-15,Desktop,Direct,Clothing,1113.0,1,0,0,0,0.0
U02001,S02001,2026-01-15,Desktop,Email,Clothing,300.0,1,1,1,1,300.0
U04221,S04221,2026-01-15,Mobile,Google,Shoes,12705.0,1,0,0,0,0.0
U08519,S08519,2026-01-15,Mobile,Facebook,Shoes,1724.0,1,0,0,0,0.0
U00468,S00468,2026-01-15,Tablet,Google,Home,965.0,1,1,1,1,965.0
U07463,S07463,2026-01-15,Mobile,Instagram,Shoes,4576.0,1,1,1,1,4576.0
U04824,S04824,2026-01-15,Desktop,Facebook,Home,802.0,1,0,0,0,0.0
U08766,S08766,2026-01-15,Mobile,Facebook,Beauty,986.0,1,0,0,0,0.0
U04780,S04780,2026-01-15,Desktop,Google,Beauty,1102.0,1,0,0,0,0.0
U11969,S11969,2026-01-15,Mobile,Email,Clothing,4912.0,1,0,0,0,0.0
U03125,S03125,2026-01-15,Mobile,Instagram,Clothing,429.0,1,1,1,1,429.0
U00464,S00464,2026-01-15,Mobile,Google,Electronics,1682.0,1,1,1,0,0.0
U00656,S00656,2026-01-15,Mobile,Instagram,Shoes,3291.0,1,1,0,0,0.0
U00861,S00861,2026-01-15,Desktop,Email,Shoes,3490.0,1,0,0,0,0.0
U02097,S02097,2026-01-15,Mobile,Direct,Home,2685.0,1,0,0,0,0.0
U05556,S05556,2026-01-15,Desktop,Google,Clothing,2420.0,1,0,0,0,0.0
U11740,S11740,2026-01-15,Desktop,Google,Shoes,3431.0,1,1,1,0,0.0
U08271,S08271,2026-01-15,Mobile,Direct,Home,3253.0,1,1,1,0,0.0
U03990,S03990,2026-01-15,Tablet,Instagram,Beauty,1444.0,1,0,0,0,0.0
U00165,S00165,2026-01-15,Mobile,Google,Shoes,3165.0,1,0,0,0,0.0
U08281,S08281,2026-01-15,Mobile,Google,Shoes,7270.0,1,0,0,0,0.0
U10271,S10271,2026-01-15,Desktop,Google,Clothing,1589.0,1,1,1,1,1589.0
U07107,S07107,2026-01-15,Desktop,Direct,Beauty,4593.0,1,1,1,1,4593.0
U00368,S00368,2026-01-15,Desktop,Google,Beauty,30000.0,1,0,0,0,0.0
U10587,S10587,2026-01-15,Mobile,Direct,Beauty,4693.0,1,0,0,0,0.0
U11215,S11215,2026-01-15,Mobile,Instagram,Clothing,3011.0,1,0,0,0,0.0
U02712,S02712,2026-01-15,Mobile,Email,Beauty,5545.0,1,0,0,0,0.0
U02178,S02178,2026-01-15,Desktop,Direct,Clothing,4310.0,1,1,1,0,0.0
U01774,S01774,2026-01-15,Desktop,Instagram,Electronics,1797.0,1,1,1,1,1797.0
U04096,S04096,2026-01-15,Mobile,Google,Clothing,2283.0,1,0,0,0,0.0
U03982,S03982,2026-01-15,Mobile,Google,Shoes,1911.0,1,0,0,0,0.0
U08332,S08332,2026-01-15,Desktop,Google,Shoes,4073.0,1,0,0,0,0.0
U04093,S04093,2026-01-15,Desktop,Google,Clothing,6970.0,1,1,1,1,6970.0
U06936,S06936,2026-01-15,Desktop,Direct,Shoes,2470.0,1,1,1,1,2470.0
U10773,S10773,2026-01-15,Mobile,Google,Clothing,1118.0,1,0,0,0,0.0
U11140,S11140,2026-01-15,Mobile,Google,Beauty,3224.0,1,0,0,0,0.0
U05805,S05805,2026-01-15,Mobile,Google,Clothing,1436.0,1,0,0,0,0.0
U09796,S09796,2026-01-15,Mobile,Google,Beauty,3320.0,1,1,0,0,0.0
U05640,S05640,2026-01-15,Mobile,Direct,Clothing,1446.0,1,0,0,0,0.0
U10348,S10348,2026-01-16,Mobile,Facebook,Beauty,3628.0,1,0,0,0,0.0
U10498,S10498,2026-01-16,Desktop,Direct,Electronics,2298.0,1,0,0,0,0.0
U09325,S09325,2026-01-16,Mobile,Instagram,Clothing,6986.0,1,1,0,0,0.0
U06429,S06429,2026-01-16,Mobile,Instagram,Beauty,1408.0,1,0,0,0,0.0
U08062,S08062,2026-01-16,Mobile,Google,Electronics,1736.0,1,0,0,0,0.0
U06467,S06467,2026-01-16,Mobile,Google,Shoes,1998.0,1,0,0,0,0.0
U02226,S02226,2026-01-16,Mobile,Facebook,Electronics,9257.0,1,1,1,1,9257.0
U07606,S07606,2026-01-16,Tablet,Email,Shoes,3015.0,1,0,0,0,0.0
U02331,S02331,2026-01-16,Mobile,Google,Home,5234.0,1,0,0,0,0.0
U03580,S03580,2026-01-16,Mobile,Instagram,Beauty,656.0,1,0,0,0,0.0
U09180,S09180,2026-01-16,Mobile,Direct,Electronics,2070.0,1,0,0,0,0.0
U03977,S03977,2026-01-16,Mobile,Instagram,Shoes,2270.0,1,0,0,0,0.0
U07319,S07319,2026-01-16,Mobile,Email,Clothing,1362.0,1,0,0,0,0.0
U07712,S07712,2026-01-16,Desktop,Google,Shoes,4843.0,1,0,0,0,0.0
U06725,S06725,2026-01-16,Mobile,Google,Shoes,8723.0,1,0,0,0,0.0
U07942,S07942,2026-01-16,Mobile,Direct,Beauty,2741.0,1,0,0,0,0.0
U03418,S03418,2026-01-16,Desktop,Direct,Clothing,1149.0,1,0,0,0,0.0
U07258,S07258,2026-01-16,Desktop,Instagram,Beauty,6144.0,1,1,1,1,6144.0
U07044,S07044,2026-01-16,Mobile,Instagram,Beauty,2763.0,1,1,1,0,0.0
U02073,S02073,2026-01-16,Mobile,Instagram,Electronics,1669.0,1,1,0,0,0.0
U07094,S07094,2026-01-16,Desktop,Direct,Beauty,2369.0,1,1,1,1,2369.0
U10925,S10925,2026-01-16,Mobile,Instagram,Beauty,5576.0,1,0,0,0,0.0
U06930,S06930,2026-01-16,Tablet,Instagram,Beauty,9317.0,1,1,0,0,0.0
U03357,S03357,2026-01-16,Mobile,Google,Beauty,2481.0,1,0,0,0,0.0
U11967,S11967,2026-01-16,Desktop,Instagram,Shoes,4492.0,1,0,0,0,0.0
U01635,S01635,2026-01-16,Tablet,Direct,Beauty,797.0,1,0,0,0,0.0
U01339,S01339,2026-01-16,Desktop,Direct,Home,1247.0,1,0,0,0,0.0
U10752,S10752,2026-01-16,Mobile,Direct,Home,2558.0,1,0,0,0,0.0
U10219,S10219,2026-01-16,Mobile,Google,Home,5352.0,1,0,0,0,0.0
U06255,S06255,2026-01-16,Desktop,Direct,Electronics,826.0,1,0,0,0,0.0
U05977,S05977,2026-01-16,Desktop,Email,Clothing,1254.0,1,0,0,0,0.0
U05561,S05561,2026-01-16,Tablet,Google,Clothing,1714.0,1,0,0,0,0.0
U08242,S08242,2026-01-16,Tablet,Google,Clothing,26235.0,1,1,0,0,0.0
U05564,S05564,2026-01-16,Mobile,Email,Clothing,700.0,1,0,0,0,0.0
U02775,S02775,2026-01-16,Desktop,Direct,Clothing,1225.0,1,0,0,0,0.0
U11718,S11718,2026-01-16,Desktop,Facebook,Beauty,4258.0,1,0,0,0,0.0
U10036,S10036,2026-01-16,Tablet,Instagram,Home,5687.0,1,1,1,0,0.0
U04862,S04862,2026-01-16,Desktop,Facebook,Shoes,1467.0,1,1,1,0,0.0
U04589,S04589,2026-01-16,Desktop,Direct,Shoes,403.0,1,1,1,1,403.0
U00236,S00236,2026-01-16,Desktop,Facebook,Clothing,761.0,1,0,0,0,0.0
U11459,S11459,2026-01-16,Desktop,Google,Clothing,3644.0,1,1,1,1,3644.0
U11674,S11674,2026-01-16,Desktop,Facebook,Electronics,7494.0,1,0,0,0,0.0
U02739,S02739,2026-01-16,Desktop,Instagram,Home,860.0,1,0,0,0,0.0
U05073,S05073,2026-01-16,Mobile,Google,Home,803.0,1,0,0,0,0.0
U01447,S01447,2026-01-16,Desktop,Facebook,Home,975.0,1,0,0,0,0.0
U05974,S05974,2026-01-16,Tablet,Direct,Beauty,9772.0,1,0,0,0,0.0
U01415,S01415,2026-01-16,Mobile,Google,Home,1142.0,1,0,0,0,0.0
U04755,S04755,2026-01-16,Tablet,Email,Beauty,1022.0,1,1,0,0,0.0
U04680,S04680,2026-01-16,Desktop,Instagram,Clothing,3977.0,1,1,1,1,3977.0
U04940,S04940,2026-01-16,Mobile,Google,Shoes,9630.0,1,0,0,0,0.0
U04391,S04391,2026-01-16,Mobile,Direct,Home,1473.0,1,0,0,0,0.0
U05820,S05820,2026-01-16,Mobile,Instagram,Beauty,5601.0,1,0,0,0,0.0
U05808,S05808,2026-01-16,Desktop,Direct,Clothing,2139.0,1,0,0,0,0.0
U02463,S02463,2026-01-16,Mobile,Email,Electronics,1484.0,1,1,0,0,0.0
U03374,S03374,2026-01-16,Mobile,Instagram,Beauty,1377.0,1,0,0,0,0.0
U05386,S05386,2026-01-16,Desktop,Google,Home,1960.0,1,0,0,0,0.0
U08339,S08339,2026-01-16,Mobile,Email,Beauty,1704.0,1,0,0,0,0.0
U05797,S05797,2026-01-16,Mobile,Facebook,Beauty,2897.0,1,1,0,0,0.0
U10077,S10077,2026-01-16,Mobile,Direct,Clothing,5428.0,1,0,0,0,0.0
U08168,S08168,2026-01-16,Tablet,Google,Shoes,2940.0,1,0,0,0,0.0
U06297,S06297,2026-01-16,Desktop,Google,Shoes,1870.0,1,0,0,0,0.0
U04547,S04547,2026-01-16,Tablet,Google,Home,5360.0,1,1,1,1,5360.0
U02935,S02935,2026-01-16,Desktop,Facebook,Electronics,7250.0,1,1,0,0,0.0
U02707,S02707,2026-01-16,Desktop,Instagram,Clothing,4426.0,1,1,1,0,0.0
U04599,S04599,2026-01-17,Mobile,Direct,Shoes,1141.0,1,0,0,0,0.0
U03008,S03008,2026-01-17,Mobile,Facebook,Shoes,2903.0,1,0,0,0,0.0
U11664,S11664,2026-01-17,Mobile,Instagram,Beauty,6976.0,1,1,0,0,0.0
U03653,S03653,2026-01-17,Mobile,Direct,Shoes,4909.0,1,1,0,0,0.0
U09086,S09086,2026-01-17,Mobile,Instagram,Home,1073.0,1,0,0,0,0.0
U07007,S07007,2026-01-17,Desktop,Facebook,Home,1318.0,1,1,0,0,0.0
U10400,S10400,2026-01-17,Desktop,Google,Shoes,3111.0,1,1,1,1,3111.0
U05717,S05717,2026-01-17,Desktop,Instagram,Electronics,3895.0,1,1,1,1,3895.0
U00352,S00352,2026-01-17,Mobile,Instagram,Clothing,851.0,1,0,0,0,0.0
U03693,S03693,2026-01-17,Mobile,Instagram,Electronics,3557.0,1,0,0,0,0.0
U01795,S01795,2026-01-17,Desktop,Google,Home,1436.0,1,0,0,0,0.0
U10760,S10760,2026-01-17,Desktop,Instagram,Shoes,8794.0,1,0,0,0,0.0
U09849,S09849,2026-01-17,Mobile,Google,Electronics,4391.0,1,0,0,0,0.0
U00673,S00673,2026-01-17,Tablet,Google,Beauty,2796.0,1,0,0,0,0.0
U07800,S07800,2026-01-17,Mobile,Google,Shoes,11762.0,1,0,0,0,0.0
U02868,S02868,2026-01-17,Mobile,Google,Shoes,1175.0,1,0,0,0,0.0
U10181,S10181,2026-01-17,Desktop,Facebook,Shoes,3216.0,1,1,1,1,3216.0
U03288,S03288,2026-01-17,Mobile,Google,Shoes,1328.0,1,1,1,0,0.0
U09054,S09054,2026-01-17,Desktop,Email,Electronics,4482.0,1,1,1,0,0.0
U07228,S07228,2026-01-17,Mobile,Instagram,Electronics,2044.0,1,0,0,0,0.0
U07243,S07243,2026-01-17,Desktop,Direct,Electronics,888.0,1,0,0,0,0.0
U09256,S09256,2026-01-17,Mobile,Google,Home,11053.0,1,0,0,0,0.0
U04571,S04571,2026-01-17,Mobile,Email,Shoes,1216.0,1,0,0,0,0.0
U01839,S01839,2026-01-17,Desktop,Instagram,Clothing,1209.0,1,0,0,0,0.0
U02639,S02639,2026-01-17,Desktop,Google,Shoes,6073.0,1,0,0,0,0.0
U05577,S05577,2026-01-17,Tablet,Direct,Home,7463.0,1,0,0,0,0.0
U01603,S01603,2026-01-17,Desktop,Instagram,Beauty,2680.0,1,0,0,0,0.0
U08490,S08490,2026-01-17,Desktop,Email,Clothing,7233.0,1,0,0,0,0.0
U10166,S10166,2026-01-17,Tablet,Google,Clothing,2301.0,1,1,0,0,0.0
U09329,S09329,2026-01-17,Mobile,Instagram,Beauty,777.0,1,0,0,0,0.0
U07615,S07615,2026-01-17,Mobile,Instagram,Clothing,5340.0,1,1,1,0,0.0
U07486,S07486,2026-01-17,Desktop,Direct,Beauty,3881.0,1,1,1,0,0.0
U02304,S02304,2026-01-17,Mobile,Google,Shoes,3590.0,1,1,1,1,3590.0
U06662,S06662,2026-01-17,Desktop,Google,Clothing,22069.0,1,0,0,0,0.0
U03504,S03504,2026-01-17,Desktop,Facebook,Beauty,3802.0,1,1,0,0,0.0
U06645,S06645,2026-01-17,Desktop,Email,Electronics,1969.0,1,0,0,0,0.0
U10974,S10974,2026-01-17,Mobile,Google,Shoes,1899.0,1,1,1,1,1899.0
U00248,S00248,2026-01-17,Mobile,Direct,Beauty,2555.0,1,0,0,0,0.0
U07428,S07428,2026-01-17,Mobile,Email,Clothing,4111.0,1,1,1,1,4111.0
U06609,S06609,2026-01-17,Mobile,Facebook,Clothing,6254.0,1,0,0,0,0.0
U02379,S02379,2026-01-17,Mobile,Facebook,Beauty,5321.0,1,0,0,0,0.0
U06508,S06508,2026-01-17,Mobile,Google,Electronics,4072.0,1,1,0,0,0.0
U03903,S03903,2026-01-17,Desktop,Direct,Shoes,300.0,1,1,1,0,0.0
U06327,S06327,2026-01-17,Desktop,Instagram,Beauty,2606.0,1,0,0,0,0.0
U11982,S11982,2026-01-17,Mobile,Email,Clothing,639.0,1,1,0,0,0.0
U09472,S09472,2026-01-17,Mobile,Email,Shoes,1219.0,1,0,0,0,0.0
U04133,S04133,2026-01-17,Mobile,Instagram,Beauty,1327.0,1,1,1,1,1327.0
U08102,S08102,2026-01-17,Mobile,Facebook,Electronics,1191.0,1,1,1,1,1191.0
U10957,S10957,2026-01-17,Tablet,Direct,Clothing,542.0,1,0,0,0,0.0
U08174,S08174,2026-01-17,Mobile,Instagram,Clothing,3833.0,1,1,1,1,3833.0
U00319,S00319,2026-01-17,Mobile,Instagram,Beauty,5204.0,1,1,1,1,5204.0
U09634,S09634,2026-01-17,Mobile,Email,Clothing,3878.0,1,1,0,0,0.0
U06860,S06860,2026-01-17,Mobile,Direct,Beauty,3760.0,1,1,0,0,0.0
U09676,S09676,2026-01-17,Mobile,Direct,Shoes,3946.0,1,1,1,0,0.0
U08200,S08200,2026-01-17,Mobile,Direct,Shoes,1202.0,1,0,0,0,0.0
U11809,S11809,2026-01-17,Mobile,Google,Clothing,8377.0,1,0,0,0,0.0
U00190,S00190,2026-01-17,Mobile,Google,Electronics,4840.0,1,1,1,1,4840.0
U11936,S11936,2026-01-17,Desktop,Instagram,Beauty,1641.0,1,1,1,1,1641.0
U04894,S04894,2026-01-17,Mobile,Google,Electronics,1637.0,1,0,0,0,0.0
U01755,S01755,2026-01-17,Mobile,Google,Beauty,5824.0,1,0,0,0,0.0
U09174,S09174,2026-01-17,Mobile,Facebook,Home,5203.0,1,1,1,1,5203.0
U01003,S01003,2026-01-17,Mobile,Direct,Home,708.0,1,0,0,0,0.0
U03059,S03059,2026-01-17,Mobile,Direct,Beauty,1281.0,1,1,1,0,0.0
U11606,S11606,2026-01-17,Mobile,Google,Home,1271.0,1,0,0,0,0.0
U09375,S09375,2026-01-17,Mobile,Instagram,Clothing,4826.0,1,0,0,0,0.0
U03029,S03029,2026-01-17,Mobile,Direct,Shoes,1994.0,1,1,1,1,1994.0
U03365,S03365,2026-01-17,Mobile,Direct,Clothing,1724.0,1,1,1,1,1724.0
U03017,S03017,2026-01-18,Tablet,Instagram,Home,10108.0,1,0,0,0,0.0
U11989,S11989,2026-01-18,Tablet,Email,Clothing,500.0,1,0,0,0,0.0
U11918,S11918,2026-01-18,Desktop,Instagram,Beauty,5291.0,1,0,0,0,0.0
U04692,S04692,2026-01-18,Mobile,Direct,Clothing,3985.0,1,0,0,0,0.0
U07593,S07593,2026-01-18,Desktop,Google,Electronics,955.0,1,1,1,0,0.0
U07641,S07641,2026-01-18,Mobile,Google,Electronics,4684.0,1,1,1,1,4684.0
U07325,S07325,2026-01-18,Desktop,Facebook,Clothing,1573.0,1,0,0,0,0.0
U04637,S04637,2026-01-18,Mobile,Facebook,Home,1481.0,1,1,1,0,0.0
U01860,S01860,2026-01-18,Mobile,Direct,Shoes,618.0,1,0,0,0,0.0
U07256,S07256,2026-01-18,Mobile,Google,Clothing,2184.0,1,1,1,1,2184.0
U05133,S05133,2026-01-18,Mobile,Facebook,Clothing,2741.0,1,0,0,0,0.0
U07448,S07448,2026-01-18,Mobile,Google,Electronics,4310.0,1,0,0,0,0.0
U02003,S02003,2026-01-18,Tablet,Direct,Electronics,1903.0,1,0,0,0,0.0
U02966,S02966,2026-01-18,Mobile,Direct,Clothing,1153.0,1,1,0,0,0.0
U03620,S03620,2026-01-18,Tablet,Google,Clothing,3755.0,1,1,0,0,0.0
U07446,S07446,2026-01-18,Desktop,Email,Clothing,1073.0,1,0,0,0,0.0
U01444,S01444,2026-01-18,Mobile,Direct,Clothing,2698.0,1,0,0,0,0.0
U07171,S07171,2026-01-18,Mobile,Direct,Shoes,1360.0,1,1,0,0,0.0
U08096,S08096,2026-01-18,Desktop,Google,Clothing,8249.0,1,0,0,0,0.0
U04202,S04202,2026-01-18,Desktop,Email,Electronics,300.0,1,0,0,0,0.0
U05875,S05875,2026-01-18,Mobile,Google,Home,902.0,1,1,0,0,0.0
U10917,S10917,2026-01-18,Mobile,Facebook,Electronics,3965.0,1,1,1,1,3965.0
U05922,S05922,2026-01-18,Mobile,Facebook,Beauty,8602.0,1,0,0,0,0.0
U06038,S06038,2026-01-18,Mobile,Email,Shoes,2874.0,1,0,0,0,0.0
U06775,S06775,2026-01-18,Mobile,Email,Clothing,5546.0,1,1,0,0,0.0
U02274,S02274,2026-01-18,Desktop,Facebook,Home,3497.0,1,0,0,0,0.0
U07946,S07946,2026-01-18,Mobile,Email,Clothing,1048.0,1,0,0,0,0.0
U08928,S08928,2026-01-18,Tablet,Email,Electronics,7338.0,1,0,0,0,0.0
U01103,S01103,2026-01-18,Desktop,Instagram,Electronics,4264.0,1,0,0,0,0.0
U02492,S02492,2026-01-18,Mobile,Direct,Shoes,9192.0,1,1,1,1,9192.0
U03713,S03713,2026-01-18,Tablet,Instagram,Home,5116.0,1,1,1,1,5116.0
U06659,S06659,2026-01-18,Desktop,Instagram,Clothing,1996.0,1,0,0,0,0.0
U08172,S08172,2026-01-18,Desktop,Facebook,Clothing,744.0,1,0,0,0,0.0
U11385,S11385,2026-01-18,Mobile,Facebook,Home,5656.0,1,1,1,1,5656.0
U00288,S00288,2026-01-18,Mobile,Direct,Shoes,687.0,1,0,0,0,0.0
U10331,S10331,2026-01-18,Mobile,Direct,Home,1323.0,1,0,0,0,0.0
U04120,S04120,2026-01-18,Mobile,Direct,Shoes,4886.0,1,0,0,0,0.0
U11424,S11424,2026-01-18,Mobile,Instagram,Electronics,4042.0,1,0,0,0,0.0
U00276,S00276,2026-01-18,Mobile,Instagram,Beauty,4171.0,1,0,0,0,0.0
U04020,S04020,2026-01-18,Desktop,Facebook,Shoes,1458.0,1,1,1,1,1458.0
U03486,S03486,2026-01-18,Desktop,Direct,Home,2561.0,1,0,0,0,0.0
U09492,S09492,2026-01-18,Tablet,Email,Electronics,2646.0,1,0,0,0,0.0
U09421,S09421,2026-01-18,Mobile,Facebook,Home,3321.0,1,1,1,1,3321.0
U05869,S05869,2026-01-18,Mobile,Direct,Home,5249.0,1,1,1,1,5249.0
U06870,S06870,2026-01-18,Mobile,Google,Beauty,1418.0,1,1,1,1,1418.0
U00129,S00129,2026-01-18,Mobile,Google,Clothing,1566.0,1,0,0,0,0.0
U01381,S01381,2026-01-18,Mobile,Google,Home,1594.0,1,0,0,0,0.0
U00550,S00550,2026-01-18,Mobile,Instagram,Home,4312.0,1,1,0,0,0.0
U02099,S02099,2026-01-18,Mobile,Facebook,Shoes,8107.0,1,0,0,0,0.0
U05387,S05387,2026-01-18,Mobile,Direct,Clothing,1366.0,1,1,0,0,0.0
U04282,S04282,2026-01-18,Mobile,Direct,Electronics,1223.0,1,1,0,0,0.0
U05470,S05470,2026-01-18,Mobile,Google,Clothing,9421.0,1,1,0,0,0.0
U05536,S05536,2026-01-18,Desktop,Direct,Clothing,1258.0,1,0,0,0,0.0
U07091,S07091,2026-01-18,Mobile,Direct,Shoes,2091.0,1,0,0,0,0.0
U11637,S11637,2026-01-18,Desktop,Google,Electronics,2988.0,1,1,1,1,2988.0
U10239,S10239,2026-01-18,Mobile,Instagram,Shoes,4823.0,1,1,1,0,0.0
U05620,S05620,2026-01-18,Mobile,Google,Clothing,3868.0,1,1,0,0,0.0
U05646,S05646,2026-01-18,Mobile,Google,Home,1717.0,1,1,1,1,1717.0
U10879,S10879,2026-01-18,Mobile,Facebook,Clothing,3567.0,1,0,0,0,0.0
U10241,S10241,2026-01-18,Mobile,Instagram,Home,1987.0,1,0,0,0,0.0
U02169,S02169,2026-01-18,Mobile,Email,Home,2565.0,1,0,0,0,0.0
U05815,S05815,2026-01-18,Mobile,Direct,Electronics,6846.0,1,1,1,1,6846.0
U03479,S03479,2026-01-18,Tablet,Google,Electronics,826.0,1,1,1,0,0.0
U02154,S02154,2026-01-18,Desktop,Google,Beauty,2997.0,1,1,1,1,2997.0
U01685,S01685,2026-01-19,Mobile,Instagram,Clothing,9180.0,1,1,1,0,0.0
U08250,S08250,2026-01-19,Mobile,Instagram,Beauty,8788.0,1,1,0,0,0.0
U00523,S00523,2026-01-19,Mobile,Facebook,Home,2930.0,1,1,1,0,0.0
U01786,S01786,2026-01-19,Desktop,Direct,Shoes,6396.0,1,0,0,0,0.0
U08943,S08943,2026-01-19,Mobile,Facebook,Clothing,3663.0,1,0,0,0,0.0
U00555,S00555,2026-01-19,Mobile,Facebook,Home,3369.0,1,1,1,0,0.0
U01303,S01303,2026-01-19,Desktop,Facebook,Beauty,9576.0,1,0,0,0,0.0
U01418,S01418,2026-01-19,Mobile,Instagram,Shoes,9242.0,1,0,0,0,0.0
U03507,S03507,2026-01-19,Mobile,Facebook,Beauty,1001.0,1,0,0,0,0.0
U08984,S08984,2026-01-19,Desktop,Instagram,Beauty,5674.0,1,0,0,0,0.0
U08853,S08853,2026-01-19,Mobile,Direct,Shoes,1196.0,1,0,0,0,0.0
U04108,S04108,2026-01-19,Desktop,Direct,Clothing,1299.0,1,0,0,0,0.0
U08669,S08669,2026-01-19,Mobile,Google,Electronics,3462.0,1,0,0,0,0.0
U08444,S08444,2026-01-19,Mobile,Email,Electronics,8924.0,1,0,0,0,0.0
U08603,S08603,2026-01-19,Mobile,Google,Beauty,1738.0,1,1,0,0,0.0
U01496,S01496,2026-01-19,Desktop,Instagram,Electronics,3105.0,1,1,0,0,0.0
U08431,S08431,2026-01-19,Mobile,Google,Beauty,2095.0,1,0,0,0,0.0
U07850,S07850,2026-01-19,Desktop,Direct,Beauty,563.0,1,0,0,0,0.0
U09066,S09066,2026-01-19,Mobile,Direct,Electronics,1025.0,1,0,0,0,0.0
U08891,S08891,2026-01-19,Desktop,Email,Electronics,2082.0,1,0,0,0,0.0
U06778,S06778,2026-01-19,Mobile,Google,Beauty,1056.0,1,0,0,0,0.0
U06257,S06257,2026-01-19,Desktop,Instagram,Home,3272.0,1,1,1,0,0.0
U07020,S07020,2026-01-19,Mobile,Google,Electronics,3522.0,1,0,0,0,0.0
U00069,S00069,2026-01-19,Mobile,Google,Electronics,3025.0,1,1,0,0,0.0
U02499,S02499,2026-01-19,Desktop,Instagram,Beauty,5644.0,1,0,0,0,0.0
U02196,S02196,2026-01-19,Desktop,Direct,Clothing,532.0,1,1,1,0,0.0
U03632,S03632,2026-01-19,Tablet,Instagram,Clothing,1999.0,1,1,1,0,0.0
U10390,S10390,2026-01-19,Mobile,Direct,Shoes,805.0,1,1,1,1,805.0
U09336,S09336,2026-01-19,Desktop,Facebook,Clothing,2334.0,1,1,0,0,0.0
U06842,S06842,2026-01-19,Tablet,Instagram,Electronics,2787.0,1,1,1,0,0.0
U11284,S11284,2026-01-19,Mobile,Direct,Beauty,1086.0,1,1,1,1,1086.0
U09835,S09835,2026-01-19,Desktop,Instagram,Electronics,3230.0,1,0,0,0,0.0
U05515,S05515,2026-01-19,Mobile,Email,Electronics,1491.0,1,1,0,0,0.0
U05521,S05521,2026-01-19,Mobile,Instagram,Shoes,1330.0,1,0,0,0,0.0
U04330,S04330,2026-01-19,Tablet,Google,Shoes,7513.0,1,0,0,0,0.0
U10254,S10254,2026-01-19,Mobile,Direct,Clothing,4709.0,1,1,1,1,4709.0
U02369,S02369,2026-01-19,Mobile,Facebook,Electronics,1393.0,1,0,0,0,0.0
U11648,S11648,2026-01-19,Mobile,Facebook,Clothing,686.0,1,1,1,1,686.0
U05834,S05834,2026-01-19,Desktop,Google,Clothing,943.0,1,0,0,0,0.0
U02634,S02634,2026-01-19,Desktop,Direct,Home,4811.0,1,0,0,0,0.0
U09493,S09493,2026-01-19,Desktop,Facebook,Clothing,2315.0,1,1,1,0,0.0
U09647,S09647,2026-01-19,Mobile,Direct,Clothing,5080.0,1,1,0,0,0.0
U06090,S06090,2026-01-19,Desktop,Instagram,Shoes,334.0,1,1,0,0,0.0
U03694,S03694,2026-01-19,Mobile,Direct,Home,4488.0,1,0,0,0,0.0
U04453,S04453,2026-01-19,Desktop,Google,Electronics,9863.0,1,1,0,0,0.0
U11480,S11480,2026-01-19,Desktop,Direct,Electronics,6946.0,1,1,1,1,6946.0
U11490,S11490,2026-01-19,Desktop,Google,Shoes,1133.0,1,0,0,0,0.0
U04446,S04446,2026-01-19,Mobile,Email,Beauty,9566.0,1,0,0,0,0.0
U06295,S06295,2026-01-19,Mobile,Facebook,Home,1181.0,1,0,0,0,0.0
U06134,S06134,2026-01-19,Mobile,Instagram,Beauty,2241.0,1,0,0,0,0.0
U07610,S07610,2026-01-19,Desktop,Google,Clothing,300.0,1,0,0,0,0.0
U07074,S07074,2026-01-19,Mobile,Facebook,Clothing,8340.0,1,1,1,1,8340.0
U00393,S00393,2026-01-19,Mobile,Direct,Electronics,772.0,1,1,1,1,772.0
U05288,S05288,2026-01-19,Mobile,Direct,Shoes,3958.0,1,0,0,0,0.0
U05064,S05064,2026-01-19,Mobile,Email,Electronics,798.0,1,0,0,0,0.0
U09123,S09123,2026-01-19,Desktop,Instagram,Electronics,4077.0,1,0,0,0,0.0
U10972,S10972,2026-01-19,Desktop,Instagram,Home,6212.0,1,1,1,0,0.0
U10148,S10148,2026-01-19,Mobile,Google,Home,8751.0,1,0,0,0,0.0
U11001,S11001,2026-01-19,Desktop,Direct,Electronics,7405.0,1,1,0,0,0.0
U01232,S01232,2026-01-19,Mobile,Email,Shoes,2417.0,1,0,0,0,0.0
U04779,S04779,2026-01-19,Mobile,Instagram,Electronics,9877.0,1,0,0,0,0.0
U04782,S04782,2026-01-19,Tablet,Direct,Clothing,1112.0,1,0,0,0,0.0
U02027,S02027,2026-01-19,Desktop,Instagram,Shoes,2022.0,1,0,0,0,0.0
U07285,S07285,2026-01-19,Tablet,Google,Home,12323.0,1,1,1,0,0.0
U02121,S02121,2026-01-19,Mobile,Instagram,Home,878.0,1,0,0,0,0.0
U04841,S04841,2026-01-19,Desktop,Google,Home,339.0,1,0,0,0,0.0
U07161,S07161,2026-01-19,Mobile,Instagram,Shoes,1149.0,1,0,0,0,0.0
U03169,S03169,2026-01-19,Mobile,Google,Shoes,15221.0,1,1,0,0,0.0
U09567,S09567,2026-01-19,Mobile,Email,Electronics,300.0,1,0,0,0,0.0
U02117,S02117,2026-01-19,Mobile,Direct,Beauty,1070.0,1,0,0,0,0.0
U10170,S10170,2026-01-19,Mobile,Instagram,Shoes,2912.0,1,0,0,0,0.0
U05313,S05313,2026-01-20,Mobile,Google,Clothing,2303.0,1,0,0,0,0.0
U08820,S08820,2026-01-20,Desktop,Direct,Clothing,1629.0,1,0,0,0,0.0
U08228,S08228,2026-01-20,Mobile,Direct,Shoes,16094.0,1,1,0,0,0.0
U11837,S11837,2026-01-20,Mobile,Instagram,Beauty,806.0,1,0,0,0,0.0
U08223,S08223,2026-01-20,Mobile,Instagram,Clothing,5485.0,1,0,0,0,0.0
U09625,S09625,2026-01-20,Desktop,Facebook,Electronics,1010.0,1,1,1,0,0.0
U05008,S05008,2026-01-20,Desktop,Instagram,Home,5205.0,1,0,0,0,0.0
U04775,S04775,2026-01-20,Mobile,Instagram,Clothing,5786.0,1,1,0,0,0.0
U10073,S10073,2026-01-20,Mobile,Direct,Clothing,839.0,1,0,0,0,0.0
U03127,S03127,2026-01-20,Mobile,Direct,Beauty,12484.0,1,1,0,0,0.0
U03854,S03854,2026-01-20,Mobile,Instagram,Electronics,8002.0,1,0,0,0,0.0
U00066,S00066,2026-01-20,Mobile,Instagram,Beauty,10006.0,1,0,0,0,0.0
U00531,S00531,2026-01-20,Desktop,Google,Shoes,300.0,1,1,1,1,300.0
U09907,S09907,2026-01-20,Mobile,Google,Beauty,374.0,1,0,0,0,0.0
U03879,S03879,2026-01-20,Mobile,Email,Clothing,3314.0,1,1,1,1,3314.0
U03091,S03091,2026-01-20,Desktop,Instagram,Beauty,2297.0,1,1,0,0,0.0
U03082,S03082,2026-01-20,Mobile,Email,Clothing,2195.0,1,0,0,0,0.0
U05281,S05281,2026-01-20,Tablet,Google,Electronics,2242.0,1,0,0,0,0.0
U00916,S00916,2026-01-20,Tablet,Facebook,Shoes,562.0,1,0,0,0,0.0
U03063,S03063,2026-01-20,Mobile,Email,Clothing,7580.0,1,0,0,0,0.0
U04055,S04055,2026-01-20,Desktop,Instagram,Beauty,874.0,1,0,0,0,0.0
U04613,S04613,2026-01-20,Desktop,Google,Clothing,1852.0,1,1,1,1,1852.0
U08536,S08536,2026-01-20,Mobile,Instagram,Beauty,2648.0,1,0,0,0,0.0
U02801,S02801,2026-01-20,Tablet,Google,Home,1101.0,1,0,0,0,0.0
U04929,S04929,2026-01-20,Desktop,Google,Shoes,5569.0,1,1,1,0,0.0
U05558,S05558,2026-01-20,Mobile,Facebook,Clothing,7537.0,1,0,0,0,0.0
U05560,S05560,2026-01-20,Mobile,Email,Home,1150.0,1,0,0,0,0.0
U10782,S10782,2026-01-20,Desktop,Google,Home,4411.0,1,1,1,1,4411.0
U02740,S02740,2026-01-20,Mobile,Direct,Electronics,5921.0,1,1,1,0,0.0
U03478,S03478,2026-01-20,Desktop,Direct,Clothing,965.0,1,0,0,0,0.0
U11907,S11907,2026-01-20,Mobile,Direct,Clothing,5415.0,1,0,0,0,0.0
U03460,S03460,2026-01-20,Desktop,Instagram,Shoes,835.0,1,1,1,0,0.0
U08886,S08886,2026-01-20,Mobile,Instagram,Electronics,13783.0,1,0,0,0,0.0
U09993,S09993,2026-01-20,Mobile,Direct,Shoes,6286.0,1,0,0,0,0.0
U01597,S01597,2026-01-20,Mobile,Instagram,Shoes,7433.0,1,1,1,0,0.0
U10491,S10491,2026-01-20,Mobile,Direct,Clothing,5372.0,1,1,0,0,0.0
U09557,S09557,2026-01-20,Mobile,Google,Beauty,5566.0,1,1,1,1,5566.0
U10414,S10414,2026-01-20,Mobile,Direct,Home,1405.0,1,1,0,0,0.0
U02179,S02179,2026-01-20,Mobile,Instagram,Shoes,7210.0,1,0,0,0,0.0
U01146,S01146,2026-01-20,Mobile,Google,Clothing,4096.0,1,1,1,0,0.0
U02108,S02108,2026-01-20,Tablet,Google,Electronics,4877.0,1,0,0,0,0.0
U10416,S10416,2026-01-20,Tablet,Direct,Beauty,1706.0,1,0,0,0,0.0
U01189,S01189,2026-01-20,Mobile,Google,Home,4764.0,1,0,0,0,0.0
U10901,S10901,2026-01-20,Mobile,Google,Clothing,30000.0,1,0,0,0,0.0
U00345,S00345,2026-01-20,Desktop,Direct,Electronics,6821.0,1,0,0,0,0.0
U06873,S06873,2026-01-20,Mobile,Direct,Shoes,752.0,1,1,1,0,0.0
U11281,S11281,2026-01-20,Mobile,Email,Clothing,413.0,1,0,0,0,0.0
U07241,S07241,2026-01-20,Mobile,Direct,Home,3559.0,1,0,0,0,0.0
U03392,S03392,2026-01-20,Desktop,Google,Clothing,1922.0,1,1,1,1,1922.0
U07290,S07290,2026-01-20,Mobile,Google,Home,1797.0,1,0,0,0,0.0
U03944,S03944,2026-01-20,Mobile,Direct,Clothing,11524.0,1,0,0,0,0.0
U01319,S01319,2026-01-20,Desktop,Direct,Home,3091.0,1,0,0,0,0.0
U07032,S07032,2026-01-20,Mobile,Direct,Home,7005.0,1,0,0,0,0.0
U04125,S04125,2026-01-20,Tablet,Email,Electronics,2024.0,1,0,0,0,0.0
U06374,S06374,2026-01-20,Desktop,Instagram,Home,2753.0,1,1,1,0,0.0
U08079,S08079,2026-01-20,Tablet,Google,Shoes,4097.0,1,0,0,0,0.0
U00267,S00267,2026-01-20,Mobile,Instagram,Clothing,1462.0,1,0,0,0,0.0
U09150,S09150,2026-01-20,Mobile,Google,Clothing,8420.0,1,1,0,0,0.0
U08932,S08932,2026-01-20,Mobile,Facebook,Home,1834.0,1,0,0,0,0.0
U04150,S04150,2026-01-20,Mobile,Google,Shoes,1902.0,1,0,0,0,0.0
U01051,S01051,2026-01-20,Desktop,Google,Clothing,2334.0,1,0,0,0,0.0
U06444,S06444,2026-01-20,Desktop,Email,Beauty,2050.0,1,1,1,1,2050.0
U06371,S06371,2026-01-20,Desktop,Direct,Beauty,1055.0,1,0,0,0,0.0
U08112,S08112,2026-01-20,Mobile,Instagram,Home,1822.0,1,1,0,0,0.0
U07673,S07673,2026-01-21,Tablet,Facebook,Electronics,2409.0,1,0,0,0,0.0
U03180,S03180,2026-01-21,Mobile,Google,Clothing,1179.0,1,1,0,0,0.0
U00451,S00451,2026-01-21,Mobile,Google,Home,1395.0,1,0,0,0,0.0
U07635,S07635,2026-01-21,Mobile,Direct,Clothing,9122.0,1,1,1,1,9122.0
U07521,S07521,2026-01-21,Mobile,Google,Shoes,810.0,1,0,0,0,0.0
U08670,S08670,2026-01-21,Desktop,Instagram,Clothing,780.0,1,0,0,0,0.0
U03586,S03586,2026-01-21,Desktop,Email,Beauty,11222.0,1,1,0,0,0.0
U10903,S10903,2026-01-21,Mobile,Google,Electronics,30000.0,1,1,1,1,30000.0
U07254,S07254,2026-01-21,Mobile,Instagram,Shoes,926.0,1,1,1,1,926.0
U10921,S10921,2026-01-21,Mobile,Facebook,Electronics,7147.0,1,0,0,0,0.0
U07266,S07266,2026-01-21,Mobile,Facebook,Beauty,5253.0,1,0,0,0,0.0
U00472,S00472,2026-01-21,Mobile,Google,Home,3473.0,1,0,0,0,0.0
U08587,S08587,2026-01-21,Mobile,Google,Shoes,2724.0,1,0,0,0,0.0
U04757,S04757,2026-01-21,Mobile,Google,Home,7351.0,1,0,0,0,0.0
U02014,S02014,2026-01-21,Mobile,Facebook,Home,1051.0,1,0,0,0,0.0
U03370,S03370,2026-01-21,Mobile,Google,Home,4416.0,1,0,0,0,0.0
U07358,S07358,2026-01-21,Mobile,Google,Clothing,1005.0,1,1,1,1,1005.0
U01981,S01981,2026-01-21,Desktop,Email,Beauty,1405.0,1,1,1,0,0.0
U03033,S03033,2026-01-21,Mobile,Google,Shoes,3592.0,1,0,0,0,0.0
U04209,S04209,2026-01-21,Mobile,Email,Home,8654.0,1,1,1,0,0.0
U07872,S07872,2026-01-21,Mobile,Email,Clothing,1460.0,1,0,0,0,0.0
U02155,S02155,2026-01-21,Mobile,Instagram,Shoes,1425.0,1,1,1,1,1425.0
U06161,S06161,2026-01-21,Desktop,Direct,Clothing,4400.0,1,0,0,0,0.0
U04420,S04420,2026-01-21,Mobile,Google,Shoes,626.0,1,0,0,0,0.0
U06346,S06346,2026-01-21,Desktop,Google,Clothing,8051.0,1,0,0,0,0.0
U06373,S06373,2026-01-21,Tablet,Facebook,Clothing,3822.0,1,1,1,1,3822.0
U02543,S02543,2026-01-21,Mobile,Email,Shoes,8270.0,1,0,0,0,0.0
U05837,S05837,2026-01-21,Desktop,Google,Shoes,782.0,1,0,0,0,0.0
U00539,S00539,2026-01-21,Mobile,Direct,Clothing,3438.0,1,1,0,0,0.0
U00161,S00161,2026-01-21,Mobile,Google,Clothing,4563.0,1,0,0,0,0.0
U06574,S06574,2026-01-21,Mobile,Direct,Clothing,1650.0,1,0,0,0,0.0
U06653,S06653,2026-01-21,Desktop,Direct,Shoes,300.0,1,1,1,1,300.0
U08285,S08285,2026-01-21,Mobile,Email,Clothing,1889.0,1,1,0,0,0.0
U11344,S11344,2026-01-21,Mobile,Direct,Home,2688.0,1,0,0,0,0.0
U07987,S07987,2026-01-21,Tablet,Direct,Electronics,736.0,1,1,1,0,0.0
U03606,S03606,2026-01-21,Mobile,Instagram,Electronics,9898.0,1,1,1,0,0.0
U08293,S08293,2026-01-21,Mobile,Instagram,Shoes,3047.0,1,1,1,1,3047.0
U07957,S07957,2026-01-21,Mobile,Google,Electronics,2426.0,1,0,0,0,0.0
U02784,S02784,2026-01-21,Mobile,Direct,Beauty,1141.0,1,1,1,1,1141.0
U06742,S06742,2026-01-21,Mobile,Google,Electronics,5176.0,1,1,1,1,5176.0
U06791,S06791,2026-01-21,Mobile,Instagram,Home,5670.0,1,1,0,0,0.0
U06817,S06817,2026-01-21,Desktop,Direct,Beauty,3822.0,1,1,1,1,3822.0
U00107,S00107,2026-01-21,Mobile,Direct,Electronics,3135.0,1,0,0,0,0.0
U05353,S05353,2026-01-21,Desktop,Instagram,Shoes,2496.0,1,0,0,0,0.0
U07898,S07898,2026-01-21,Mobile,Instagram,Shoes,4088.0,1,0,0,0,0.0
U08188,S08188,2026-01-21,Mobile,Instagram,Shoes,10021.0,1,0,0,0,0.0
U02911,S02911,2026-01-21,Desktop,Google,Shoes,3675.0,1,0,0,0,0.0
U11235,S11235,2026-01-21,Desktop,Direct,Clothing,1926.0,1,0,0,0,0.0
U02936,S02936,2026-01-21,Mobile,Google,Beauty,8572.0,1,1,1,0,0.0
U07002,S07002,2026-01-21,Desktop,Facebook,Shoes,6278.0,1,1,1,1,6278.0
U11340,S11340,2026-01-21,Mobile,Direct,Electronics,7295.0,1,0,0,0,0.0
U08708,S08708,2026-01-21,Mobile,Google,Clothing,6885.0,1,0,0,0,0.0
U10121,S10121,2026-01-21,Mobile,Email,Shoes,4873.0,1,0,0,0,0.0
U10579,S10579,2026-01-21,Mobile,Google,Clothing,3256.0,1,0,0,0,0.0
U10429,S10429,2026-01-21,Mobile,Email,Beauty,1284.0,1,1,0,0,0.0
U01041,S01041,2026-01-21,Mobile,Facebook,Electronics,5377.0,1,0,0,0,0.0
U08848,S08848,2026-01-21,Mobile,Email,Electronics,10656.0,1,0,0,0,0.0
U09720,S09720,2026-01-21,Mobile,Instagram,Clothing,2576.0,1,1,1,0,0.0
U10039,S10039,2026-01-21,Mobile,Instagram,Clothing,1418.0,1,1,1,0,0.0
U09498,S09498,2026-01-21,Mobile,Instagram,Beauty,2776.0,1,0,0,0,0.0
U09644,S09644,2026-01-21,Mobile,Instagram,Electronics,3844.0,1,1,0,0,0.0
U09254,S09254,2026-01-21,Desktop,Instagram,Clothing,2853.0,1,0,0,0,0.0
U01252,S01252,2026-01-21,Mobile,Google,Beauty,1117.0,1,0,0,0,0.0
U03888,S03888,2026-01-21,Desktop,Google,Electronics,521.0,1,1,0,0,0.0
U10588,S10588,2026-01-21,Tablet,Email,Electronics,7191.0,1,1,1,1,7191.0
U00609,S00609,2026-01-21,Desktop,Google,Clothing,573.0,1,0,0,0,0.0
U09618,S09618,2026-01-21,Mobile,Instagram,Electronics,8447.0,1,0,0,0,0.0
U08934,S08934,2026-01-21,Tablet,Facebook,Home,3527.0,1,0,0,0,0.0
U09351,S09351,2026-01-21,Desktop,Google,Electronics,2642.0,1,1,1,1,2642.0
U09350,S09350,2026-01-21,Mobile,Google,Electronics,7132.0,1,0,0,0,0.0
U03436,S03436,2026-01-21,Mobile,Instagram,Beauty,5559.0,1,1,1,1,5559.0
U09586,S09586,2026-01-21,Desktop,Instagram,Electronics,1750.0,1,0,0,0,0.0
U10878,S10878,2026-01-22,Mobile,Google,Beauty,1389.0,1,1,1,1,1389.0
U05047,S05047,2026-01-22,Mobile,Google,Clothing,2571.0,1,1,0,0,0.0
U10727,S10727,2026-01-22,Desktop,Google,Clothing,6522.0,1,1,1,0,0.0
U05669,S05669,2026-01-22,Desktop,Instagram,Beauty,532.0,1,0,0,0,0.0
U11431,S11431,2026-01-22,Mobile,Direct,Clothing,998.0,1,1,1,1,998.0
U10068,S10068,2026-01-22,Tablet,Direct,Shoes,328.0,1,1,0,0,0.0
U05148,S05148,2026-01-22,Mobile,Instagram,Electronics,6220.0,1,1,1,0,0.0
U07352,S07352,2026-01-22,Mobile,Google,Shoes,2698.0,1,0,0,0,0.0
U07343,S07343,2026-01-22,Desktop,Instagram,Clothing,966.0,1,0,0,0,0.0
U07718,S07718,2026-01-22,Desktop,Facebook,Clothing,1662.0,1,0,0,0,0.0
U10859,S10859,2026-01-22,Desktop,Direct,Shoes,4789.0,1,0,0,0,0.0
U06461,S06461,2026-01-22,Mobile,Google,Beauty,3515.0,1,1,1,1,3515.0
U09420,S09420,2026-01-22,Tablet,Facebook,Shoes,3867.0,1,1,1,1,3867.0
U07417,S07417,2026-01-22,Mobile,Instagram,Home,875.0,1,1,1,1,875.0
U02575,S02575,2026-01-22,Mobile,Instagram,Clothing,20273.0,1,1,0,0,0.0
U03722,S03722,2026-01-22,Mobile,Google,Shoes,2027.0,1,0,0,0,0.0
U02338,S02338,2026-01-22,Mobile,Direct,Shoes,1983.0,1,1,1,1,1983.0
U04740,S04740,2026-01-22,Desktop,Direct,Electronics,3434.0,1,0,0,0,0.0
U03673,S03673,2026-01-22,Mobile,Email,Shoes,369.0,1,1,0,0,0.0
U10058,S10058,2026-01-22,Mobile,Direct,Shoes,2337.0,1,0,0,0,0.0
U07814,S07814,2026-01-22,Mobile,Google,Home,7777.0,1,0,0,0,0.0
U02390,S02390,2026-01-22,Mobile,Google,Home,10684.0,1,0,0,0,0.0
U08811,S08811,2026-01-22,Desktop,Direct,Clothing,3437.0,1,0,0,0,0.0
U01265,S01265,2026-01-22,Mobile,Google,Clothing,3577.0,1,1,1,1,3577.0
U00966,S00966,2026-01-22,Mobile,Direct,Beauty,300.0,1,1,1,0,0.0
U09635,S09635,2026-01-22,Desktop,Google,Home,8364.0,1,1,1,1,8364.0
U03109,S03109,2026-01-22,Mobile,Instagram,Home,529.0,1,1,1,1,529.0
U07416,S07416,2026-01-22,Desktop,Direct,Electronics,3093.0,1,1,1,1,3093.0
U06570,S06570,2026-01-22,Desktop,Instagram,Clothing,1724.0,1,1,1,0,0.0
U06277,S06277,2026-01-22,Mobile,Instagram,Shoes,2920.0,1,1,0,0,0.0
U09206,S09206,2026-01-22,Desktop,Instagram,Electronics,747.0,1,0,0,0,0.0
U07308,S07308,2026-01-22,Desktop,Google,Electronics,4136.0,1,0,0,0,0.0
U06208,S06208,2026-01-22,Mobile,Facebook,Clothing,2782.0,1,1,1,1,2782.0
U01599,S01599,2026-01-22,Desktop,Instagram,Beauty,840.0,1,0,0,0,0.0
U05966,S05966,2026-01-22,Mobile,Direct,Beauty,943.0,1,0,0,0,0.0
U05959,S05959,2026-01-22,Desktop,Direct,Electronics,1369.0,1,1,1,1,1369.0
U11137,S11137,2026-01-22,Desktop,Direct,Shoes,2375.0,1,0,0,0,0.0
U03937,S03937,2026-01-22,Mobile,Facebook,Electronics,5127.0,1,1,1,1,5127.0
U08165,S08165,2026-01-22,Mobile,Instagram,Shoes,1629.0,1,1,1,0,0.0
U02804,S02804,2026-01-22,Mobile,Google,Beauty,3743.0,1,1,0,0,0.0
U05579,S05579,2026-01-22,Desktop,Email,Electronics,2754.0,1,0,0,0,0.0
U09296,S09296,2026-01-22,Mobile,Direct,Beauty,1404.0,1,0,0,0,0.0
U05950,S05950,2026-01-22,Desktop,Facebook,Home,2847.0,1,1,1,1,2847.0
U08179,S08179,2026-01-22,Mobile,Google,Electronics,2227.0,1,1,1,1,2227.0
U03048,S03048,2026-01-22,Desktop,Instagram,Beauty,1879.0,1,1,1,0,0.0
U03142,S03142,2026-01-22,Mobile,Facebook,Electronics,8481.0,1,0,0,0,0.0
U06760,S06760,2026-01-22,Mobile,Google,Home,934.0,1,0,0,0,0.0
U01687,S01687,2026-01-22,Mobile,Instagram,Home,876.0,1,1,1,1,876.0
U01450,S01450,2026-01-22,Mobile,Google,Shoes,5304.0,1,0,0,0,0.0
U11642,S11642,2026-01-22,Mobile,Facebook,Home,1034.0,1,1,0,0,0.0
U04466,S04466,2026-01-22,Mobile,Direct,Clothing,631.0,1,0,0,0,0.0
U09773,S09773,2026-01-22,Desktop,Instagram,Home,3865.0,1,0,0,0,0.0
U08023,S08023,2026-01-22,Tablet,Google,Home,1489.0,1,0,0,0,0.0
U11113,S11113,2026-01-22,Mobile,Direct,Electronics,1490.0,1,0,0,0,0.0
U08346,S08346,2026-01-22,Mobile,Facebook,Clothing,4393.0,1,0,0,0,0.0
U00168,S00168,2026-01-23,Desktop,Facebook,Beauty,3114.0,1,1,0,0,0.0
U01307,S01307,2026-01-23,Mobile,Facebook,Beauty,300.0,1,1,1,1,300.0
U03321,S03321,2026-01-23,Mobile,Direct,Home,2323.0,1,0,0,0,0.0
U06190,S06190,2026-01-23,Mobile,Direct,Home,3715.0,1,0,0,0,0.0
U03078,S03078,2026-01-23,Mobile,Direct,Shoes,3882.0,1,0,0,0,0.0
U09942,S09942,2026-01-23,Mobile,Instagram,Clothing,608.0,1,0,0,0,0.0
U00740,S00740,2026-01-23,Mobile,Direct,Clothing,1601.0,1,1,1,1,1601.0
U09539,S09539,2026-01-23,Desktop,Google,Home,2965.0,1,1,0,0,0.0
U07752,S07752,2026-01-23,Mobile,Direct,Clothing,2839.0,1,1,0,0,0.0
U10855,S10855,2026-01-23,Desktop,Instagram,Home,1493.0,1,0,0,0,0.0
U04883,S04883,2026-01-23,Mobile,Email,Clothing,9609.0,1,1,1,1,9609.0
U09570,S09570,2026-01-23,Desktop,Direct,Beauty,564.0,1,0,0,0,0.0
U10852,S10852,2026-01-23,Mobile,Instagram,Clothing,2191.0,1,0,0,0,0.0
U07775,S07775,2026-01-23,Desktop,Google,Clothing,853.0,1,1,1,1,853.0
U10052,S10052,2026-01-23,Mobile,Google,Beauty,6080.0,1,0,0,0,0.0
U04495,S04495,2026-01-23,Mobile,Google,Electronics,4348.0,1,0,0,0,0.0
U11657,S11657,2026-01-23,Mobile,Direct,Electronics,1453.0,1,0,0,0,0.0
U04033,S04033,2026-01-23,Desktop,Google,Shoes,1306.0,1,0,0,0,0.0
U09914,S09914,2026-01-23,Mobile,Facebook,Home,1640.0,1,1,0,0,0.0
U10168,S10168,2026-01-23,Desktop,Facebook,Clothing,4472.0,1,1,0,0,0.0
U07855,S07855,2026-01-23,Mobile,Google,Electronics,992.0,1,0,0,0,0.0
U08393,S08393,2026-01-23,Mobile,Google,Home,13639.0,1,0,0,0,0.0
U00481,S00481,2026-01-23,Mobile,Direct,Home,647.0,1,0,0,0,0.0
U09041,S09041,2026-01-23,Mobile,Email,Clothing,4870.0,1,1,1,1,4870.0
U05836,S05836,2026-01-23,Mobile,Direct,Clothing,11557.0,1,0,0,0,0.0
U09545,S09545,2026-01-23,Mobile,Google,Shoes,2492.0,1,0,0,0,0.0
U05092,S05092,2026-01-23,Desktop,Facebook,Electronics,2385.0,1,0,0,0,0.0
U03889,S03889,2026-01-23,Tablet,Facebook,Electronics,3704.0,1,0,0,0,0.0
U02680,S02680,2026-01-23,Mobile,Email,Home,2327.0,1,1,1,1,2327.0
U05859,S05859,2026-01-23,Mobile,Google,Beauty,8005.0,1,1,1,1,8005.0
U08319,S08319,2026-01-23,Mobile,Instagram,Home,12803.0,1,0,0,0,0.0
U09070,S09070,2026-01-23,Mobile,Email,Electronics,3553.0,1,1,0,0,0.0
U02286,S02286,2026-01-23,Mobile,Google,Electronics,2036.0,1,0,0,0,0.0
U11828,S11828,2026-01-23,Mobile,Instagram,Shoes,9044.0,1,0,0,0,0.0
U03118,S03118,2026-01-23,Desktop,Facebook,Home,889.0,1,0,0,0,0.0
U03628,S03628,2026-01-23,Desktop,Email,Beauty,848.0,1,0,0,0,0.0
U09405,S09405,2026-01-23,Desktop,Google,Electronics,10151.0,1,1,1,0,0.0
U11369,S11369,2026-01-23,Desktop,Facebook,Clothing,5665.0,1,0,0,0,0.0
U05334,S05334,2026-01-23,Mobile,Direct,Beauty,2382.0,1,1,0,0,0.0
U07326,S07326,2026-01-23,Mobile,Google,Home,4017.0,1,0,0,0,0.0
U07278,S07278,2026-01-23,Desktop,Instagram,Beauty,1758.0,1,0,0,0,0.0
U11075,S11075,2026-01-23,Tablet,Google,Beauty,6481.0,1,0,0,0,0.0
U11083,S11083,2026-01-23,Mobile,Instagram,Shoes,5041.0,1,0,0,0,0.0
U06700,S06700,2026-01-23,Mobile,Instagram,Shoes,684.0,1,0,0,0,0.0
U07482,S07482,2026-01-23,Desktop,Google,Clothing,611.0,1,0,0,0,0.0
U02074,S02074,2026-01-23,Desktop,Email,Shoes,3591.0,1,1,0,0,0.0
U08735,S08735,2026-01-23,Desktop,Google,Clothing,4555.0,1,0,0,0,0.0
U02091,S02091,2026-01-23,Mobile,Instagram,Electronics,1886.0,1,1,0,0,0.0
U06748,S06748,2026-01-23,Mobile,Instagram,Home,11668.0,1,0,0,0,0.0
U02822,S02822,2026-01-23,Desktop,Email,Shoes,1198.0,1,1,1,0,0.0
U11297,S11297,2026-01-23,Desktop,Instagram,Home,1302.0,1,0,0,0,0.0
U02255,S02255,2026-01-23,Tablet,Facebook,Beauty,588.0,1,1,1,0,0.0
U09269,S09269,2026-01-23,Desktop,Facebook,Home,3341.0,1,1,1,1,3341.0
U02595,S02595,2026-01-23,Mobile,Google,Shoes,1835.0,1,0,0,0,0.0
U10389,S10389,2026-01-23,Mobile,Google,Beauty,4188.0,1,1,1,1,4188.0
U06956,S06956,2026-01-23,Mobile,Direct,Clothing,5446.0,1,0,0,0,0.0
U05394,S05394,2026-01-23,Mobile,Google,Shoes,8770.0,1,0,0,0,0.0
U01958,S01958,2026-01-23,Mobile,Instagram,Beauty,1458.0,1,0,0,0,0.0
U09840,S09840,2026-01-23,Tablet,Facebook,Electronics,1763.0,1,1,1,1,1763.0
U11423,S11423,2026-01-23,Desktop,Direct,Clothing,9777.0,1,0,0,0,0.0
U00652,S00652,2026-01-23,Desktop,Direct,Beauty,30000.0,1,1,1,0,0.0
U06499,S06499,2026-01-23,Mobile,Facebook,Shoes,5490.0,1,0,0,0,0.0
U10351,S10351,2026-01-23,Mobile,Google,Beauty,6200.0,1,1,0,0,0.0
U08533,S08533,2026-01-23,Mobile,Instagram,Clothing,2628.0,1,0,0,0,0.0
U11410,S11410,2026-01-23,Mobile,Facebook,Home,3893.0,1,1,1,1,3893.0
U05160,S05160,2026-01-23,Mobile,Email,Home,385.0,1,1,0,0,0.0
U04053,S04053,2026-01-23,Mobile,Facebook,Electronics,11385.0,1,0,0,0,0.0
U06471,S06471,2026-01-23,Mobile,Instagram,Electronics,2255.0,1,0,0,0,0.0
U10256,S10256,2026-01-23,Mobile,Direct,Shoes,2872.0,1,1,0,0,0.0
U01513,S01513,2026-01-23,Desktop,Direct,Beauty,5535.0,1,0,0,0,0.0
U05678,S05678,2026-01-23,Mobile,Email,Shoes,3581.0,1,1,1,0,0.0
U07540,S07540,2026-01-23,Mobile,Email,Electronics,2372.0,1,0,0,0,0.0
U00944,S00944,2026-01-24,Mobile,Direct,Electronics,7562.0,1,0,0,0,0.0
U08119,S08119,2026-01-24,Mobile,Instagram,Home,12480.0,1,1,0,0,0.0
U02661,S02661,2026-01-24,Desktop,Email,Clothing,2469.0,1,1,1,0,0.0
U09548,S09548,2026-01-24,Desktop,Email,Shoes,1291.0,1,0,0,0,0.0
U01672,S01672,2026-01-24,Mobile,Facebook,Home,12364.0,1,0,0,0,0.0
U06921,S06921,2026-01-24,Desktop,Facebook,Clothing,5979.0,1,1,1,0,0.0
U02760,S02760,2026-01-24,Mobile,Instagram,Electronics,2135.0,1,0,0,0,0.0
U10318,S10318,2026-01-24,Mobile,Direct,Electronics,692.0,1,0,0,0,0.0
U05589,S05589,2026-01-24,Mobile,Email,Shoes,543.0,1,1,0,0,0.0
U09079,S09079,2026-01-24,Mobile,Direct,Shoes,2521.0,1,1,0,0,0.0
U02507,S02507,2026-01-24,Tablet,Direct,Beauty,1915.0,1,1,1,1,1915.0
U09309,S09309,2026-01-24,Mobile,Facebook,Home,2932.0,1,0,0,0,0.0
U03322,S03322,2026-01-24,Mobile,Email,Shoes,516.0,1,1,0,0,0.0
U09565,S09565,2026-01-24,Desktop,Direct,Home,1080.0,1,1,0,0,0.0
U06803,S06803,2026-01-24,Mobile,Google,Electronics,722.0,1,0,0,0,0.0
U03419,S03419,2026-01-24,Mobile,Instagram,Electronics,1295.0,1,1,1,1,1295.0
U08203,S08203,2026-01-24,Mobile,Facebook,Electronics,1535.0,1,1,1,1,1535.0
U10276,S10276,2026-01-24,Mobile,Facebook,Clothing,1657.0,1,1,1,0,0.0
U05234,S05234,2026-01-24,Mobile,Direct,Electronics,1933.0,1,0,0,0,0.0
U09023,S09023,2026-01-24,Desktop,Google,Clothing,929.0,1,0,0,0,0.0
U00905,S00905,2026-01-24,Tablet,Google,Electronics,1017.0,1,0,0,0,0.0
U01299,S01299,2026-01-24,Desktop,Instagram,Electronics,7283.0,1,1,0,0,0.0
U03871,S03871,2026-01-24,Mobile,Google,Electronics,1420.0,1,0,0,0,0.0
U07525,S07525,2026-01-24,Mobile,Direct,Home,8019.0,1,1,0,0,0.0
U11025,S11025,2026-01-24,Mobile,Instagram,Electronics,367.0,1,0,0,0,0.0
U11873,S11873,2026-01-24,Desktop,Facebook,Electronics,1183.0,1,1,1,1,1183.0
U00430,S00430,2026-01-24,Desktop,Instagram,Beauty,3098.0,1,0,0,0,0.0
U00885,S00885,2026-01-24,Mobile,Facebook,Home,3204.0,1,0,0,0,0.0
U02315,S02315,2026-01-24,Mobile,Facebook,Clothing,919.0,1,1,1,0,0.0
U09196,S09196,2026-01-24,Mobile,Instagram,Shoes,6145.0,1,1,1,1,6145.0
U05403,S05403,2026-01-24,Mobile,Instagram,Shoes,14100.0,1,0,0,0,0.0
U09042,S09042,2026-01-24,Mobile,Instagram,Shoes,15503.0,1,0,0,0,0.0
U11673,S11673,2026-01-24,Mobile,Direct,Shoes,3521.0,1,1,0,0,0.0
U09836,S09836,2026-01-24,Mobile,Instagram,Clothing,11060.0,1,0,0,0,0.0
U04503,S04503,2026-01-24,Mobile,Google,Beauty,2129.0,1,1,0,0,0.0
U09395,S09395,2026-01-24,Desktop,Instagram,Electronics,1795.0,1,1,1,1,1795.0
U07614,S07614,2026-01-24,Mobile,Instagram,Clothing,8748.0,1,0,0,0,0.0
U06533,S06533,2026-01-24,Desktop,Google,Home,4521.0,1,0,0,0,0.0
U03294,S03294,2026-01-24,Mobile,Instagram,Clothing,1629.0,1,1,1,1,1629.0
U04422,S04422,2026-01-24,Mobile,Direct,Clothing,613.0,1,1,0,0,0.0
U05751,S05751,2026-01-24,Mobile,Instagram,Home,1951.0,1,0,0,0,0.0
U00868,S00868,2026-01-24,Desktop,Direct,Electronics,3318.0,1,0,0,0,0.0
U01916,S01916,2026-01-24,Mobile,Email,Electronics,3528.0,1,0,0,0,0.0
U07663,S07663,2026-01-24,Desktop,Instagram,Electronics,2278.0,1,1,1,1,2278.0
U04206,S04206,2026-01-24,Desktop,Instagram,Clothing,2463.0,1,0,0,0,0.0
U04477,S04477,2026-01-24,Mobile,Direct,Home,1594.0,1,0,0,0,0.0
U04451,S04451,2026-01-24,Desktop,Direct,Clothing,9106.0,1,1,1,1,9106.0
U10164,S10164,2026-01-24,Mobile,Direct,Shoes,2390.0,1,0,0,0,0.0
U01514,S01514,2026-01-24,Desktop,Instagram,Clothing,511.0,1,1,0,0,0.0
U03163,S03163,2026-01-24,Mobile,Direct,Electronics,3830.0,1,0,0,0,0.0
U08890,S08890,2026-01-24,Mobile,Direct,Home,3751.0,1,0,0,0,0.0
U04624,S04624,2026-01-24,Desktop,Direct,Electronics,932.0,1,0,0,0,0.0
U05876,S05876,2026-01-24,Mobile,Google,Beauty,19190.0,1,0,0,0,0.0
U11954,S11954,2026-01-24,Tablet,Facebook,Beauty,683.0,1,1,1,1,683.0
U08511,S08511,2026-01-24,Mobile,Google,Beauty,3504.0,1,0,0,0,0.0
U01563,S01563,2026-01-24,Desktop,Direct,Clothing,1285.0,1,0,0,0,0.0
U05883,S05883,2026-01-24,Desktop,Instagram,Clothing,944.0,1,0,0,0,0.0
U03462,S03462,2026-01-24,Desktop,Email,Electronics,2548.0,1,1,1,1,2548.0
U08399,S08399,2026-01-24,Tablet,Google,Home,2998.0,1,0,0,0,0.0
U05985,S05985,2026-01-24,Desktop,Email,Shoes,2249.0,1,1,1,1,2249.0
U06073,S06073,2026-01-24,Mobile,Instagram,Electronics,734.0,1,1,0,0,0.0
U00585,S00585,2026-01-24,Desktop,Email,Shoes,394.0,1,0,0,0,0.0
U00192,S00192,2026-01-24,Mobile,Google,Clothing,11306.0,1,0,0,0,0.0
U06266,S06266,2026-01-25,Desktop,Direct,Electronics,621.0,1,1,0,0,0.0
U06682,S06682,2026-01-25,Desktop,Direct,Clothing,2950.0,1,1,1,1,2950.0
U01044,S01044,2026-01-25,Desktop,Direct,Clothing,3224.0,1,1,0,0,0.0
U00136,S00136,2026-01-25,Mobile,Instagram,Clothing,744.0,1,1,1,1,744.0
U09156,S09156,2026-01-25,Desktop,Google,Electronics,1464.0,1,0,0,0,0.0
U06111,S06111,2026-01-25,Mobile,Direct,Shoes,1553.0,1,0,0,0,0.0
U02306,S02306,2026-01-25,Mobile,Instagram,Shoes,926.0,1,0,0,0,0.0
U02731,S02731,2026-01-25,Mobile,Direct,Clothing,1588.0,1,0,0,0,0.0
U03751,S03751,2026-01-25,Mobile,Google,Beauty,6872.0,1,0,0,0,0.0
U01995,S01995,2026-01-25,Mobile,Instagram,Shoes,1829.0,1,1,1,1,1829.0
U01689,S01689,2026-01-25,Mobile,Instagram,Clothing,412.0,1,1,0,0,0.0
U10838,S10838,2026-01-25,Desktop,Google,Clothing,2084.0,1,1,0,0,0.0
U11772,S11772,2026-01-25,Mobile,Google,Shoes,1936.0,1,1,1,1,1936.0
U03124,S03124,2026-01-25,Mobile,Direct,Clothing,509.0,1,0,0,0,0.0
U11178,S11178,2026-01-25,Desktop,Instagram,Beauty,2262.0,1,0,0,0,0.0
U03865,S03865,2026-01-25,Tablet,Email,Clothing,2239.0,1,0,0,0,0.0
U03260,S03260,2026-01-25,Mobile,Google,Home,2474.0,1,0,0,0,0.0
U09401,S09401,2026-01-25,Desktop,Email,Electronics,4765.0,1,0,0,0,0.0
U07674,S07674,2026-01-25,Mobile,Google,Shoes,2234.0,1,0,0,0,0.0
U03190,S03190,2026-01-25,Mobile,Google,Clothing,3448.0,1,1,0,0,0.0
U10159,S10159,2026-01-25,Mobile,Google,Shoes,4499.0,1,0,0,0,0.0
U03325,S03325,2026-01-25,Mobile,Facebook,Home,3575.0,1,0,0,0,0.0
U06426,S06426,2026-01-25,Mobile,Google,Clothing,4059.0,1,0,0,0,0.0
U06062,S06062,2026-01-25,Mobile,Google,Home,704.0,1,1,0,0,0.0
U07001,S07001,2026-01-25,Desktop,Google,Home,659.0,1,1,1,0,0.0
U03467,S03467,2026-01-25,Mobile,Facebook,Electronics,2944.0,1,1,1,1,2944.0
U05056,S05056,2026-01-25,Mobile,Google,Clothing,4597.0,1,0,0,0,0.0
U01075,S01075,2026-01-25,Desktop,Google,Clothing,918.0,1,1,1,1,918.0
U03836,S03836,2026-01-25,Mobile,Direct,Electronics,501.0,1,0,0,0,0.0
U04325,S04325,2026-01-25,Mobile,Google,Shoes,4652.0,1,0,0,0,0.0
U02181,S02181,2026-01-25,Desktop,Instagram,Shoes,1187.0,1,0,0,0,0.0
U04383,S04383,2026-01-25,Mobile,Direct,Shoes,1083.0,1,1,1,0,0.0
U07655,S07655,2026-01-25,Mobile,Instagram,Home,4983.0,1,1,1,1,4983.0
U02706,S02706,2026-01-25,Mobile,Google,Home,604.0,1,0,0,0,0.0
U01884,S01884,2026-01-25,Desktop,Instagram,Home,4434.0,1,0,0,0,0.0
U06336,S06336,2026-01-25,Mobile,Instagram,Home,1015.0,1,1,1,0,0.0
U00686,S00686,2026-01-25,Mobile,Instagram,Shoes,689.0,1,1,1,0,0.0
U07919,S07919,2026-01-25,Tablet,Google,Clothing,4540.0,1,0,0,0,0.0
U02363,S02363,2026-01-25,Mobile,Facebook,Clothing,1523.0,1,0,0,0,0.0
U09437,S09437,2026-01-25,Mobile,Instagram,Home,300.0,1,1,1,1,300.0
U06576,S06576,2026-01-25,Desktop,Instagram,Beauty,3987.0,1,1,1,1,3987.0
U07546,S07546,2026-01-25,Mobile,Direct,Electronics,4033.0,1,1,1,1,4033.0
U09711,S09711,2026-01-25,Desktop,Direct,Electronics,3258.0,1,0,0,0,0.0
U07471,S07471,2026-01-25,Mobile,Instagram,Electronics,4186.0,1,1,1,1,4186.0
U09820,S09820,2026-01-25,Desktop,Facebook,Beauty,3124.0,1,0,0,0,0.0
U03911,S03911,2026-01-25,Mobile,Facebook,Clothing,4825.0,1,1,1,1,4825.0
U01066,S01066,2026-01-25,Tablet,Google,Shoes,7621.0,1,1,1,1,7621.0
U03860,S03860,2026-01-25,Mobile,Facebook,Electronics,371.0,1,0,0,0,0.0
U03171,S03171,2026-01-25,Tablet,Instagram,Beauty,2523.0,1,1,1,1,2523.0
U11102,S11102,2026-01-25,Mobile,Email,Electronics,13360.0,1,1,0,0,0.0
U06195,S06195,2026-01-25,Mobile,Google,Electronics,20106.0,1,0,0,0,0.0
U08691,S08691,2026-01-25,Mobile,Facebook,Electronics,1232.0,1,1,0,0,0.0
U06702,S06702,2026-01-25,Desktop,Direct,Shoes,1029.0,1,1,0,0,0.0
U09986,S09986,2026-01-25,Tablet,Google,Clothing,2252.0,1,0,0,0,0.0
U00850,S00850,2026-01-25,Tablet,Email,Electronics,2186.0,1,0,0,0,0.0
U01461,S01461,2026-01-25,Desktop,Google,Clothing,707.0,1,0,0,0,0.0
U08269,S08269,2026-01-25,Desktop,Google,Electronics,1182.0,1,1,1,0,0.0
U08927,S08927,2026-01-25,Desktop,Instagram,Clothing,2747.0,1,0,0,0,0.0
U04706,S04706,2026-01-25,Mobile,Instagram,Beauty,3735.0,1,1,1,0,0.0
U07178,S07178,2026-01-25,Tablet,Google,Home,7803.0,1,0,0,0,0.0
U05929,S05929,2026-01-25,Desktop,Email,Shoes,4887.0,1,0,0,0,0.0
U04610,S04610,2026-01-25,Tablet,Direct,Home,990.0,1,0,0,0,0.0
U04919,S04919,2026-01-25,Tablet,Google,Home,5801.0,1,0,0,0,0.0
U07181,S07181,2026-01-25,Mobile,Email,Shoes,1381.0,1,0,0,0,0.0
U02134,S02134,2026-01-25,Tablet,Email,Beauty,1860.0,1,1,1,1,1860.0
U07212,S07212,2026-01-25,Desktop,Google,Shoes,7173.0,1,0,0,0,0.0
U11158,S11158,2026-01-25,Desktop,Instagram,Electronics,1963.0,1,0,0,0,0.0
U06683,S06683,2026-01-25,Mobile,Google,Home,2581.0,1,0,0,0,0.0
U04875,S04875,2026-01-25,Mobile,Direct,Electronics,1767.0,1,0,0,0,0.0
U09213,S09213,2026-01-25,Mobile,Google,Beauty,329.0,1,1,1,1,329.0
U09804,S09804,2026-01-25,Desktop,Google,Clothing,5134.0,1,0,0,0,0.0
U00120,S00120,2026-01-25,Desktop,Instagram,Home,1068.0,1,0,0,0,0.0
U04520,S04520,2026-01-25,Mobile,Direct,Electronics,478.0,1,1,1,0,0.0
U04434,S04434,2026-01-25,Mobile,Facebook,Home,4296.0,1,0,0,0,0.0
U02258,S02258,2026-01-25,Desktop,Instagram,Electronics,321.0,1,1,1,0,0.0
U03409,S03409,2026-01-25,Mobile,Instagram,Clothing,1320.0,1,1,1,1,1320.0
U00005,S00005,2026-01-25,Mobile,Google,Clothing,1520.0,1,0,0,0,0.0
U09691,S09691,2026-01-25,Mobile,Google,Clothing,3105.0,1,1,0,0,0.0
U10550,S10550,2026-01-25,Mobile,Email,Shoes,785.0,1,1,1,0,0.0
U09220,S09220,2026-01-25,Mobile,Instagram,Beauty,1941.0,1,1,1,1,1941.0
U01413,S01413,2026-01-26,Desktop,Direct,Home,4054.0,1,0,0,0,0.0
U03410,S03410,2026-01-26,Mobile,Google,Home,2154.0,1,1,1,1,2154.0
U11749,S11749,2026-01-26,Mobile,Instagram,Beauty,15134.0,1,0,0,0,0.0
U02166,S02166,2026-01-26,Mobile,Instagram,Home,1745.0,1,1,1,1,1745.0
U01250,S01250,2026-01-26,Tablet,Google,Home,1659.0,1,1,1,0,0.0
U00008,S00008,2026-01-26,Desktop,Facebook,Home,2108.0,1,0,0,0,0.0
U04694,S04694,2026-01-26,Desktop,Google,Electronics,1022.0,1,1,1,1,1022.0
U04166,S04166,2026-01-26,Mobile,Google,Electronics,3655.0,1,0,0,0,0.0
U09455,S09455,2026-01-26,Mobile,Facebook,Electronics,3924.0,1,0,0,0,0.0
U08515,S08515,2026-01-26,Mobile,Direct,Clothing,700.0,1,0,0,0,0.0
U06502,S06502,2026-01-26,Mobile,Direct,Electronics,3029.0,1,0,0,0,0.0
U10700,S10700,2026-01-26,Desktop,Facebook,Electronics,3524.0,1,1,1,0,0.0
U03250,S03250,2026-01-26,Mobile,Google,Beauty,1957.0,1,0,0,0,0.0
U11547,S11547,2026-01-26,Mobile,Google,Beauty,18325.0,1,1,1,0,0.0
U04701,S04701,2026-01-26,Tablet,Instagram,Electronics,1785.0,1,1,0,0,0.0
U10898,S10898,2026-01-26,Desktop,Google,Clothing,1440.0,1,0,0,0,0.0
U06156,S06156,2026-01-26,Mobile,Google,Shoes,6083.0,1,1,1,0,0.0
U07827,S07827,2026-01-26,Desktop,Facebook,Electronics,2433.0,1,1,0,0,0.0
U05900,S05900,2026-01-26,Mobile,Instagram,Beauty,1520.0,1,1,1,1,1520.0
U01116,S01116,2026-01-26,Mobile,Direct,Clothing,2829.0,1,0,0,0,0.0
U01027,S01027,2026-01-26,Tablet,Instagram,Home,1976.0,1,0,0,0,0.0
U11854,S11854,2026-01-26,Desktop,Instagram,Home,771.0,1,1,0,0,0.0
U02790,S02790,2026-01-26,Mobile,Email,Clothing,1772.0,1,0,0,0,0.0
U00185,S00185,2026-01-26,Desktop,Email,Electronics,1343.0,1,0,0,0,0.0
U07719,S07719,2026-01-26,Desktop,Facebook,Beauty,300.0,1,0,0,0,0.0
U06363,S06363,2026-01-26,Mobile,Google,Clothing,5036.0,1,0,0,0,0.0
U10401,S10401,2026-01-26,Tablet,Instagram,Electronics,844.0,1,1,1,0,0.0
U07885,S07885,2026-01-26,Mobile,Instagram,Home,666.0,1,1,1,1,666.0
U01864,S01864,2026-01-26,Mobile,Instagram,Clothing,1588.0,1,0,0,0,0.0
U10046,S10046,2026-01-26,Mobile,Google,Electronics,7543.0,1,0,0,0,0.0
U09654,S09654,2026-01-26,Desktop,Direct,Electronics,5177.0,1,0,0,0,0.0
U01836,S01836,2026-01-26,Mobile,Direct,Beauty,1784.0,1,0,0,0,0.0
U05692,S05692,2026-01-26,Mobile,Google,Clothing,657.0,1,0,0,0,0.0
U00807,S00807,2026-01-26,Desktop,Facebook,Shoes,13451.0,1,1,0,0,0.0
U08809,S08809,2026-01-26,Desktop,Google,Electronics,1239.0,1,0,0,0,0.0
U08001,S08001,2026-01-26,Mobile,Direct,Electronics,300.0,1,1,1,0,0.0
U11630,S11630,2026-01-26,Desktop,Google,Home,6846.0,1,1,0,0,0.0
U01962,S01962,2026-01-26,Mobile,Google,Home,7114.0,1,0,0,0,0.0
U06610,S06610,2026-01-26,Mobile,Facebook,Electronics,1215.0,1,1,0,0,0.0
U07420,S07420,2026-01-26,Mobile,Direct,Clothing,1100.0,1,1,0,0,0.0
U06562,S06562,2026-01-26,Mobile,Direct,Beauty,7849.0,1,0,0,0,0.0
U04964,S04964,2026-01-26,Mobile,Facebook,Beauty,14601.0,1,0,0,0,0.0
U08176,S08176,2026-01-26,Desktop,Facebook,Beauty,2486.0,1,0,0,0,0.0
U11717,S11717,2026-01-26,Mobile,Google,Home,1240.0,1,0,0,0,0.0
U09192,S09192,2026-01-26,Mobile,Direct,Electronics,1214.0,1,0,0,0,0.0
U03661,S03661,2026-01-26,Mobile,Facebook,Home,5674.0,1,0,0,0,0.0
U04336,S04336,2026-01-26,Mobile,Instagram,Shoes,3805.0,1,0,0,0,0.0
U04010,S04010,2026-01-26,Mobile,Direct,Clothing,18203.0,1,1,0,0,0.0
U00584,S00584,2026-01-26,Mobile,Direct,Beauty,6729.0,1,1,1,0,0.0
U07306,S07306,2026-01-26,Mobile,Google,Shoes,4268.0,1,1,0,0,0.0
U02741,S02741,2026-01-26,Mobile,Email,Shoes,8698.0,1,0,0,0,0.0
U11793,S11793,2026-01-26,Desktop,Email,Shoes,6943.0,1,1,0,0,0.0
U11698,S11698,2026-01-26,Mobile,Direct,Clothing,1214.0,1,0,0,0,0.0
U06296,S06296,2026-01-26,Desktop,Facebook,Electronics,2208.0,1,0,0,0,0.0
U07516,S07516,2026-01-26,Mobile,Google,Clothing,1073.0,1,1,1,1,1073.0
U04360,S04360,2026-01-26,Desktop,Facebook,Home,4617.0,1,1,1,1,4617.0
U10648,S10648,2026-01-26,Desktop,Google,Clothing,837.0,1,0,0,0,0.0
U08180,S08180,2026-01-26,Mobile,Direct,Home,4056.0,1,0,0,0,0.0
U07573,S07573,2026-01-26,Mobile,Direct,Shoes,1927.0,1,0,0,0,0.0
U03905,S03905,2026-01-26,Mobile,Direct,Clothing,2072.0,1,1,1,1,2072.0
U10471,S10471,2026-01-26,Mobile,Google,Shoes,1639.0,1,0,0,0,0.0
U04394,S04394,2026-01-26,Desktop,Facebook,Clothing,24726.0,1,1,1,0,0.0
U03301,S03301,2026-01-27,Tablet,Google,Clothing,2363.0,1,1,1,0,0.0
U09799,S09799,2026-01-27,Mobile,Google,Electronics,2221.0,1,0,0,0,0.0
U02300,S02300,2026-01-27,Desktop,Email,Electronics,17040.0,1,0,0,0,0.0
U04529,S04529,2026-01-27,Mobile,Google,Clothing,10642.0,1,0,0,0,0.0
U01458,S01458,2026-01-27,Mobile,Direct,Electronics,4709.0,1,1,1,0,0.0
U11055,S11055,2026-01-27,Mobile,Instagram,Electronics,2997.0,1,1,0,0,0.0
U09741,S09741,2026-01-27,Mobile,Instagram,Electronics,4107.0,1,1,0,0,0.0
U07336,S07336,2026-01-27,Desktop,Google,Clothing,3291.0,1,1,1,0,0.0
U10457,S10457,2026-01-27,Mobile,Google,Clothing,767.0,1,0,0,0,0.0
U06537,S06537,2026-01-27,Mobile,Google,Clothing,1334.0,1,0,0,0,0.0
U02734,S02734,2026-01-27,Mobile,Direct,Beauty,346.0,1,0,0,0,0.0
U08476,S08476,2026-01-27,Mobile,Direct,Home,6500.0,1,1,0,0,0.0
U07584,S07584,2026-01-27,Desktop,Google,Shoes,11183.0,1,0,0,0,0.0
U03803,S03803,2026-01-27,Mobile,Instagram,Clothing,5172.0,1,1,0,0,0.0
U07711,S07711,2026-01-27,Mobile,Instagram,Clothing,4110.0,1,1,1,0,0.0
U06660,S06660,2026-01-27,Mobile,Instagram,Electronics,546.0,1,0,0,0,0.0
U11120,S11120,2026-01-27,Desktop,Google,Electronics,23999.0,1,0,0,0,0.0
U11386,S11386,2026-01-27,Mobile,Google,Clothing,2810.0,1,0,0,0,0.0
U03916,S03916,2026-01-27,Mobile,Google,Beauty,614.0,1,0,0,0,0.0
U03136,S03136,2026-01-27,Desktop,Email,Home,8088.0,1,0,0,0,0.0
U04320,S04320,2026-01-27,Mobile,Instagram,Clothing,605.0,1,1,0,0,0.0
U11588,S11588,2026-01-27,Mobile,Email,Beauty,5430.0,1,0,0,0,0.0
U03636,S03636,2026-01-27,Mobile,Facebook,Home,2057.0,1,0,0,0,0.0
U00907,S00907,2026-01-27,Mobile,Direct,Clothing,3162.0,1,1,1,1,3162.0
U07533,S07533,2026-01-27,Mobile,Email,Clothing,1579.0,1,1,1,0,0.0
U10412,S10412,2026-01-27,Mobile,Direct,Shoes,572.0,1,0,0,0,0.0
U02599,S02599,2026-01-27,Tablet,Instagram,Home,5292.0,1,0,0,0,0.0
U11542,S11542,2026-01-27,Mobile,Google,Shoes,1859.0,1,0,0,0,0.0
U04225,S04225,2026-01-27,Mobile,Instagram,Electronics,395.0,1,0,0,0,0.0
U07695,S07695,2026-01-27,Mobile,Direct,Home,2120.0,1,1,1,1,2120.0
U01150,S01150,2026-01-27,Desktop,Google,Clothing,1416.0,1,1,1,1,1416.0
U02288,S02288,2026-01-27,Desktop,Google,Clothing,1456.0,1,0,0,0,0.0
U08580,S08580,2026-01-27,Mobile,Instagram,Shoes,3632.0,1,0,0,0,0.0
U02718,S02718,2026-01-27,Tablet,Direct,Electronics,858.0,1,0,0,0,0.0
U01157,S01157,2026-01-27,Mobile,Instagram,Clothing,2219.0,1,1,0,0,0.0
U10235,S10235,2026-01-27,Desktop,Email,Electronics,1477.0,1,0,0,0,0.0
U04533,S04533,2026-01-27,Desktop,Direct,Clothing,2191.0,1,0,0,0,0.0
U08038,S08038,2026-01-27,Mobile,Instagram,Clothing,1597.0,1,0,0,0,0.0
U08868,S08868,2026-01-27,Mobile,Google,Electronics,6297.0,1,1,1,1,6297.0
U07923,S07923,2026-01-27,Desktop,Direct,Home,7490.0,1,1,1,1,7490.0
U08284,S08284,2026-01-27,Mobile,Google,Clothing,6646.0,1,1,1,1,6646.0
U03773,S03773,2026-01-27,Desktop,Direct,Clothing,357.0,1,1,1,1,357.0
U01658,S01658,2026-01-27,Desktop,Instagram,Clothing,2044.0,1,1,1,1,2044.0
U04119,S04119,2026-01-27,Mobile,Facebook,Clothing,2735.0,1,0,0,0,0.0
U11246,S11246,2026-01-27,Mobile,Facebook,Clothing,2029.0,1,0,0,0,0.0
U06319,S06319,2026-01-27,Mobile,Instagram,Home,2826.0,1,1,0,0,0.0
U00495,S00495,2026-01-27,Desktop,Email,Beauty,1352.0,1,1,1,0,0.0
U01670,S01670,2026-01-27,Desktop,Direct,Shoes,1824.0,1,0,0,0,0.0
U08975,S08975,2026-01-27,Mobile,Facebook,Electronics,588.0,1,0,0,0,0.0
U11272,S11272,2026-01-27,Mobile,Direct,Home,1328.0,1,0,0,0,0.0
U00037,S00037,2026-01-27,Mobile,Instagram,Electronics,1547.0,1,0,0,0,0.0
U07950,S07950,2026-01-27,Desktop,Facebook,Home,6531.0,1,1,1,1,6531.0
U02782,S02782,2026-01-27,Mobile,Email,Clothing,1464.0,1,1,1,1,1464.0
U02438,S02438,2026-01-27,Desktop,Direct,Shoes,1146.0,1,1,0,0,0.0
U00221,S00221,2026-01-27,Mobile,Direct,Electronics,3386.0,1,0,0,0,0.0
U05517,S05517,2026-01-28,Mobile,Email,Clothing,4086.0,1,0,0,0,0.0
U06865,S06865,2026-01-28,Mobile,Direct,Clothing,2060.0,1,0,0,0,0.0
U04151,S04151,2026-01-28,Mobile,Google,Shoes,906.0,1,1,0,0,0.0
U10705,S10705,2026-01-28,Mobile,Direct,Beauty,1076.0,1,1,0,0,0.0
U00431,S00431,2026-01-28,Tablet,Google,Shoes,5598.0,1,0,0,0,0.0
U05518,S05518,2026-01-28,Mobile,Google,Electronics,1484.0,1,1,1,0,0.0
U09508,S09508,2026-01-28,Mobile,Email,Shoes,2365.0,1,0,0,0,0.0
U09012,S09012,2026-01-28,Desktop,Facebook,Clothing,769.0,1,0,0,0,0.0
U11824,S11824,2026-01-28,Desktop,Google,Clothing,1581.0,1,1,0,0,0.0
U11370,S11370,2026-01-28,Desktop,Google,Home,12936.0,1,0,0,0,0.0
U03156,S03156,2026-01-28,Mobile,Direct,Home,3889.0,1,1,0,0,0.0
U05246,S05246,2026-01-28,Desktop,Google,Electronics,5766.0,1,1,1,0,0.0
U11948,S11948,2026-01-28,Mobile,Direct,Clothing,687.0,1,1,1,1,687.0
U09128,S09128,2026-01-28,Mobile,Instagram,Clothing,1911.0,1,0,0,0,0.0
U07532,S07532,2026-01-28,Mobile,Direct,Electronics,5622.0,1,0,0,0,0.0
U08550,S08550,2026-01-28,Desktop,Facebook,Home,3765.0,1,0,0,0,0.0
U00048,S00048,2026-01-28,Mobile,Instagram,Electronics,1361.0,1,1,1,1,1361.0
U07522,S07522,2026-01-28,Mobile,Facebook,Clothing,1102.0,1,1,0,0,0.0
U01910,S01910,2026-01-28,Desktop,Instagram,Home,1645.0,1,0,0,0,0.0
U00286,S00286,2026-01-28,Mobile,Google,Clothing,884.0,1,0,0,0,0.0
U11204,S11204,2026-01-28,Mobile,Instagram,Beauty,4174.0,1,1,0,0,0.0
U05210,S05210,2026-01-28,Mobile,Direct,Shoes,11652.0,1,0,0,0,0.0
U07519,S07519,2026-01-28,Mobile,Facebook,Shoes,6488.0,1,0,0,0,0.0
U05532,S05532,2026-01-28,Desktop,Direct,Electronics,1101.0,1,1,1,1,1101.0
U11722,S11722,2026-01-28,Mobile,Facebook,Clothing,3260.0,1,0,0,0,0.0
U05199,S05199,2026-01-28,Desktop,Instagram,Shoes,3779.0,1,0,0,0,0.0
U04743,S04743,2026-01-28,Desktop,Facebook,Electronics,2833.0,1,1,0,0,0.0
U00284,S00284,2026-01-28,Mobile,Google,Electronics,1278.0,1,1,1,1,1278.0
U10761,S10761,2026-01-28,Mobile,Direct,Beauty,2017.0,1,1,1,1,2017.0
U08717,S08717,2026-01-28,Mobile,Instagram,Home,2282.0,1,0,0,0,0.0
U10744,S10744,2026-01-28,Desktop,Direct,Shoes,3309.0,1,0,0,0,0.0
U02737,S02737,2026-01-28,Mobile,Direct,Beauty,2255.0,1,1,1,0,0.0
U04602,S04602,2026-01-28,Tablet,Google,Beauty,1775.0,1,0,0,0,0.0
U04256,S04256,2026-01-28,Mobile,Google,Home,4199.0,1,0,0,0,0.0
U10746,S10746,2026-01-28,Mobile,Instagram,Shoes,1019.0,1,1,1,0,0.0
U08641,S08641,2026-01-28,Mobile,Direct,Electronics,3726.0,1,1,1,1,3726.0
U00191,S00191,2026-01-28,Tablet,Email,Beauty,2151.0,1,1,1,1,2151.0
U02768,S02768,2026-01-28,Desktop,Instagram,Shoes,2637.0,1,0,0,0,0.0
U08919,S08919,2026-01-28,Desktop,Google,Beauty,10527.0,1,0,0,0,0.0
U07202,S07202,2026-01-28,Mobile,Instagram,Electronics,14764.0,1,0,0,0,0.0
U05587,S05587,2026-01-28,Mobile,Direct,Shoes,1388.0,1,0,0,0,0.0
U09892,S09892,2026-01-28,Mobile,Direct,Clothing,2688.0,1,1,0,0,0.0
U09898,S09898,2026-01-28,Desktop,Facebook,Home,633.0,1,0,0,0,0.0
U11070,S11070,2026-01-28,Mobile,Email,Shoes,3634.0,1,0,0,0,0.0
U10754,S10754,2026-01-28,Mobile,Instagram,Clothing,1208.0,1,0,0,0,0.0
U10711,S10711,2026-01-28,Desktop,Email,Home,1041.0,1,1,1,1,1041.0
U05393,S05393,2026-01-28,Tablet,Email,Home,843.0,1,0,0,0,0.0
U05385,S05385,2026-01-28,Mobile,Google,Clothing,3358.0,1,0,0,0,0.0
U06440,S06440,2026-01-28,Mobile,Google,Home,11753.0,1,0,0,0,0.0
U08125,S08125,2026-01-28,Tablet,Direct,Home,2180.0,1,1,0,0,0.0
U04286,S04286,2026-01-28,Mobile,Direct,Clothing,1897.0,1,0,0,0,0.0
U10820,S10820,2026-01-28,Mobile,Instagram,Shoes,1066.0,1,0,0,0,0.0
U01855,S01855,2026-01-28,Desktop,Google,Shoes,3977.0,1,0,0,0,0.0
U00975,S00975,2026-01-28,Mobile,Google,Clothing,4923.0,1,0,0,0,0.0
U09317,S09317,2026-01-28,Desktop,Instagram,Home,4814.0,1,1,1,0,0.0
U06855,S06855,2026-01-28,Mobile,Direct,Electronics,1982.0,1,0,0,0,0.0
U06934,S06934,2026-01-28,Desktop,Direct,Shoes,2971.0,1,1,1,1,2971.0
U05786,S05786,2026-01-28,Desktop,Google,Beauty,1446.0,1,0,0,0,0.0
U02557,S02557,2026-01-28,Mobile,Google,Shoes,1065.0,1,1,0,0,0.0
U01104,S01104,2026-01-28,Desktop,Direct,Electronics,4144.0,1,0,0,0,0.0
U01595,S01595,2026-01-28,Desktop,Direct,Electronics,1085.0,1,1,1,1,1085.0
U04442,S04442,2026-01-29,Mobile,Facebook,Clothing,20909.0,1,0,0,0,0.0
U03316,S03316,2026-01-29,Mobile,Email,Clothing,1985.0,1,0,0,0,0.0
U05828,S05828,2026-01-29,Mobile,Instagram,Home,892.0,1,1,1,0,0.0
U03348,S03348,2026-01-29,Mobile,Instagram,Shoes,4080.0,1,0,0,0,0.0
U08261,S08261,2026-01-29,Mobile,Direct,Shoes,1998.0,1,1,1,1,1998.0
U02522,S02522,2026-01-29,Mobile,Google,Beauty,10407.0,1,0,0,0,0.0
U09952,S09952,2026-01-29,Tablet,Instagram,Shoes,1682.0,1,0,0,0,0.0
U08241,S08241,2026-01-29,Mobile,Direct,Electronics,1650.0,1,0,0,0,0.0
U11509,S11509,2026-01-29,Desktop,Instagram,Home,902.0,1,0,0,0,0.0
U06918,S06918,2026-01-29,Desktop,Direct,Clothing,3136.0,1,0,0,0,0.0
U02797,S02797,2026-01-29,Desktop,Instagram,Electronics,3077.0,1,1,1,1,3077.0
U01494,S01494,2026-01-29,Desktop,Instagram,Clothing,1193.0,1,0,0,0,0.0
U01336,S01336,2026-01-29,Desktop,Instagram,Beauty,1414.0,1,1,1,1,1414.0
U02486,S02486,2026-01-29,Mobile,Direct,Electronics,4193.0,1,0,0,0,0.0
U10264,S10264,2026-01-29,Mobile,Direct,Beauty,8238.0,1,0,0,0,0.0
U06942,S06942,2026-01-29,Mobile,Google,Clothing,300.0,1,0,0,0,0.0
U06669,S06669,2026-01-29,Mobile,Email,Electronics,899.0,1,0,0,0,0.0
U00597,S00597,2026-01-29,Desktop,Facebook,Shoes,1289.0,1,1,1,1,1289.0
U02745,S02745,2026-01-29,Mobile,Facebook,Shoes,5829.0,1,0,0,0,0.0
U07492,S07492,2026-01-29,Tablet,Direct,Home,1997.0,1,0,0,0,0.0
U07039,S07039,2026-01-29,Desktop,Email,Electronics,951.0,1,0,0,0,0.0
U10000,S10000,2026-01-29,Mobile,Instagram,Electronics,9060.0,1,1,0,0,0.0
U09311,S09311,2026-01-29,Mobile,Facebook,Clothing,5829.0,1,1,1,1,5829.0
U11021,S11021,2026-01-29,Mobile,Direct,Beauty,2823.0,1,0,0,0,0.0
U01492,S01492,2026-01-29,Desktop,Direct,Beauty,1558.0,1,0,0,0,0.0
U07423,S07423,2026-01-29,Mobile,Facebook,Beauty,7648.0,1,1,1,1,7648.0
U05369,S05369,2026-01-29,Desktop,Email,Shoes,2009.0,1,1,0,0,0.0
U09211,S09211,2026-01-29,Tablet,Direct,Electronics,1910.0,1,0,0,0,0.0
U02353,S02353,2026-01-29,Mobile,Email,Electronics,1215.0,1,0,0,0,0.0
U07806,S07806,2026-01-29,Desktop,Direct,Electronics,1700.0,1,0,0,0,0.0
U05021,S05021,2026-01-29,Desktop,Email,Beauty,5997.0,1,1,1,1,5997.0
U07750,S07750,2026-01-29,Desktop,Direct,Clothing,3546.0,1,0,0,0,0.0
U07854,S07854,2026-01-29,Mobile,Direct,Beauty,4491.0,1,1,0,0,0.0
U09295,S09295,2026-01-29,Mobile,Email,Beauty,981.0,1,1,1,1,981.0
U04745,S04745,2026-01-29,Mobile,Google,Beauty,5338.0,1,1,1,0,0.0
U02566,S02566,2026-01-29,Mobile,Instagram,Clothing,8842.0,1,0,0,0,0.0
U05026,S05026,2026-01-29,Mobile,Google,Clothing,2994.0,1,0,0,0,0.0
U04778,S04778,2026-01-29,Mobile,Instagram,Clothing,932.0,1,0,0,0,0.0
U11208,S11208,2026-01-29,Desktop,Direct,Electronics,4251.0,1,1,1,1,4251.0
U01056,S01056,2026-01-29,Desktop,Google,Home,4530.0,1,0,0,0,0.0
U01070,S01070,2026-01-29,Mobile,Email,Electronics,5297.0,1,1,0,0,0.0
U04103,S04103,2026-01-29,Mobile,Google,Home,8102.0,1,0,0,0,0.0
U10287,S10287,2026-01-29,Desktop,Direct,Beauty,1810.0,1,1,0,0,0.0
U01912,S01912,2026-01-29,Mobile,Google,Shoes,300.0,1,0,0,0,0.0
U06445,S06445,2026-01-29,Mobile,Direct,Home,633.0,1,0,0,0,0.0
U09464,S09464,2026-01-29,Mobile,Facebook,Clothing,1799.0,1,1,1,0,0.0
U07959,S07959,2026-01-29,Mobile,Google,Clothing,2732.0,1,1,1,1,2732.0
U07892,S07892,2026-01-29,Desktop,Direct,Shoes,574.0,1,0,0,0,0.0
U00006,S00006,2026-01-30,Tablet,Google,Clothing,1689.0,1,0,0,0,0.0
U11811,S11811,2026-01-30,Tablet,Google,Electronics,1564.0,1,0,0,0,0.0
U03277,S03277,2026-01-30,Mobile,Google,Electronics,779.0,1,1,0,0,0.0
U00469,S00469,2026-01-30,Mobile,Google,Clothing,1740.0,1,1,1,1,1740.0
U01202,S01202,2026-01-30,Mobile,Google,Home,2869.0,1,1,1,0,0.0
U07749,S07749,2026-01-30,Mobile,Google,Shoes,1496.0,1,1,0,0,0.0
U09814,S09814,2026-01-30,Mobile,Email,Electronics,9662.0,1,1,1,1,9662.0
U01870,S01870,2026-01-30,Desktop,Facebook,Shoes,1573.0,1,1,0,0,0.0
U06040,S06040,2026-01-30,Mobile,Email,Beauty,4019.0,1,0,0,0,0.0
U05886,S05886,2026-01-30,Mobile,Instagram,Home,1688.0,1,0,0,0,0.0
U02140,S02140,2026-01-30,Desktop,Direct,Beauty,1073.0,1,0,0,0,0.0
U10332,S10332,2026-01-30,Desktop,Instagram,Home,2329.0,1,0,0,0,0.0
U11020,S11020,2026-01-30,Desktop,Google,Home,9252.0,1,0,0,0,0.0
U03251,S03251,2026-01-30,Tablet,Direct,Shoes,6433.0,1,1,1,1,6433.0
U08592,S08592,2026-01-30,Mobile,Instagram,Shoes,572.0,1,1,1,1,572.0
U08567,S08567,2026-01-30,Desktop,Email,Shoes,4592.0,1,1,1,1,4592.0
U09636,S09636,2026-01-30,Mobile,Google,Beauty,867.0,1,0,0,0,0.0
U09328,S09328,2026-01-30,Mobile,Direct,Home,3549.0,1,1,1,0,0.0
U08458,S08458,2026-01-30,Desktop,Direct,Beauty,3376.0,1,1,1,0,0.0
U02487,S02487,2026-01-30,Desktop,Google,Beauty,3781.0,1,1,1,1,3781.0
U05152,S05152,2026-01-30,Mobile,Google,Beauty,8409.0,1,0,0,0,0.0
U03369,S03369,2026-01-30,Mobile,Google,Shoes,30000.0,1,0,0,0,0.0
U10642,S10642,2026-01-30,Desktop,Instagram,Home,333.0,1,0,0,0,0.0
U04007,S04007,2026-01-30,Mobile,Direct,Beauty,2178.0,1,1,0,0,0.0
U09074,S09074,2026-01-30,Desktop,Direct,Home,4159.0,1,0,0,0,0.0
U07389,S07389,2026-01-30,Mobile,Google,Clothing,5389.0,1,0,0,0,0.0
U02977,S02977,2026-01-30,Desktop,Instagram,Home,8405.0,1,0,0,0,0.0
U00573,S00573,2026-01-30,Mobile,Email,Home,12275.0,1,0,0,0,0.0
U05465,S05465,2026-01-30,Mobile,Email,Shoes,2966.0,1,0,0,0,0.0
U10784,S10784,2026-01-30,Mobile,Google,Home,4225.0,1,0,0,0,0.0
U10185,S10185,2026-01-30,Mobile,Facebook,Shoes,7078.0,1,1,0,0,0.0
U10022,S10022,2026-01-30,Mobile,Google,Home,1572.0,1,0,0,0,0.0
U05466,S05466,2026-01-30,Desktop,Email,Clothing,6334.0,1,1,1,1,6334.0
U05481,S05481,2026-01-30,Mobile,Instagram,Clothing,1134.0,1,0,0,0,0.0
U00154,S00154,2026-01-30,Mobile,Instagram,Home,1374.0,1,0,0,0,0.0
U10976,S10976,2026-01-30,Mobile,Email,Beauty,2727.0,1,1,1,1,2727.0
U09774,S09774,2026-01-30,Mobile,Google,Shoes,2998.0,1,1,0,0,0.0
U11310,S11310,2026-01-30,Mobile,Instagram,Beauty,516.0,1,1,0,0,0.0
U00900,S00900,2026-01-30,Mobile,Instagram,Beauty,1051.0,1,1,1,0,0.0
U01030,S01030,2026-01-30,Mobile,Instagram,Electronics,2622.0,1,0,0,0,0.0
U10116,S10116,2026-01-30,Mobile,Google,Clothing,1965.0,1,0,0,0,0.0
U03490,S03490,2026-01-30,Mobile,Facebook,Home,994.0,1,1,1,1,994.0
U00112,S00112,2026-01-30,Mobile,Instagram,Electronics,3586.0,1,0,0,0,0.0
U05618,S05618,2026-01-30,Desktop,Google,Electronics,1666.0,1,1,1,1,1666.0
U09896,S09896,2026-01-30,Desktop,Direct,Beauty,1124.0,1,0,0,0,0.0
U03965,S03965,2026-01-30,Mobile,Instagram,Electronics,348.0,1,1,0,0,0.0
U07766,S07766,2026-01-30,Mobile,Facebook,Shoes,7655.0,1,1,1,1,7655.0
U10853,S10853,2026-01-30,Mobile,Instagram,Shoes,7250.0,1,0,0,0,0.0
U00506,S00506,2026-01-30,Desktop,Google,Home,6184.0,1,0,0,0,0.0
U09909,S09909,2026-01-30,Mobile,Email,Shoes,3112.0,1,0,0,0,0.0
U10561,S10561,2026-01-30,Mobile,Direct,Beauty,5754.0,1,0,0,0,0.0
U06987,S06987,2026-01-30,Mobile,Google,Shoes,1695.0,1,0,0,0,0.0
U09386,S09386,2026-01-30,Mobile,Google,Shoes,3233.0,1,0,0,0,0.0
U08170,S08170,2026-01-30,Mobile,Instagram,Clothing,4148.0,1,0,0,0,0.0
U03362,S03362,2026-01-31,Mobile,Instagram,Clothing,5073.0,1,1,1,1,5073.0
U00956,S00956,2026-01-31,Desktop,Google,Shoes,530.0,1,0,0,0,0.0
U08688,S08688,2026-01-31,Mobile,Instagram,Home,4126.0,1,0,0,0,0.0
U06481,S06481,2026-01-31,Desktop,Email,Clothing,980.0,1,1,1,1,980.0
U11061,S11061,2026-01-31,Mobile,Instagram,Beauty,2554.0,1,1,0,0,0.0
U11134,S11134,2026-01-31,Tablet,Direct,Shoes,1766.0,1,1,1,1,1766.0
U09837,S09837,2026-01-31,Mobile,Email,Electronics,1468.0,1,0,0,0,0.0
U03894,S03894,2026-01-31,Mobile,Direct,Beauty,3062.0,1,0,0,0,0.0
U08504,S08504,2026-01-31,Mobile,Facebook,Beauty,3352.0,1,1,1,1,3352.0
U02856,S02856,2026-01-31,Tablet,Email,Clothing,1290.0,1,1,1,1,1290.0
U09268,S09268,2026-01-31,Desktop,Google,Clothing,6304.0,1,0,0,0,0.0
U04647,S04647,2026-01-31,Desktop,Direct,Shoes,4352.0,1,0,0,0,0.0
U10410,S10410,2026-01-31,Mobile,Instagram,Clothing,4671.0,1,1,1,1,4671.0
U11726,S11726,2026-01-31,Mobile,Google,Clothing,527.0,1,1,1,1,527.0
U11171,S11171,2026-01-31,Mobile,Instagram,Clothing,842.0,1,0,0,0,0.0
U03542,S03542,2026-01-31,Mobile,Instagram,Clothing,3746.0,1,0,0,0,0.0
U04800,S04800,2026-01-31,Desktop,Instagram,Home,393.0,1,1,0,0,0.0
U06177,S06177,2026-01-31,Desktop,Google,Home,739.0,1,0,0,0,0.0
U03753,S03753,2026-01-31,Mobile,Instagram,Electronics,1588.0,1,0,0,0,0.0
U01210,S01210,2026-01-31,Mobile,Facebook,Shoes,7516.0,1,0,0,0,0.0
U10432,S10432,2026-01-31,Desktop,Direct,Beauty,775.0,1,0,0,0,0.0
U01110,S01110,2026-01-31,Mobile,Google,Clothing,2921.0,1,0,0,0,0.0
U06218,S06218,2026-01-31,Desktop,Google,Electronics,4143.0,1,0,0,0,0.0
U10509,S10509,2026-01-31,Mobile,Direct,Electronics,2069.0,1,1,0,0,0.0
U07275,S07275,2026-01-31,Desktop,Google,Clothing,15724.0,1,1,1,1,15724.0
U04310,S04310,2026-01-31,Desktop,Facebook,Home,1098.0,1,1,0,0,0.0
U01820,S01820,2026-01-31,Mobile,Direct,Shoes,1947.0,1,0,0,0,0.0
U08207,S08207,2026-01-31,Mobile,Facebook,Electronics,1025.0,1,0,0,0,0.0
U02483,S02483,2026-01-31,Mobile,Direct,Home,1772.0,1,0,0,0,0.0
U09964,S09964,2026-01-31,Tablet,Google,Beauty,18118.0,1,0,0,0,0.0
U11974,S11974,2026-01-31,Mobile,Email,Clothing,2607.0,1,1,1,1,2607.0
U01983,S01983,2026-01-31,Desktop,Direct,Home,4136.0,1,0,0,0,0.0
U06628,S06628,2026-01-31,Mobile,Google,Shoes,2165.0,1,1,0,0,0.0
U09637,S09637,2026-01-31,Mobile,Google,Electronics,3495.0,1,0,0,0,0.0
U05531,S05531,2026-01-31,Mobile,Direct,Home,2112.0,1,0,0,0,0.0
U11206,S11206,2026-01-31,Mobile,Email,Electronics,1325.0,1,0,0,0,0.0
U06626,S06626,2026-01-31,Desktop,Instagram,Shoes,2704.0,1,0,0,0,0.0
U01254,S01254,2026-01-31,Mobile,Google,Clothing,2106.0,1,0,0,0,0.0
U01780,S01780,2026-01-31,Mobile,Email,Home,2773.0,1,1,0,0,0.0
U00682,S00682,2026-01-31,Mobile,Google,Beauty,4945.0,1,1,0,0,0.0
U11417,S11417,2026-01-31,Desktop,Google,Electronics,10543.0,1,1,1,1,10543.0
U00694,S00694,2026-01-31,Mobile,Google,Electronics,5043.0,1,0,0,0,0.0
U09153,S09153,2026-01-31,Mobile,Direct,Electronics,18900.0,1,1,1,0,0.0
U06604,S06604,2026-01-31,Mobile,Direct,Electronics,4266.0,1,0,0,0,0.0
U05811,S05811,2026-01-31,Mobile,Direct,Shoes,8741.0,1,0,0,0,0.0
U03572,S03572,2026-01-31,Mobile,Facebook,Clothing,3041.0,1,0,0,0,0.0
U00874,S00874,2026-01-31,Mobile,Direct,Clothing,2727.0,1,0,0,0,0.0
U10863,S10863,2026-01-31,Mobile,Direct,Electronics,2894.0,1,0,0,0,0.0
U10867,S10867,2026-01-31,Mobile,Direct,Beauty,1557.0,1,0,0,0,0.0
U08359,S08359,2026-01-31,Desktop,Google,Electronics,7563.0,1,1,1,0,0.0
U05220,S05220,2026-01-31,Mobile,Instagram,Home,1310.0,1,1,1,1,1310.0
U08724,S08724,2026-01-31,Desktop,Google,Shoes,1302.0,1,1,1,1,1302.0
U10369,S10369,2026-01-31,Mobile,Email,Beauty,4552.0,1,0,0,0,0.0
U02447,S02447,2026-01-31,Mobile,Direct,Home,2521.0,1,0,0,0,0.0
U05571,S05571,2026-01-31,Mobile,Instagram,Shoes,762.0,1,0,0,0,0.0
U05262,S05262,2026-01-31,Mobile,Google,Beauty,833.0,1,1,1,1,833.0
U03119,S03119,2026-01-31,Mobile,Instagram,Beauty,3318.0,1,0,0,0,0.0
U07905,S07905,2026-01-31,Tablet,Email,Shoes,3766.0,1,1,0,0,0.0
U00911,S00911,2026-01-31,Desktop,Instagram,Shoes,300.0,1,1,1,0,0.0
U06670,S06670,2026-01-31,Desktop,Email,Shoes,3048.0,1,1,1,1,3048.0
U03873,S03873,2026-01-31,Mobile,Google,Clothing,3758.0,1,0,0,0,0.0
U00582,S00582,2026-01-31,Mobile,Google,Electronics,2327.0,1,1,1,0,0.0
U09305,S09305,2026-01-31,Mobile,Email,Clothing,3593.0,1,0,0,0,0.0
U05868,S05868,2026-02-01,Desktop,Google,Electronics,415.0,1,0,0,0,0.0
U05229,S05229,2026-02-01,Mobile,Facebook,Home,2708.0,1,0,0,0,0.0
U05499,S05499,2026-02-01,Mobile,Google,Electronics,1792.0,1,0,0,0,0.0
U04826,S04826,2026-02-01,Mobile,Email,Shoes,2283.0,1,0,0,0,0.0
U05453,S05453,2026-02-01,Desktop,Facebook,Shoes,2475.0,1,1,0,0,0.0
U04329,S04329,2026-02-01,Desktop,Google,Home,4742.0,1,0,0,0,0.0
U07580,S07580,2026-02-01,Mobile,Google,Electronics,1622.0,1,0,0,0,0.0
U02461,S02461,2026-02-01,Desktop,Direct,Shoes,2101.0,1,0,0,0,0.0
U08072,S08072,2026-02-01,Mobile,Facebook,Home,1240.0,1,0,0,0,0.0
U04471,S04471,2026-02-01,Desktop,Instagram,Clothing,834.0,1,0,0,0,0.0
U10977,S10977,2026-02-01,Mobile,Google,Shoes,1567.0,1,1,1,1,1567.0
U02980,S02980,2026-02-01,Desktop,Email,Shoes,493.0,1,0,0,0,0.0
U01324,S01324,2026-02-01,Desktop,Facebook,Electronics,8173.0,1,0,0,0,0.0
U08644,S08644,2026-02-01,Mobile,Instagram,Electronics,3103.0,1,0,0,0,0.0
U07036,S07036,2026-02-01,Desktop,Email,Electronics,2775.0,1,0,0,0,0.0
U04032,S04032,2026-02-01,Mobile,Direct,Electronics,2700.0,1,0,0,0,0.0
U07338,S07338,2026-02-01,Mobile,Facebook,Electronics,1650.0,1,0,0,0,0.0
U00369,S00369,2026-02-01,Mobile,Email,Home,2266.0,1,1,1,1,2266.0
U04172,S04172,2026-02-01,Desktop,Google,Clothing,767.0,1,1,1,1,767.0
U09061,S09061,2026-02-01,Desktop,Facebook,Electronics,5410.0,1,0,0,0,0.0
U10411,S10411,2026-02-01,Mobile,Instagram,Clothing,4823.0,1,0,0,0,0.0
U07571,S07571,2026-02-01,Desktop,Facebook,Shoes,1180.0,1,0,0,0,0.0
U11815,S11815,2026-02-01,Mobile,Instagram,Beauty,15833.0,1,0,0,0,0.0
U01622,S01622,2026-02-01,Mobile,Email,Beauty,3271.0,1,0,0,0,0.0
U06279,S06279,2026-02-01,Desktop,Google,Shoes,1927.0,1,0,0,0,0.0
U09306,S09306,2026-02-01,Mobile,Google,Shoes,1577.0,1,0,0,0,0.0
U08225,S08225,2026-02-01,Mobile,Direct,Electronics,3388.0,1,0,0,0,0.0
U04199,S04199,2026-02-01,Mobile,Google,Home,3136.0,1,1,1,1,3136.0
U02348,S02348,2026-02-01,Desktop,Facebook,Electronics,12785.0,1,1,0,0,0.0
U05683,S05683,2026-02-01,Mobile,Instagram,Shoes,7699.0,1,1,0,0,0.0
U07970,S07970,2026-02-01,Mobile,Google,Electronics,507.0,1,1,1,1,507.0
U01938,S01938,2026-02-01,Mobile,Instagram,Beauty,2200.0,1,0,0,0,0.0
U02234,S02234,2026-02-01,Tablet,Google,Home,972.0,1,1,1,1,972.0
U06183,S06183,2026-02-01,Desktop,Instagram,Shoes,1279.0,1,1,1,0,0.0
U02659,S02659,2026-02-01,Mobile,Instagram,Home,787.0,1,0,0,0,0.0
U05981,S05981,2026-02-01,Mobile,Facebook,Shoes,3071.0,1,0,0,0,0.0
U06699,S06699,2026-02-01,Desktop,Instagram,Clothing,727.0,1,0,0,0,0.0
U04866,S04866,2026-02-01,Mobile,Instagram,Shoes,8772.0,1,0,0,0,0.0
U10826,S10826,2026-02-01,Desktop,Direct,Beauty,2895.0,1,0,0,0,0.0
U09772,S09772,2026-02-01,Desktop,Instagram,Home,2625.0,1,0,0,0,0.0
U08059,S08059,2026-02-01,Desktop,Direct,Shoes,10280.0,1,1,0,0,0.0
U06923,S06923,2026-02-01,Mobile,Facebook,Home,2784.0,1,0,0,0,0.0
U02894,S02894,2026-02-01,Mobile,Direct,Beauty,6252.0,1,0,0,0,0.0
U02852,S02852,2026-02-01,Mobile,Direct,Electronics,946.0,1,0,0,0,0.0
U11231,S11231,2026-02-01,Mobile,Google,Clothing,1550.0,1,1,0,0,0.0
U09171,S09171,2026-02-01,Mobile,Instagram,Home,3967.0,1,0,0,0,0.0
U11022,S11022,2026-02-01,Tablet,Instagram,Clothing,1486.0,1,0,0,0,0.0
U00995,S00995,2026-02-01,Tablet,Direct,Electronics,1944.0,1,1,0,0,0.0
U05930,S05930,2026-02-01,Mobile,Direct,Home,5703.0,1,1,0,0,0.0
U02299,S02299,2026-02-01,Mobile,Google,Clothing,2554.0,1,0,0,0,0.0
U07617,S07617,2026-02-01,Mobile,Facebook,Electronics,30000.0,1,0,0,0,0.0
U06275,S06275,2026-02-01,Mobile,Google,Clothing,15272.0,1,0,0,0,0.0
U06119,S06119,2026-02-01,Desktop,Instagram,Electronics,1850.0,1,1,1,1,1850.0
U11517,S11517,2026-02-01,Tablet,Instagram,Electronics,4152.0,1,0,0,0,0.0
U00303,S00303,2026-02-01,Mobile,Direct,Clothing,1729.0,1,0,0,0,0.0
U11513,S11513,2026-02-01,Mobile,Instagram,Electronics,740.0,1,0,0,0,0.0
U01149,S01149,2026-02-01,Mobile,Instagram,Home,3431.0,1,0,0,0,0.0
U01120,S01120,2026-02-01,Desktop,Email,Electronics,481.0,1,0,0,0,0.0
U01576,S01576,2026-02-01,Mobile,Direct,Electronics,2458.0,1,1,0,0,0.0
U07906,S07906,2026-02-01,Mobile,Facebook,Electronics,300.0,1,1,0,0,0.0
U01196,S01196,2026-02-01,Mobile,Instagram,Shoes,2970.0,1,1,0,0,0.0
U04729,S04729,2026-02-01,Mobile,Direct,Beauty,301.0,1,1,1,1,301.0
U10346,S10346,2026-02-01,Desktop,Direct,Shoes,9545.0,1,1,1,0,0.0
U05711,S05711,2026-02-01,Desktop,Facebook,Shoes,355.0,1,1,1,1,355.0
U08335,S08335,2026-02-01,Mobile,Google,Beauty,358.0,1,1,1,1,358.0
U04817,S04817,2026-02-01,Mobile,Direct,Clothing,1911.0,1,0,0,0,0.0
U06338,S06338,2026-02-01,Mobile,Direct,Beauty,1092.0,1,0,0,0,0.0
U05727,S05727,2026-02-01,Desktop,Google,Electronics,2724.0,1,1,0,0,0.0
U08166,S08166,2026-02-01,Desktop,Direct,Shoes,7103.0,1,0,0,0,0.0
U10420,S10420,2026-02-01,Desktop,Google,Shoes,2055.0,1,0,0,0,0.0
U06852,S06852,2026-02-02,Mobile,Instagram,Clothing,3195.0,1,1,1,1,3195.0
U11216,S11216,2026-02-02,Mobile,Direct,Electronics,2209.0,1,0,0,0,0.0
U01139,S01139,2026-02-02,Mobile,Google,Beauty,6425.0,1,0,0,0,0.0
U08892,S08892,2026-02-02,Desktop,Google,Home,518.0,1,0,0,0,0.0
U10636,S10636,2026-02-02,Mobile,Google,Beauty,14534.0,1,0,0,0,0.0
U08520,S08520,2026-02-02,Mobile,Direct,Home,2933.0,1,0,0,0,0.0
U00272,S00272,2026-02-02,Mobile,Google,Clothing,9373.0,1,0,0,0,0.0
U01278,S01278,2026-02-02,Mobile,Facebook,Home,1929.0,1,0,0,0,0.0
U11451,S11451,2026-02-02,Desktop,Direct,Beauty,1384.0,1,0,0,0,0.0
U08757,S08757,2026-02-02,Mobile,Facebook,Shoes,2427.0,1,1,0,0,0.0
U03755,S03755,2026-02-02,Mobile,Instagram,Beauty,2598.0,1,1,0,0,0.0
U11526,S11526,2026-02-02,Desktop,Instagram,Clothing,1403.0,1,1,0,0,0.0
U07871,S07871,2026-02-02,Mobile,Instagram,Shoes,8234.0,1,0,0,0,0.0
U00053,S00053,2026-02-02,Desktop,Google,Clothing,10820.0,1,0,0,0,0.0
U07900,S07900,2026-02-02,Mobile,Google,Shoes,1128.0,1,0,0,0,0.0
U05850,S05850,2026-02-02,Desktop,Instagram,Clothing,1883.0,1,1,0,0,0.0
U02541,S02541,2026-02-02,Mobile,Direct,Beauty,2546.0,1,0,0,0,0.0
U11647,S11647,2026-02-02,Mobile,Google,Shoes,3692.0,1,1,1,0,0.0
U07922,S07922,2026-02-02,Mobile,Direct,Electronics,1868.0,1,1,1,1,1868.0
U10515,S10515,2026-02-02,Desktop,Instagram,Clothing,798.0,1,1,1,1,798.0
U06092,S06092,2026-02-02,Mobile,Email,Beauty,7548.0,1,0,0,0,0.0
U04156,S04156,2026-02-02,Mobile,Direct,Home,1047.0,1,0,0,0,0.0
U10594,S10594,2026-02-02,Mobile,Email,Beauty,1936.0,1,1,0,0,0.0
U10171,S10171,2026-02-02,Mobile,Facebook,Shoes,908.0,1,0,0,0,0.0
U10846,S10846,2026-02-02,Desktop,Direct,Beauty,3450.0,1,0,0,0,0.0
U10778,S10778,2026-02-02,Mobile,Email,Beauty,3357.0,1,1,1,1,3357.0
U08974,S08974,2026-02-02,Mobile,Instagram,Shoes,2270.0,1,0,0,0,0.0
U04851,S04851,2026-02-02,Mobile,Direct,Electronics,4363.0,1,0,0,0,0.0
U01329,S01329,2026-02-02,Mobile,Google,Electronics,9579.0,1,0,0,0,0.0
U01678,S01678,2026-02-02,Mobile,Instagram,Beauty,10627.0,1,0,0,0,0.0
U03031,S03031,2026-02-02,Desktop,Facebook,Beauty,12112.0,1,0,0,0,0.0
U04907,S04907,2026-02-02,Desktop,Instagram,Clothing,2669.0,1,0,0,0,0.0
U04905,S04905,2026-02-02,Desktop,Google,Beauty,476.0,1,0,0,0,0.0
U08912,S08912,2026-02-02,Mobile,Direct,Shoes,2913.0,1,0,0,0,0.0
U08532,S08532,2026-02-02,Mobile,Google,Electronics,5446.0,1,1,1,0,0.0
U08769,S08769,2026-02-02,Mobile,Google,Home,8009.0,1,0,0,0,0.0
U09902,S09902,2026-02-02,Mobile,Google,Electronics,5048.0,1,0,0,0,0.0
U07590,S07590,2026-02-02,Mobile,Instagram,Clothing,2173.0,1,0,0,0,0.0
U02053,S02053,2026-02-02,Mobile,Facebook,Beauty,4524.0,1,0,0,0,0.0
U09388,S09388,2026-02-02,Desktop,Direct,Home,1861.0,1,1,1,1,1861.0
U04244,S04244,2026-02-02,Mobile,Google,Shoes,2840.0,1,1,0,0,0.0
U01412,S01412,2026-02-02,Tablet,Google,Home,3167.0,1,1,1,1,3167.0
U01899,S01899,2026-02-02,Mobile,Instagram,Electronics,499.0,1,1,0,0,0.0
U02272,S02272,2026-02-02,Mobile,Direct,Clothing,3247.0,1,0,0,0,0.0
U00103,S00103,2026-02-02,Mobile,Instagram,Shoes,3114.0,1,0,0,0,0.0
U02310,S02310,2026-02-02,Desktop,Instagram,Beauty,2309.0,1,1,0,0,0.0
U11999,S11999,2026-02-02,Desktop,Google,Home,586.0,1,0,0,0,0.0
U11780,S11780,2026-02-02,Tablet,Instagram,Clothing,6601.0,1,1,1,0,0.0
U04510,S04510,2026-02-02,Mobile,Google,Electronics,2912.0,1,0,0,0,0.0
U07438,S07438,2026-02-02,Mobile,Email,Clothing,538.0,1,1,0,0,0.0
U05280,S05280,2026-02-02,Desktop,Google,Shoes,1235.0,1,0,0,0,0.0
U01495,S01495,2026-02-02,Mobile,Email,Electronics,2535.0,1,0,0,0,0.0
U09442,S09442,2026-02-02,Tablet,Email,Home,3302.0,1,0,0,0,0.0
U09126,S09126,2026-02-02,Tablet,Direct,Clothing,3345.0,1,0,0,0,0.0
U10695,S10695,2026-02-02,Desktop,Direct,Clothing,2712.0,1,1,1,0,0.0
U02568,S02568,2026-02-02,Mobile,Google,Home,2805.0,1,0,0,0,0.0
U11302,S11302,2026-02-02,Tablet,Facebook,Shoes,2227.0,1,0,0,0,0.0
U07513,S07513,2026-02-02,Mobile,Instagram,Shoes,2320.0,1,1,1,0,0.0
U07520,S07520,2026-02-02,Mobile,Instagram,Shoes,1712.0,1,0,0,0,0.0
U09159,S09159,2026-02-02,Mobile,Facebook,Electronics,1259.0,1,1,0,0,0.0
U05975,S05975,2026-02-02,Tablet,Facebook,Electronics,300.0,1,0,0,0,0.0
U03518,S03518,2026-02-02,Mobile,Email,Shoes,2601.0,1,1,0,0,0.0
U06895,S06895,2026-02-03,Mobile,Facebook,Beauty,627.0,1,1,1,1,627.0
U00945,S00945,2026-02-03,Mobile,Instagram,Clothing,383.0,1,0,0,0,0.0
U00183,S00183,2026-02-03,Mobile,Facebook,Clothing,4951.0,1,0,0,0,0.0
U02758,S02758,2026-02-03,Desktop,Facebook,Home,1264.0,1,0,0,0,0.0
U11510,S11510,2026-02-03,Mobile,Direct,Shoes,4751.0,1,1,1,1,4751.0
U10317,S10317,2026-02-03,Mobile,Direct,Home,4932.0,1,0,0,0,0.0
U05842,S05842,2026-02-03,Mobile,Instagram,Shoes,4593.0,1,1,1,1,4593.0
U11590,S11590,2026-02-03,Mobile,Instagram,Beauty,686.0,1,0,0,0,0.0
U05846,S05846,2026-02-03,Desktop,Instagram,Beauty,1139.0,1,0,0,0,0.0
U10312,S10312,2026-02-03,Mobile,Facebook,Clothing,1768.0,1,1,1,1,1768.0
U02584,S02584,2026-02-03,Mobile,Email,Electronics,1496.0,1,0,0,0,0.0
U11497,S11497,2026-02-03,Mobile,Google,Clothing,7940.0,1,0,0,0,0.0
U05817,S05817,2026-02-03,Mobile,Email,Beauty,3148.0,1,0,0,0,0.0
U11492,S11492,2026-02-03,Mobile,Google,Electronics,6752.0,1,0,0,0,0.0
U11570,S11570,2026-02-03,Mobile,Google,Home,7449.0,1,0,0,0,0.0
U11484,S11484,2026-02-03,Desktop,Google,Beauty,1335.0,1,0,0,0,0.0
U05890,S05890,2026-02-03,Mobile,Instagram,Home,20369.0,1,0,0,0,0.0
U02728,S02728,2026-02-03,Mobile,Google,Clothing,3478.0,1,1,0,0,0.0
U09424,S09424,2026-02-03,Mobile,Direct,Home,553.0,1,1,0,0,0.0
U06076,S06076,2026-02-03,Mobile,Direct,Home,2390.0,1,0,0,0,0.0
U02690,S02690,2026-02-03,Mobile,Direct,Beauty,1357.0,1,0,0,0,0.0
U06394,S06394,2026-02-03,Mobile,Facebook,Home,1263.0,1,0,0,0,0.0
U02391,S02391,2026-02-03,Mobile,Direct,Home,872.0,1,0,0,0,0.0
U05952,S05952,2026-02-03,Mobile,Direct,Electronics,1724.0,1,0,0,0,0.0
U11520,S11520,2026-02-03,Mobile,Email,Electronics,6613.0,1,1,0,0,0.0
U11404,S11404,2026-02-03,Mobile,Facebook,Clothing,390.0,1,1,1,1,390.0
U11045,S11045,2026-02-03,Mobile,Direct,Shoes,2718.0,1,1,0,0,0.0
U03050,S03050,2026-02-03,Mobile,Facebook,Clothing,2731.0,1,0,0,0,0.0
U05491,S05491,2026-02-03,Mobile,Direct,Shoes,1600.0,1,0,0,0,0.0
U04946,S04946,2026-02-03,Desktop,Direct,Electronics,697.0,1,1,0,0,0.0
U11129,S11129,2026-02-03,Mobile,Google,Electronics,2407.0,1,0,0,0,0.0
U00118,S00118,2026-02-03,Desktop,Direct,Beauty,6804.0,1,1,0,0,0.0
U02105,S02105,2026-02-03,Mobile,Direct,Clothing,2208.0,1,1,0,0,0.0
U01746,S01746,2026-02-03,Desktop,Direct,Beauty,564.0,1,1,1,1,564.0
U10198,S10198,2026-02-03,Desktop,Google,Electronics,849.0,1,0,0,0,0.0
U02832,S02832,2026-02-03,Mobile,Email,Shoes,5546.0,1,1,1,1,5546.0
U08147,S08147,2026-02-03,Mobile,Email,Home,5692.0,1,1,1,1,5692.0
U02839,S02839,2026-02-03,Mobile,Instagram,Clothing,6008.0,1,0,0,0,0.0
U00926,S00926,2026-02-03,Mobile,Google,Beauty,2199.0,1,0,0,0,0.0
U01365,S01365,2026-02-03,Mobile,Instagram,Clothing,1512.0,1,0,0,0,0.0
U08558,S08558,2026-02-03,Desktop,Direct,Electronics,1450.0,1,1,0,0,0.0
U03831,S03831,2026-02-03,Mobile,Direct,Home,300.0,1,1,1,0,0.0
U09216,S09216,2026-02-03,Desktop,Direct,Beauty,591.0,1,0,0,0,0.0
U09215,S09215,2026-02-03,Mobile,Email,Shoes,666.0,1,1,1,1,666.0
U07559,S07559,2026-02-03,Desktop,Direct,Shoes,3637.0,1,0,0,0,0.0
U07554,S07554,2026-02-03,Mobile,Google,Home,7018.0,1,1,0,0,0.0
U05316,S05316,2026-02-03,Mobile,Facebook,Electronics,2422.0,1,0,0,0,0.0
U07380,S07380,2026-02-03,Mobile,Direct,Shoes,15223.0,1,1,1,1,15223.0
U01717,S01717,2026-02-03,Mobile,Email,Clothing,1308.0,1,0,0,0,0.0
U07886,S07886,2026-02-03,Mobile,Google,Beauty,2310.0,1,1,0,0,0.0
U07395,S07395,2026-02-03,Desktop,Instagram,Beauty,12920.0,1,1,0,0,0.0
U07507,S07507,2026-02-03,Tablet,Direct,Clothing,383.0,1,1,0,0,0.0
U08794,S08794,2026-02-03,Desktop,Direct,Clothing,4632.0,1,0,0,0,0.0
U11958,S11958,2026-02-03,Mobile,Email,Beauty,2456.0,1,0,0,0,0.0
U04045,S04045,2026-02-03,Mobile,Direct,Clothing,2457.0,1,0,0,0,0.0
U01969,S01969,2026-02-03,Mobile,Google,Clothing,3302.0,1,0,0,0,0.0
U10160,S10160,2026-02-03,Desktop,Direct,Clothing,10888.0,1,0,0,0,0.0
U11908,S11908,2026-02-03,Desktop,Direct,Beauty,815.0,1,1,1,1,815.0
U10658,S10658,2026-02-03,Desktop,Instagram,Home,3381.0,1,0,0,0,0.0
U03161,S03161,2026-02-03,Tablet,Google,Electronics,2315.0,1,0,0,0,0.0
U07690,S07690,2026-02-03,Mobile,Instagram,Beauty,1410.0,1,1,0,0,0.0
U04140,S04140,2026-02-03,Desktop,Facebook,Beauty,4021.0,1,1,0,0,0.0
U01875,S01875,2026-02-03,Desktop,Instagram,Clothing,10201.0,1,0,0,0,0.0
U00624,S00624,2026-02-03,Mobile,Email,Shoes,5571.0,1,0,0,0,0.0
U03749,S03749,2026-02-03,Mobile,Instagram,Electronics,4832.0,1,1,1,1,4832.0
U04289,S04289,2026-02-03,Tablet,Google,Shoes,5502.0,1,1,1,1,5502.0
U02953,S02953,2026-02-03,Mobile,Instagram,Beauty,4218.0,1,0,0,0,0.0
U03013,S03013,2026-02-03,Desktop,Direct,Clothing,703.0,1,0,0,0,0.0
U05149,S05149,2026-02-03,Desktop,Google,Clothing,3478.0,1,1,1,1,3478.0
U11553,S11553,2026-02-04,Mobile,Google,Home,4225.0,1,0,0,0,0.0
U10382,S10382,2026-02-04,Mobile,Google,Home,1245.0,1,0,0,0,0.0
U06164,S06164,2026-02-04,Mobile,Direct,Clothing,2196.0,1,1,0,0,0.0
U11981,S11981,2026-02-04,Mobile,Google,Shoes,1413.0,1,1,0,0,0.0
U10027,S10027,2026-02-04,Tablet,Instagram,Clothing,2629.0,1,0,0,0,0.0
U03364,S03364,2026-02-04,Mobile,Facebook,Home,877.0,1,0,0,0,0.0
U02514,S02514,2026-02-04,Mobile,Email,Clothing,1330.0,1,1,0,0,0.0
U02485,S02485,2026-02-04,Desktop,Instagram,Clothing,2626.0,1,0,0,0,0.0
U10484,S10484,2026-02-04,Desktop,Direct,Home,4122.0,1,0,0,0,0.0
U02534,S02534,2026-02-04,Mobile,Google,Clothing,1394.0,1,1,1,1,1394.0
U07273,S07273,2026-02-04,Mobile,Direct,Home,4906.0,1,1,0,0,0.0
U05091,S05091,2026-02-04,Mobile,Google,Home,886.0,1,0,0,0,0.0
U03317,S03317,2026-02-04,Desktop,Direct,Shoes,3107.0,1,1,1,1,3107.0
U07401,S07401,2026-02-04,Mobile,Email,Home,3794.0,1,1,1,1,3794.0
U01924,S01924,2026-02-04,Mobile,Facebook,Home,6719.0,1,0,0,0,0.0
U11766,S11766,2026-02-04,Mobile,Direct,Electronics,1721.0,1,1,1,1,1721.0
U01276,S01276,2026-02-04,Mobile,Facebook,Beauty,1386.0,1,0,0,0,0.0
U06882,S06882,2026-02-04,Desktop,Email,Home,2525.0,1,0,0,0,0.0
U11465,S11465,2026-02-04,Desktop,Instagram,Clothing,1601.0,1,1,1,1,1601.0
U03151,S03151,2026-02-04,Mobile,Google,Clothing,1168.0,1,0,0,0,0.0
U08711,S08711,2026-02-04,Desktop,Direct,Electronics,8121.0,1,0,0,0,0.0
U06351,S06351,2026-02-04,Desktop,Instagram,Electronics,1092.0,1,0,0,0,0.0
U08161,S08161,2026-02-04,Mobile,Instagram,Home,13522.0,1,1,0,0,0.0
U08470,S08470,2026-02-04,Mobile,Google,Shoes,20668.0,1,0,0,0,0.0
U00132,S00132,2026-02-04,Tablet,Google,Electronics,3284.0,1,0,0,0,0.0
U05668,S05668,2026-02-04,Desktop,Instagram,Beauty,5120.0,1,1,1,1,5120.0
U08552,S08552,2026-02-04,Desktop,Instagram,Electronics,908.0,1,0,0,0,0.0
U05183,S05183,2026-02-04,Mobile,Direct,Electronics,2251.0,1,1,1,0,0.0
U08445,S08445,2026-02-04,Desktop,Google,Electronics,7504.0,1,0,0,0,0.0
U09803,S09803,2026-02-04,Desktop,Direct,Shoes,478.0,1,0,0,0,0.0
U03779,S03779,2026-02-04,Desktop,Email,Clothing,6335.0,1,0,0,0,0.0
U00223,S00223,2026-02-04,Desktop,Direct,Beauty,2484.0,1,0,0,0,0.0
U09705,S09705,2026-02-04,Mobile,Google,Shoes,3476.0,1,0,0,0,0.0
U08260,S08260,2026-02-04,Mobile,Facebook,Home,1789.0,1,0,0,0,0.0
U09361,S09361,2026-02-04,Mobile,Google,Clothing,3225.0,1,0,0,0,0.0
U07639,S07639,2026-02-04,Mobile,Instagram,Shoes,1525.0,1,1,1,0,0.0
U08627,S08627,2026-02-04,Mobile,Google,Home,6572.0,1,0,0,0,0.0
U03784,S03784,2026-02-04,Mobile,Google,Shoes,1836.0,1,0,0,0,0.0
U07101,S07101,2026-02-04,Mobile,Google,Home,423.0,1,0,0,0,0.0
U07631,S07631,2026-02-04,Mobile,Direct,Beauty,1469.0,1,0,0,0,0.0
U03209,S03209,2026-02-04,Mobile,Google,Beauty,2820.0,1,1,0,0,0.0
U11132,S11132,2026-02-04,Mobile,Direct,Beauty,1183.0,1,1,1,1,1183.0
U07626,S07626,2026-02-04,Mobile,Google,Beauty,717.0,1,1,1,0,0.0
U00848,S00848,2026-02-04,Desktop,Direct,Electronics,6050.0,1,1,0,0,0.0
U03443,S03443,2026-02-04,Mobile,Direct,Electronics,1295.0,1,0,0,0,0.0
U08611,S08611,2026-02-04,Mobile,Email,Shoes,516.0,1,1,1,1,516.0
U10175,S10175,2026-02-04,Mobile,Google,Home,2696.0,1,0,0,0,0.0
U10854,S10854,2026-02-04,Desktop,Instagram,Clothing,3062.0,1,1,0,0,0.0
U03686,S03686,2026-02-04,Mobile,Google,Beauty,4063.0,1,0,0,0,0.0
U05901,S05901,2026-02-04,Desktop,Instagram,Shoes,1485.0,1,0,0,0,0.0
U00606,S00606,2026-02-04,Desktop,Direct,Clothing,17990.0,1,1,1,1,17990.0
U05475,S05475,2026-02-04,Desktop,Instagram,Clothing,7320.0,1,0,0,0,0.0
U08043,S08043,2026-02-04,Desktop,Facebook,Home,2156.0,1,0,0,0,0.0
U00365,S00365,2026-02-04,Desktop,Facebook,Clothing,8627.0,1,0,0,0,0.0
U01182,S01182,2026-02-04,Mobile,Facebook,Clothing,3509.0,1,0,0,0,0.0
U10656,S10656,2026-02-04,Mobile,Direct,Electronics,1461.0,1,0,0,0,0.0
U08282,S08282,2026-02-04,Mobile,Instagram,Beauty,2169.0,1,0,0,0,0.0
U09297,S09297,2026-02-04,Mobile,Instagram,Electronics,3298.0,1,1,1,1,3298.0
U08457,S08457,2026-02-04,Tablet,Facebook,Shoes,1695.0,1,0,0,0,0.0
U03908,S03908,2026-02-05,Desktop,Google,Clothing,1283.0,1,0,0,0,0.0
U07708,S07708,2026-02-05,Mobile,Direct,Clothing,9670.0,1,0,0,0,0.0
U02398,S02398,2026-02-05,Mobile,Google,Beauty,1768.0,1,1,1,1,1768.0
U10247,S10247,2026-02-05,Mobile,Google,Clothing,3122.0,1,1,0,0,0.0
U00064,S00064,2026-02-05,Desktop,Direct,Electronics,671.0,1,1,1,1,671.0
U03648,S03648,2026-02-05,Mobile,Direct,Shoes,2018.0,1,0,0,0,0.0
U01821,S01821,2026-02-05,Tablet,Facebook,Beauty,914.0,1,1,1,1,914.0
U11850,S11850,2026-02-05,Mobile,Google,Home,4895.0,1,1,1,1,4895.0
U06903,S06903,2026-02-05,Desktop,Google,Home,2804.0,1,0,0,0,0.0
U07793,S07793,2026-02-05,Mobile,Facebook,Clothing,556.0,1,0,0,0,0.0
U10003,S10003,2026-02-05,Mobile,Instagram,Clothing,1821.0,1,0,0,0,0.0
U11931,S11931,2026-02-05,Desktop,Direct,Beauty,924.0,1,0,0,0,0.0
U05172,S05172,2026-02-05,Desktop,Direct,Electronics,1778.0,1,1,1,1,1778.0
U05744,S05744,2026-02-05,Desktop,Facebook,Home,3138.0,1,0,0,0,0.0
U06541,S06541,2026-02-05,Desktop,Direct,Shoes,5885.0,1,1,1,1,5885.0
U11420,S11420,2026-02-05,Tablet,Direct,Home,1156.0,1,1,1,1,1156.0
U04498,S04498,2026-02-05,Mobile,Direct,Beauty,1471.0,1,0,0,0,0.0
U01592,S01592,2026-02-05,Mobile,Email,Shoes,1001.0,1,1,0,0,0.0
U07566,S07566,2026-02-05,Desktop,Email,Home,10475.0,1,0,0,0,0.0
U08845,S08845,2026-02-05,Desktop,Instagram,Electronics,1360.0,1,1,1,1,1360.0
U06170,S06170,2026-02-05,Desktop,Direct,Shoes,26322.0,1,0,0,0,0.0
U04456,S04456,2026-02-05,Mobile,Direct,Clothing,1934.0,1,0,0,0,0.0
U06411,S06411,2026-02-05,Mobile,Direct,Beauty,20990.0,1,0,0,0,0.0
U00870,S00870,2026-02-05,Mobile,Google,Clothing,2854.0,1,0,0,0,0.0
U09926,S09926,2026-02-05,Tablet,Google,Electronics,986.0,1,1,0,0,0.0
U01411,S01411,2026-02-05,Desktop,Direct,Clothing,3122.0,1,1,1,1,3122.0
U06745,S06745,2026-02-05,Mobile,Instagram,Electronics,2760.0,1,0,0,0,0.0
U03244,S03244,2026-02-05,Mobile,Facebook,Electronics,3180.0,1,0,0,0,0.0
U02677,S02677,2026-02-05,Mobile,Email,Electronics,3486.0,1,0,0,0,0.0
U08618,S08618,2026-02-05,Desktop,Facebook,Clothing,2548.0,1,0,0,0,0.0
U03924,S03924,2026-02-05,Tablet,Email,Home,9024.0,1,0,0,0,0.0
U09529,S09529,2026-02-05,Desktop,Direct,Home,1731.0,1,1,0,0,0.0
U03754,S03754,2026-02-05,Desktop,Instagram,Electronics,3721.0,1,0,0,0,0.0
U04530,S04530,2026-02-05,Mobile,Google,Electronics,810.0,1,0,0,0,0.0
U03868,S03868,2026-02-05,Mobile,Google,Home,2940.0,1,0,0,0,0.0
U00504,S00504,2026-02-05,Mobile,Facebook,Home,1345.0,1,0,0,0,0.0
U08989,S08989,2026-02-05,Mobile,Instagram,Home,1486.0,1,0,0,0,0.0
U09345,S09345,2026-02-05,Desktop,Direct,Beauty,1224.0,1,1,0,0,0.0
U04972,S04972,2026-02-05,Mobile,Facebook,Home,843.0,1,0,0,0,0.0
U09777,S09777,2026-02-05,Mobile,Google,Clothing,6373.0,1,1,1,1,6373.0
U02185,S02185,2026-02-05,Mobile,Facebook,Clothing,7631.0,1,1,0,0,0.0
U01437,S01437,2026-02-05,Mobile,Instagram,Electronics,3663.0,1,0,0,0,0.0
U11223,S11223,2026-02-05,Mobile,Google,Home,3741.0,1,0,0,0,0.0
U05910,S05910,2026-02-05,Mobile,Facebook,Shoes,7713.0,1,1,1,1,7713.0
U09312,S09312,2026-02-05,Mobile,Direct,Home,815.0,1,0,0,0,0.0
U05957,S05957,2026-02-05,Mobile,Direct,Clothing,1071.0,1,1,0,0,0.0
U06254,S06254,2026-02-05,Mobile,Google,Shoes,7601.0,1,0,0,0,0.0
U08726,S08726,2026-02-05,Tablet,Email,Clothing,2480.0,1,1,0,0,0.0
U09161,S09161,2026-02-05,Mobile,Google,Shoes,2760.0,1,0,0,0,0.0
U02087,S02087,2026-02-05,Mobile,Google,Electronics,2266.0,1,0,0,0,0.0
U01491,S01491,2026-02-05,Mobile,Google,Beauty,666.0,1,1,0,0,0.0
U01764,S01764,2026-02-05,Mobile,Google,Clothing,3371.0,1,0,0,0,0.0
U11583,S11583,2026-02-05,Mobile,Instagram,Shoes,2835.0,1,1,0,0,0.0
U03499,S03499,2026-02-05,Mobile,Instagram,Beauty,4935.0,1,0,0,0,0.0
U08541,S08541,2026-02-05,Mobile,Google,Beauty,9158.0,1,1,0,0,0.0
U02044,S02044,2026-02-05,Tablet,Direct,Home,6211.0,1,1,0,0,0.0
U11875,S11875,2026-02-05,Mobile,Instagram,Shoes,1482.0,1,0,0,0,0.0
U02878,S02878,2026-02-05,Mobile,Instagram,Clothing,1313.0,1,0,0,0,0.0
U00802,S00802,2026-02-05,Mobile,Email,Clothing,2703.0,1,0,0,0,0.0
U06661,S06661,2026-02-05,Mobile,Email,Shoes,3415.0,1,1,0,0,0.0
U07378,S07378,2026-02-05,Tablet,Facebook,Shoes,1445.0,1,0,0,0,0.0
U01198,S01198,2026-02-05,Desktop,Direct,Beauty,1956.0,1,1,1,0,0.0
U07188,S07188,2026-02-05,Mobile,Direct,Shoes,879.0,1,1,0,0,0.0
U05881,S05881,2026-02-05,Mobile,Instagram,Shoes,1081.0,1,1,1,0,0.0
U02063,S02063,2026-02-05,Mobile,Direct,Shoes,4724.0,1,1,0,0,0.0
U09017,S09017,2026-02-06,Desktop,Instagram,Home,8138.0,1,1,0,0,0.0
U01788,S01788,2026-02-06,Desktop,Google,Electronics,3362.0,1,1,1,1,3362.0
U08024,S08024,2026-02-06,Mobile,Google,Beauty,1015.0,1,1,0,0,0.0
U08948,S08948,2026-02-06,Desktop,Direct,Beauty,873.0,1,1,0,0,0.0
U02408,S02408,2026-02-06,Mobile,Email,Shoes,3232.0,1,0,0,0,0.0
U00160,S00160,2026-02-06,Desktop,Facebook,Beauty,844.0,1,0,0,0,0.0
U03776,S03776,2026-02-06,Mobile,Direct,Home,1448.0,1,0,0,0,0.0
U03577,S03577,2026-02-06,Desktop,Facebook,Clothing,10729.0,1,0,0,0,0.0
U06259,S06259,2026-02-06,Mobile,Google,Shoes,3147.0,1,1,0,0,0.0
U01690,S01690,2026-02-06,Mobile,Google,Home,2142.0,1,1,1,1,2142.0
U01310,S01310,2026-02-06,Tablet,Google,Home,1649.0,1,1,1,1,1649.0
U09002,S09002,2026-02-06,Mobile,Direct,Clothing,5330.0,1,0,0,0,0.0
U08990,S08990,2026-02-06,Mobile,Google,Shoes,9727.0,1,1,1,1,9727.0
U07966,S07966,2026-02-06,Desktop,Email,Clothing,4655.0,1,1,1,1,4655.0
U09998,S09998,2026-02-06,Mobile,Instagram,Home,1582.0,1,0,0,0,0.0
U11852,S11852,2026-02-06,Mobile,Instagram,Beauty,1867.0,1,1,1,1,1867.0
U09930,S09930,2026-02-06,Mobile,Direct,Electronics,4335.0,1,0,0,0,0.0
U01283,S01283,2026-02-06,Mobile,Facebook,Electronics,5194.0,1,1,1,1,5194.0
U06303,S06303,2026-02-06,Mobile,Google,Shoes,9374.0,1,0,0,0,0.0
U11922,S11922,2026-02-06,Desktop,Direct,Electronics,3502.0,1,0,0,0,0.0
U02985,S02985,2026-02-06,Mobile,Direct,Home,3567.0,1,1,1,0,0.0
U08133,S08133,2026-02-06,Desktop,Direct,Electronics,11378.0,1,1,0,0,0.0
U05114,S05114,2026-02-06,Tablet,Direct,Electronics,2731.0,1,0,0,0,0.0
U00665,S00665,2026-02-06,Mobile,Google,Beauty,1058.0,1,1,1,0,0.0
U11534,S11534,2026-02-06,Desktop,Direct,Shoes,5741.0,1,0,0,0,0.0
U06655,S06655,2026-02-06,Mobile,Facebook,Shoes,648.0,1,0,0,0,0.0
U04230,S04230,2026-02-06,Mobile,Facebook,Clothing,5015.0,1,0,0,0,0.0
U08484,S08484,2026-02-06,Mobile,Instagram,Electronics,5114.0,1,0,0,0,0.0
U05314,S05314,2026-02-06,Desktop,Facebook,Clothing,2853.0,1,1,0,0,0.0
U03716,S03716,2026-02-06,Desktop,Google,Beauty,12998.0,1,0,0,0,0.0
U09290,S09290,2026-02-06,Mobile,Email,Electronics,1075.0,1,0,0,0,0.0
U09566,S09566,2026-02-06,Mobile,Email,Beauty,582.0,1,0,0,0,0.0
U01505,S01505,2026-02-06,Desktop,Google,Clothing,2195.0,1,0,0,0,0.0
U10433,S10433,2026-02-06,Mobile,Facebook,Clothing,8105.0,1,1,0,0,0.0
U05655,S05655,2026-02-06,Mobile,Google,Home,2069.0,1,1,1,0,0.0
U03559,S03559,2026-02-06,Desktop,Google,Beauty,2547.0,1,0,0,0,0.0
U07265,S07265,2026-02-06,Mobile,Google,Shoes,930.0,1,1,1,1,930.0
U07221,S07221,2026-02-06,Mobile,Google,Clothing,3524.0,1,1,1,1,3524.0
U05388,S05388,2026-02-06,Mobile,Direct,Clothing,3403.0,1,1,1,1,3403.0
U02764,S02764,2026-02-06,Mobile,Google,Shoes,7740.0,1,1,1,1,7740.0
U06708,S06708,2026-02-06,Mobile,Google,Beauty,3732.0,1,0,0,0,0.0
U00810,S00810,2026-02-06,Tablet,Google,Electronics,1320.0,1,1,1,1,1320.0
U03643,S03643,2026-02-06,Desktop,Instagram,Shoes,2868.0,1,0,0,0,0.0
U00591,S00591,2026-02-06,Tablet,Email,Shoes,8420.0,1,0,0,0,0.0
U10670,S10670,2026-02-06,Mobile,Email,Shoes,7191.0,1,1,0,0,0.0
U11684,S11684,2026-02-06,Tablet,Instagram,Clothing,1043.0,1,0,0,0,0.0
U10666,S10666,2026-02-06,Desktop,Direct,Shoes,3083.0,1,1,1,0,0.0
U03963,S03963,2026-02-06,Desktop,Email,Clothing,5957.0,1,0,0,0,0.0
U05248,S05248,2026-02-06,Mobile,Google,Clothing,3685.0,1,0,0,0,0.0
U09072,S09072,2026-02-06,Mobile,Google,Electronics,5563.0,1,0,0,0,0.0
U06900,S06900,2026-02-06,Tablet,Email,Clothing,2386.0,1,1,1,0,0.0
U01624,S01624,2026-02-06,Mobile,Facebook,Clothing,2733.0,1,0,0,0,0.0
U08723,S08723,2026-02-06,Desktop,Google,Beauty,4927.0,1,0,0,0,0.0
U10107,S10107,2026-02-06,Mobile,Instagram,Electronics,642.0,1,1,0,0,0.0
U02931,S02931,2026-02-06,Mobile,Google,Clothing,7848.0,1,1,1,1,7848.0
U04872,S04872,2026-02-06,Mobile,Direct,Clothing,1423.0,1,0,0,0,0.0
U01613,S01613,2026-02-06,Desktop,Email,Home,6311.0,1,1,1,0,0.0
U11262,S11262,2026-02-06,Desktop,Direct,Home,1935.0,1,1,1,1,1935.0
U10637,S10637,2026-02-06,Tablet,Instagram,Electronics,4554.0,1,1,1,0,0.0
U11681,S11681,2026-02-06,Mobile,Facebook,Electronics,6290.0,1,0,0,0,0.0
U10783,S10783,2026-02-06,Mobile,Facebook,Home,3281.0,1,1,0,0,0.0
U09111,S09111,2026-02-06,Tablet,Google,Home,300.0,1,0,0,0,0.0
U00131,S00131,2026-02-06,Mobile,Instagram,Home,30000.0,1,0,0,0,0.0
U00128,S00128,2026-02-06,Mobile,Direct,Electronics,1035.0,1,0,0,0,0.0
U06110,S06110,2026-02-06,Mobile,Direct,Home,1645.0,1,0,0,0,0.0
U06861,S06861,2026-02-06,Mobile,Direct,Electronics,5623.0,1,0,0,0,0.0
U09130,S09130,2026-02-06,Desktop,Google,Shoes,1680.0,1,0,0,0,0.0
U09293,S09293,2026-02-06,Desktop,Google,Clothing,3988.0,1,0,0,0,0.0
U10470,S10470,2026-02-06,Mobile,Email,Shoes,2894.0,1,0,0,0,0.0
U08875,S08875,2026-02-06,Mobile,Email,Electronics,3741.0,1,1,0,0,0.0
U07099,S07099,2026-02-06,Mobile,Google,Clothing,300.0,1,1,0,0,0.0
U10106,S10106,2026-02-07,Mobile,Direct,Home,3652.0,1,0,0,0,0.0
U00244,S00244,2026-02-07,Mobile,Direct,Electronics,2613.0,1,0,0,0,0.0
U00625,S00625,2026-02-07,Tablet,Facebook,Electronics,7470.0,1,0,0,0,0.0
U03023,S03023,2026-02-07,Mobile,Direct,Home,1799.0,1,1,1,0,0.0
U04911,S04911,2026-02-07,Mobile,Instagram,Electronics,546.0,1,0,0,0,0.0
U10788,S10788,2026-02-07,Mobile,Instagram,Shoes,6589.0,1,0,0,0,0.0
U00024,S00024,2026-02-07,Desktop,Google,Clothing,15888.0,1,0,0,0,0.0
U02520,S02520,2026-02-07,Mobile,Email,Clothing,4073.0,1,1,1,0,0.0
U11511,S11511,2026-02-07,Mobile,Facebook,Shoes,692.0,1,1,0,0,0.0
U01368,S01368,2026-02-07,Mobile,Google,Beauty,1862.0,1,0,0,0,0.0
U08300,S08300,2026-02-07,Mobile,Google,Electronics,5930.0,1,0,0,0,0.0
U03135,S03135,2026-02-07,Desktop,Email,Shoes,28797.0,1,0,0,0,0.0
U08304,S08304,2026-02-07,Mobile,Facebook,Beauty,4407.0,1,0,0,0,0.0
U06197,S06197,2026-02-07,Desktop,Google,Beauty,699.0,1,1,0,0,0.0
U08788,S08788,2026-02-07,Desktop,Instagram,Shoes,1033.0,1,1,1,0,0.0
U10810,S10810,2026-02-07,Tablet,Instagram,Electronics,3711.0,1,0,0,0,0.0
U08143,S08143,2026-02-07,Mobile,Email,Electronics,3397.0,1,0,0,0,0.0
U11499,S11499,2026-02-07,Mobile,Instagram,Shoes,2085.0,1,0,0,0,0.0
U04738,S04738,2026-02-07,Mobile,Facebook,Shoes,1379.0,1,1,1,1,1379.0
U08560,S08560,2026-02-07,Desktop,Instagram,Shoes,1424.0,1,0,0,0,0.0
U01573,S01573,2026-02-07,Mobile,Facebook,Electronics,3066.0,1,0,0,0,0.0
U04771,S04771,2026-02-07,Desktop,Facebook,Clothing,2302.0,1,1,1,0,0.0
U09322,S09322,2026-02-07,Mobile,Instagram,Electronics,1468.0,1,0,0,0,0.0
U01721,S01721,2026-02-07,Mobile,Instagram,Clothing,5038.0,1,0,0,0,0.0
U07753,S07753,2026-02-07,Desktop,Google,Clothing,1650.0,1,1,1,1,1650.0
U06456,S06456,2026-02-07,Desktop,Facebook,Clothing,4760.0,1,1,1,1,4760.0
U06457,S06457,2026-02-07,Mobile,Direct,Home,1882.0,1,0,0,0,0.0
U01213,S01213,2026-02-07,Mobile,Instagram,Clothing,1493.0,1,1,1,0,0.0
U00082,S00082,2026-02-07,Mobile,Direct,Home,2041.0,1,0,0,0,0.0
U07133,S07133,2026-02-07,Mobile,Direct,Shoes,1524.0,1,1,1,0,0.0
U04208,S04208,2026-02-07,Mobile,Instagram,Home,2359.0,1,0,0,0,0.0
U03400,S03400,2026-02-07,Desktop,Google,Home,1250.0,1,0,0,0,0.0
U05153,S05153,2026-02-07,Mobile,Email,Electronics,6374.0,1,0,0,0,0.0
U01268,S01268,2026-02-07,Tablet,Instagram,Beauty,7204.0,1,1,1,1,7204.0
U10178,S10178,2026-02-07,Desktop,Google,Clothing,1238.0,1,1,1,1,1238.0
U11108,S11108,2026-02-07,Mobile,Google,Shoes,3930.0,1,1,0,0,0.0
U10488,S10488,2026-02-07,Mobile,Email,Shoes,1341.0,1,0,0,0,0.0
U06681,S06681,2026-02-07,Desktop,Facebook,Electronics,1752.0,1,1,0,0,0.0
U09468,S09468,2026-02-07,Desktop,Direct,Shoes,4593.0,1,0,0,0,0.0
U02290,S02290,2026-02-07,Mobile,Instagram,Electronics,4642.0,1,0,0,0,0.0
U11676,S11676,2026-02-07,Mobile,Direct,Clothing,8937.0,1,0,0,0,0.0
U01078,S01078,2026-02-07,Mobile,Direct,Electronics,2559.0,1,0,0,0,0.0
U09104,S09104,2026-02-07,Desktop,Google,Clothing,658.0,1,1,1,1,658.0
U09834,S09834,2026-02-07,Desktop,Google,Electronics,1881.0,1,1,1,1,1881.0
U09208,S09208,2026-02-07,Mobile,Direct,Electronics,2624.0,1,0,0,0,0.0
U03623,S03623,2026-02-07,Mobile,Google,Beauty,3916.0,1,0,0,0,0.0
U09105,S09105,2026-02-07,Desktop,Direct,Electronics,2211.0,1,1,1,0,0.0
U06425,S06425,2026-02-07,Mobile,Direct,Electronics,814.0,1,0,0,0,0.0
U01921,S01921,2026-02-07,Mobile,Direct,Shoes,7747.0,1,1,0,0,0.0
U05563,S05563,2026-02-07,Mobile,Direct,Home,7079.0,1,0,0,0,0.0
U02220,S02220,2026-02-07,Mobile,Google,Home,1006.0,1,0,0,0,0.0
U06274,S06274,2026-02-07,Mobile,Instagram,Shoes,1543.0,1,1,0,0,0.0
U03603,S03603,2026-02-07,Mobile,Direct,Shoes,2873.0,1,1,1,1,2873.0
U11813,S11813,2026-02-07,Tablet,Google,Shoes,662.0,1,1,1,1,662.0
U06631,S06631,2026-02-07,Desktop,Google,Beauty,1423.0,1,1,0,0,0.0
U03880,S03880,2026-02-07,Mobile,Direct,Clothing,2591.0,1,0,0,0,0.0
U02192,S02192,2026-02-07,Mobile,Direct,Home,3111.0,1,0,0,0,0.0
U01715,S01715,2026-02-07,Mobile,Email,Shoes,2595.0,1,0,0,0,0.0
U00100,S00100,2026-02-07,Tablet,Email,Home,2718.0,1,0,0,0,0.0
U09851,S09851,2026-02-07,Mobile,Facebook,Home,4366.0,1,0,0,0,0.0
U11876,S11876,2026-02-07,Mobile,Direct,Clothing,1329.0,1,1,0,0,0.0
U10207,S10207,2026-02-07,Mobile,Instagram,Clothing,8051.0,1,0,0,0,0.0
U03942,S03942,2026-02-07,Mobile,Email,Clothing,1530.0,1,0,0,0,0.0
U03995,S03995,2026-02-07,Mobile,Instagram,Home,2274.0,1,0,0,0,0.0
U03955,S03955,2026-02-07,Mobile,Instagram,Clothing,1403.0,1,1,1,1,1403.0
U11367,S11367,2026-02-07,Mobile,Facebook,Clothing,1557.0,1,1,1,1,1557.0
U09733,S09733,2026-02-07,Tablet,Facebook,Clothing,1166.0,1,1,1,1,1166.0
U06805,S06805,2026-02-07,Desktop,Instagram,Shoes,1375.0,1,1,1,1,1375.0
U04569,S04569,2026-02-07,Mobile,Facebook,Electronics,3740.0,1,0,0,0,0.0
U09865,S09865,2026-02-08,Mobile,Direct,Shoes,1856.0,1,0,0,0,0.0
U05290,S05290,2026-02-08,Mobile,Instagram,Shoes,5717.0,1,1,0,0,0.0
U07318,S07318,2026-02-08,Tablet,Google,Clothing,1707.0,1,0,0,0,0.0
U10138,S10138,2026-02-08,Desktop,Google,Electronics,4197.0,1,0,0,0,0.0
U11692,S11692,2026-02-08,Desktop,Direct,Shoes,1432.0,1,0,0,0,0.0
U02560,S02560,2026-02-08,Mobile,Google,Beauty,2128.0,1,1,1,1,2128.0
U04730,S04730,2026-02-08,Mobile,Direct,Shoes,918.0,1,0,0,0,0.0
U11336,S11336,2026-02-08,Mobile,Instagram,Home,811.0,1,0,0,0,0.0
U06915,S06915,2026-02-08,Desktop,Direct,Home,7147.0,1,1,1,1,7147.0
U11256,S11256,2026-02-08,Mobile,Direct,Shoes,1452.0,1,0,0,0,0.0
U11264,S11264,2026-02-08,Mobile,Instagram,Clothing,3668.0,1,1,1,1,3668.0
U06972,S06972,2026-02-08,Mobile,Google,Beauty,887.0,1,0,0,0,0.0
U00361,S00361,2026-02-08,Tablet,Google,Shoes,1656.0,1,1,1,0,0.0
U05582,S05582,2026-02-08,Mobile,Facebook,Shoes,2279.0,1,1,1,0,0.0
U08663,S08663,2026-02-08,Tablet,Instagram,Home,575.0,1,0,0,0,0.0
U05484,S05484,2026-02-08,Mobile,Email,Home,3563.0,1,1,1,1,3563.0
U04070,S04070,2026-02-08,Mobile,Google,Home,2565.0,1,1,0,0,0.0
U02122,S02122,2026-02-08,Mobile,Google,Clothing,2785.0,1,1,0,0,0.0
U00119,S00119,2026-02-08,Mobile,Google,Clothing,7528.0,1,0,0,0,0.0
U05593,S05593,2026-02-08,Mobile,Google,Beauty,2454.0,1,1,0,0,0.0
U02824,S02824,2026-02-08,Tablet,Facebook,Beauty,764.0,1,0,0,0,0.0
U11571,S11571,2026-02-08,Desktop,Facebook,Home,1791.0,1,1,1,0,0.0
U05419,S05419,2026-02-08,Mobile,Google,Clothing,5654.0,1,0,0,0,0.0
U09235,S09235,2026-02-08,Mobile,Instagram,Clothing,1787.0,1,1,0,0,0.0
U03092,S03092,2026-02-08,Desktop,Email,Shoes,556.0,1,0,0,0,0.0
U11106,S11106,2026-02-08,Mobile,Instagram,Clothing,2067.0,1,0,0,0,0.0
U04791,S04791,2026-02-08,Mobile,Email,Beauty,4312.0,1,1,1,1,4312.0
U08378,S08378,2026-02-08,Desktop,Direct,Clothing,3078.0,1,0,0,0,0.0
U06470,S06470,2026-02-08,Desktop,Instagram,Electronics,4018.0,1,0,0,0,0.0
U01627,S01627,2026-02-08,Mobile,Direct,Clothing,3872.0,1,1,0,0,0.0
U09068,S09068,2026-02-08,Mobile,Google,Electronics,2189.0,1,1,0,0,0.0
U03043,S03043,2026-02-08,Desktop,Google,Clothing,4318.0,1,0,0,0,0.0
U08163,S08163,2026-02-08,Mobile,Instagram,Clothing,10752.0,1,1,1,1,10752.0
U06424,S06424,2026-02-08,Desktop,Instagram,Electronics,3288.0,1,0,0,0,0.0
U07833,S07833,2026-02-08,Mobile,Email,Shoes,4806.0,1,1,1,1,4806.0
U00490,S00490,2026-02-08,Mobile,Google,Electronics,1807.0,1,1,0,0,0.0
U10812,S10812,2026-02-08,Mobile,Direct,Shoes,5243.0,1,0,0,0,0.0
U07904,S07904,2026-02-08,Desktop,Google,Shoes,1598.0,1,0,0,0,0.0
U07693,S07693,2026-02-08,Mobile,Direct,Shoes,16410.0,1,0,0,0,0.0
U02660,S02660,2026-02-08,Mobile,Google,Home,2056.0,1,1,1,1,2056.0
U05033,S05033,2026-02-08,Mobile,Email,Beauty,3623.0,1,0,0,0,0.0
U08970,S08970,2026-02-08,Mobile,Google,Beauty,5431.0,1,1,0,0,0.0
U04934,S04934,2026-02-08,Mobile,Instagram,Shoes,11410.0,1,0,0,0,0.0
U09514,S09514,2026-02-08,Desktop,Google,Clothing,8818.0,1,0,0,0,0.0
U03895,S03895,2026-02-08,Tablet,Direct,Shoes,782.0,1,0,0,0,0.0
U06298,S06298,2026-02-08,Desktop,Instagram,Clothing,979.0,1,1,1,1,979.0
U00745,S00745,2026-02-08,Mobile,Direct,Electronics,2234.0,1,0,0,0,0.0
U10531,S10531,2026-02-08,Desktop,Direct,Shoes,2310.0,1,0,0,0,0.0
U08018,S08018,2026-02-08,Desktop,Instagram,Clothing,758.0,1,1,0,0,0.0
U07912,S07912,2026-02-08,Mobile,Instagram,Shoes,2264.0,1,0,0,0,0.0
U08236,S08236,2026-02-08,Mobile,Email,Shoes,2868.0,1,0,0,0,0.0
U09668,S09668,2026-02-08,Tablet,Direct,Beauty,4564.0,1,0,0,0,0.0
U07574,S07574,2026-02-08,Mobile,Email,Shoes,2049.0,1,1,0,0,0.0
U08344,S08344,2026-02-08,Mobile,Google,Home,630.0,1,1,0,0,0.0
U05163,S05163,2026-02-08,Mobile,Instagram,Beauty,742.0,1,0,0,0,0.0
U05217,S05217,2026-02-08,Mobile,Google,Home,6850.0,1,1,0,0,0.0
U00455,S00455,2026-02-08,Mobile,Instagram,Beauty,2370.0,1,1,0,0,0.0
U10971,S10971,2026-02-08,Mobile,Google,Home,536.0,1,0,0,0,0.0
U05227,S05227,2026-02-08,Mobile,Instagram,Clothing,3249.0,1,0,0,0,0.0
U04081,S04081,2026-02-08,Mobile,Google,Electronics,1583.0,1,0,0,0,0.0
U08364,S08364,2026-02-08,Mobile,Google,Home,1275.0,1,1,0,0,0.0
U01934,S01934,2026-02-08,Desktop,Instagram,Clothing,9503.0,1,1,0,0,0.0
U09452,S09452,2026-02-08,Mobile,Google,Electronics,6549.0,1,0,0,0,0.0
U03834,S03834,2026-02-08,Mobile,Email,Beauty,3156.0,1,0,0,0,0.0
U05689,S05689,2026-02-08,Desktop,Direct,Shoes,2359.0,1,1,1,1,2359.0
U05851,S05851,2026-02-09,Tablet,Instagram,Electronics,1507.0,1,0,0,0,0.0
U00799,S00799,2026-02-09,Desktop,Email,Electronics,602.0,1,0,0,0,0.0
U11587,S11587,2026-02-09,Desktop,Google,Electronics,1656.0,1,0,0,0,0.0
U05237,S05237,2026-02-09,Mobile,Direct,Electronics,4254.0,1,0,0,0,0.0
U10059,S10059,2026-02-09,Desktop,Direct,Shoes,2165.0,1,1,1,1,2165.0
U03830,S03830,2026-02-09,Desktop,Google,Home,3744.0,1,1,0,0,0.0
U04681,S04681,2026-02-09,Tablet,Google,Home,617.0,1,0,0,0,0.0
U00047,S00047,2026-02-09,Mobile,Email,Home,4971.0,1,0,0,0,0.0
U05161,S05161,2026-02-09,Tablet,Direct,Clothing,2198.0,1,0,0,0,0.0
U05482,S05482,2026-02-09,Mobile,Google,Home,1729.0,1,0,0,0,0.0
U05088,S05088,2026-02-09,Mobile,Google,Electronics,3223.0,1,1,0,0,0.0
U04499,S04499,2026-02-09,Desktop,Facebook,Electronics,300.0,1,0,0,0,0.0
U11713,S11713,2026-02-09,Mobile,Email,Clothing,1873.0,1,0,0,0,0.0
U09760,S09760,2026-02-09,Mobile,Direct,Home,10077.0,1,1,1,0,0.0
U05381,S05381,2026-02-09,Mobile,Facebook,Shoes,3695.0,1,0,0,0,0.0
U05736,S05736,2026-02-09,Tablet,Facebook,Clothing,335.0,1,1,0,0,0.0
U00953,S00953,2026-02-09,Mobile,Google,Clothing,17995.0,1,1,0,0,0.0
U03883,S03883,2026-02-09,Desktop,Google,Electronics,2063.0,1,1,1,1,2063.0
U10149,S10149,2026-02-09,Mobile,Instagram,Electronics,8150.0,1,0,0,0,0.0
U00925,S00925,2026-02-09,Mobile,Facebook,Home,5909.0,1,1,0,0,0.0
U05874,S05874,2026-02-09,Mobile,Email,Clothing,944.0,1,0,0,0,0.0
U09876,S09876,2026-02-09,Mobile,Facebook,Beauty,1617.0,1,1,0,0,0.0
U04219,S04219,2026-02-09,Tablet,Email,Clothing,4540.0,1,1,1,0,0.0
U04351,S04351,2026-02-09,Mobile,Google,Clothing,2439.0,1,1,1,1,2439.0
U06902,S06902,2026-02-09,Mobile,Google,Beauty,1900.0,1,1,1,0,0.0
U11195,S11195,2026-02-09,Desktop,Instagram,Shoes,3911.0,1,0,0,0,0.0
U08624,S08624,2026-02-09,Desktop,Direct,Electronics,2478.0,1,1,0,0,0.0
U01917,S01917,2026-02-09,Desktop,Google,Shoes,418.0,1,0,0,0,0.0
U01229,S01229,2026-02-09,Tablet,Google,Home,4130.0,1,0,0,0,0.0
U09551,S09551,2026-02-09,Desktop,Google,Shoes,521.0,1,0,0,0,0.0
U00237,S00237,2026-02-09,Mobile,Direct,Shoes,6291.0,1,0,0,0,0.0
U09097,S09097,2026-02-09,Mobile,Facebook,Clothing,780.0,1,0,0,0,0.0
U11202,S11202,2026-02-09,Mobile,Direct,Beauty,817.0,1,0,0,0,0.0
U01161,S01161,2026-02-09,Mobile,Google,Home,686.0,1,0,0,0,0.0
U10712,S10712,2026-02-09,Mobile,Facebook,Home,4335.0,1,0,0,0,0.0
U09223,S09223,2026-02-09,Mobile,Google,Electronics,4271.0,1,0,0,0,0.0
U00292,S00292,2026-02-09,Mobile,Direct,Electronics,1742.0,1,0,0,0,0.0
U08914,S08914,2026-02-09,Mobile,Direct,Home,1637.0,1,0,0,0,0.0
U02030,S02030,2026-02-09,Mobile,Direct,Electronics,1534.0,1,0,0,0,0.0
U06909,S06909,2026-02-09,Tablet,Google,Clothing,1904.0,1,0,0,0,0.0
U09160,S09160,2026-02-09,Mobile,Google,Electronics,1858.0,1,0,0,0,0.0
U01614,S01614,2026-02-09,Mobile,Direct,Shoes,4709.0,1,1,0,0,0.0
U06982,S06982,2026-02-09,Tablet,Email,Beauty,2636.0,1,0,0,0,0.0
U08559,S08559,2026-02-09,Mobile,Direct,Clothing,3093.0,1,1,1,1,3093.0
U01756,S01756,2026-02-09,Mobile,Direct,Home,4509.0,1,0,0,0,0.0
U03714,S03714,2026-02-09,Desktop,Direct,Home,2102.0,1,1,1,0,0.0
U04308,S04308,2026-02-09,Mobile,Instagram,Shoes,4136.0,1,0,0,0,0.0
U04078,S04078,2026-02-09,Mobile,Instagram,Electronics,5284.0,1,0,0,0,0.0
U02388,S02388,2026-02-09,Mobile,Instagram,Home,1898.0,1,1,1,0,0.0
U06348,S06348,2026-02-09,Desktop,Direct,Home,3201.0,1,0,0,0,0.0
U07199,S07199,2026-02-09,Desktop,Direct,Clothing,543.0,1,1,1,1,543.0
U10678,S10678,2026-02-09,Desktop,Instagram,Clothing,1433.0,1,0,0,0,0.0
U01211,S01211,2026-02-09,Desktop,Direct,Electronics,2203.0,1,0,0,0,0.0
U06291,S06291,2026-02-09,Desktop,Instagram,Clothing,895.0,1,0,0,0,0.0
U03726,S03726,2026-02-09,Desktop,Google,Shoes,1341.0,1,0,0,0,0.0
U01153,S01153,2026-02-09,Mobile,Instagram,Shoes,1731.0,1,1,1,1,1731.0
U03791,S03791,2026-02-09,Mobile,Direct,Home,1448.0,1,0,0,0,0.0
U04311,S04311,2026-02-09,Mobile,Direct,Clothing,1872.0,1,0,0,0,0.0
U01199,S01199,2026-02-09,Mobile,Google,Electronics,14590.0,1,0,0,0,0.0
U03273,S03273,2026-02-09,Desktop,Google,Shoes,2042.0,1,0,0,0,0.0
U07856,S07856,2026-02-09,Desktop,Google,Electronics,1480.0,1,1,1,1,1480.0
U02609,S02609,2026-02-09,Desktop,Direct,Shoes,3139.0,1,1,1,1,3139.0
U11572,S11572,2026-02-09,Tablet,Direct,Beauty,4709.0,1,0,0,0,0.0
U07756,S07756,2026-02-09,Desktop,Email,Home,4097.0,1,0,0,0,0.0
U09667,S09667,2026-02-09,Tablet,Email,Electronics,20213.0,1,1,0,0,0.0
U10380,S10380,2026-02-09,Mobile,Email,Electronics,626.0,1,1,1,0,0.0
U01992,S01992,2026-02-09,Desktop,Google,Shoes,4054.0,1,1,0,0,0.0
U00428,S00428,2026-02-09,Desktop,Facebook,Clothing,1791.0,1,0,0,0,0.0
U07713,S07713,2026-02-09,Mobile,Email,Home,5472.0,1,0,0,0,0.0
U08749,S08749,2026-02-09,Desktop,Direct,Home,11381.0,1,0,0,0,0.0
U06696,S06696,2026-02-09,Mobile,Direct,Electronics,5985.0,1,0,0,0,0.0
U01856,S01856,2026-02-09,Tablet,Email,Electronics,3198.0,1,0,0,0,0.0
U06039,S06039,2026-02-09,Mobile,Direct,Clothing,2793.0,1,0,0,0,0.0
U10506,S10506,2026-02-09,Desktop,Direct,Shoes,2676.0,1,1,0,0,0.0
U03765,S03765,2026-02-09,Mobile,Instagram,Beauty,354.0,1,1,0,0,0.0
U10625,S10625,2026-02-09,Mobile,Google,Clothing,1296.0,1,1,0,0,0.0
U01214,S01214,2026-02-09,Mobile,Instagram,Clothing,2604.0,1,1,1,1,2604.0
U00308,S00308,2026-02-09,Desktop,Direct,Home,452.0,1,0,0,0,0.0
U01125,S01125,2026-02-10,Mobile,Facebook,Home,1340.0,1,0,0,0,0.0
U02281,S02281,2026-02-10,Mobile,Instagram,Home,4995.0,1,1,0,0,0.0
U01920,S01920,2026-02-10,Tablet,Facebook,Clothing,2212.0,1,0,0,0,0.0
U00274,S00274,2026-02-10,Mobile,Google,Clothing,5158.0,1,0,0,0,0.0
U02245,S02245,2026-02-10,Mobile,Instagram,Shoes,1122.0,1,1,0,0,0.0
U03530,S03530,2026-02-10,Mobile,Google,Home,30000.0,1,0,0,0,0.0
U00571,S00571,2026-02-10,Mobile,Direct,Shoes,19071.0,1,0,0,0,0.0
U06804,S06804,2026-02-10,Mobile,Instagram,Shoes,1893.0,1,1,1,0,0.0
U01942,S01942,2026-02-10,Mobile,Instagram,Shoes,2241.0,1,1,1,0,0.0
U05629,S05629,2026-02-10,Mobile,Facebook,Clothing,3157.0,1,1,1,0,0.0
U04562,S04562,2026-02-10,Mobile,Instagram,Shoes,3364.0,1,1,1,1,3364.0
U06763,S06763,2026-02-10,Desktop,Direct,Clothing,4867.0,1,0,0,0,0.0
U05610,S05610,2026-02-10,Desktop,Instagram,Electronics,4170.0,1,1,1,1,4170.0
U08819,S08819,2026-02-10,Desktop,Direct,Clothing,4516.0,1,0,0,0,0.0
U02867,S02867,2026-02-10,Mobile,Instagram,Beauty,2304.0,1,1,1,0,0.0
U00557,S00557,2026-02-10,Mobile,Google,Electronics,1885.0,1,1,1,1,1885.0
U08833,S08833,2026-02-10,Mobile,Google,Clothing,8219.0,1,0,0,0,0.0
U06676,S06676,2026-02-10,Mobile,Google,Shoes,300.0,1,0,0,0,0.0
U11810,S11810,2026-02-10,Desktop,Facebook,Electronics,1138.0,1,0,0,0,0.0
U00296,S00296,2026-02-10,Desktop,Direct,Shoes,666.0,1,1,1,0,0.0
U11248,S11248,2026-02-10,Mobile,Direct,Home,1414.0,1,0,0,0,0.0
U05242,S05242,2026-02-10,Mobile,Email,Home,1344.0,1,0,0,0,0.0
U06601,S06601,2026-02-10,Mobile,Facebook,Electronics,903.0,1,0,0,0,0.0
U03516,S03516,2026-02-10,Desktop,Google,Electronics,1895.0,1,0,0,0,0.0
U03038,S03038,2026-02-10,Mobile,Google,Clothing,846.0,1,0,0,0,0.0
U06582,S06582,2026-02-10,Mobile,Direct,Shoes,2395.0,1,0,0,0,0.0
U05697,S05697,2026-02-10,Mobile,Instagram,Electronics,3941.0,1,0,0,0,0.0
U05356,S05356,2026-02-10,Tablet,Facebook,Clothing,9907.0,1,0,0,0,0.0
U10441,S10441,2026-02-10,Mobile,Google,Shoes,1550.0,1,0,0,0,0.0
U01990,S01990,2026-02-10,Mobile,Google,Clothing,7646.0,1,0,0,0,0.0
U06546,S06546,2026-02-10,Desktop,Email,Shoes,896.0,1,1,0,0,0.0
U08565,S08565,2026-02-10,Mobile,Direct,Home,4459.0,1,1,0,0,0.0
U04274,S04274,2026-02-10,Desktop,Email,Beauty,5763.0,1,1,1,1,5763.0
U01296,S01296,2026-02-10,Mobile,Google,Shoes,7958.0,1,0,0,0,0.0
U10661,S10661,2026-02-10,Mobile,Direct,Clothing,2628.0,1,1,0,0,0.0
U04645,S04645,2026-02-10,Mobile,Email,Electronics,1366.0,1,0,0,0,0.0
U02415,S02415,2026-02-10,Mobile,Google,Clothing,25031.0,1,0,0,0,0.0
U04704,S04704,2026-02-10,Mobile,Email,Shoes,3518.0,1,0,0,0,0.0
U04590,S04590,2026-02-10,Desktop,Instagram,Home,7093.0,1,1,1,0,0.0
U05866,S05866,2026-02-10,Mobile,Email,Beauty,2096.0,1,1,0,0,0.0
U02572,S02572,2026-02-10,Mobile,Instagram,Electronics,1371.0,1,0,0,0,0.0
U07088,S07088,2026-02-10,Mobile,Email,Beauty,1263.0,1,0,0,0,0.0
U05429,S05429,2026-02-10,Tablet,Email,Home,740.0,1,0,0,0,0.0
U04173,S04173,2026-02-10,Tablet,Instagram,Beauty,3358.0,1,0,0,0,0.0
U05442,S05442,2026-02-10,Desktop,Google,Clothing,19222.0,1,0,0,0,0.0
U11597,S11597,2026-02-10,Mobile,Instagram,Beauty,1973.0,1,0,0,0,0.0
U05083,S05083,2026-02-10,Mobile,Instagram,Electronics,2597.0,1,1,0,0,0.0
U08727,S08727,2026-02-10,Tablet,Instagram,Clothing,6911.0,1,1,0,0,0.0
U07768,S07768,2026-02-10,Mobile,Instagram,Clothing,583.0,1,0,0,0,0.0
U05972,S05972,2026-02-10,Mobile,Email,Shoes,2667.0,1,0,0,0,0.0
U00068,S00068,2026-02-10,Mobile,Facebook,Electronics,2945.0,1,0,0,0,0.0
U07770,S07770,2026-02-10,Desktop,Google,Clothing,7393.0,1,1,1,1,7393.0
U08193,S08193,2026-02-10,Mobile,Direct,Beauty,5140.0,1,0,0,0,0.0
U07813,S07813,2026-02-10,Desktop,Email,Beauty,1729.0,1,0,0,0,0.0
U00487,S00487,2026-02-10,Mobile,Google,Home,1230.0,1,0,0,0,0.0
U10813,S10813,2026-02-10,Mobile,Email,Clothing,702.0,1,1,1,1,702.0
U02930,S02930,2026-02-10,Desktop,Instagram,Home,1701.0,1,0,0,0,0.0
U04839,S04839,2026-02-10,Mobile,Instagram,Electronics,3357.0,1,0,0,0,0.0
U03929,S03929,2026-02-10,Mobile,Instagram,Clothing,11692.0,1,0,0,0,0.0
U03449,S03449,2026-02-10,Mobile,Facebook,Electronics,940.0,1,1,1,1,940.0
U01772,S01772,2026-02-10,Desktop,Instagram,Beauty,8165.0,1,1,1,1,8165.0
U05540,S05540,2026-02-10,Mobile,Direct,Clothing,3437.0,1,1,0,0,0.0
U06997,S06997,2026-02-10,Desktop,Instagram,Electronics,2239.0,1,0,0,0,0.0
U11947,S11947,2026-02-10,Mobile,Google,Electronics,1416.0,1,0,0,0,0.0
U00080,S00080,2026-02-10,Desktop,Instagram,Shoes,2906.0,1,0,0,0,0.0
U00580,S00580,2026-02-10,Mobile,Instagram,Beauty,994.0,1,1,1,1,994.0
U06294,S06294,2026-02-10,Tablet,Instagram,Clothing,2100.0,1,0,0,0,0.0
U00990,S00990,2026-02-10,Desktop,Google,Electronics,3412.0,1,1,0,0,0.0
U11491,S11491,2026-02-10,Mobile,Facebook,Shoes,1651.0,1,0,0,0,0.0
U10945,S10945,2026-02-10,Tablet,Direct,Home,5968.0,1,0,0,0,0.0
U06284,S06284,2026-02-10,Mobile,Instagram,Electronics,1410.0,1,1,0,0,0.0
U02926,S02926,2026-02-10,Mobile,Direct,Shoes,838.0,1,0,0,0,0.0
U02671,S02671,2026-02-10,Mobile,Instagram,Shoes,2309.0,1,0,0,0,0.0
U04258,S04258,2026-02-10,Mobile,Google,Electronics,3630.0,1,1,0,0,0.0
U02482,S02482,2026-02-10,Mobile,Direct,Shoes,1687.0,1,0,0,0,0.0
U10676,S10676,2026-02-10,Mobile,Google,Beauty,4322.0,1,0,0,0,0.0
U07592,S07592,2026-02-10,Desktop,Facebook,Electronics,13370.0,1,0,0,0,0.0
U00719,S00719,2026-02-10,Desktop,Instagram,Shoes,5947.0,1,0,0,0,0.0
U00404,S00404,2026-02-11,Mobile,Instagram,Beauty,2778.0,1,1,0,0,0.0
U06784,S06784,2026-02-11,Mobile,Google,Home,4063.0,1,0,0,0,0.0
U11928,S11928,2026-02-11,Desktop,Facebook,Beauty,4211.0,1,1,1,0,0.0
U03523,S03523,2026-02-11,Mobile,Instagram,Electronics,10408.0,1,0,0,0,0.0
U01281,S01281,2026-02-11,Mobile,Google,Shoes,2905.0,1,1,1,0,0.0
U06996,S06996,2026-02-11,Desktop,Facebook,Shoes,2687.0,1,1,1,1,2687.0
U00403,S00403,2026-02-11,Desktop,Email,Electronics,1790.0,1,0,0,0,0.0
U03720,S03720,2026-02-11,Mobile,Direct,Shoes,13200.0,1,1,0,0,0.0
U08162,S08162,2026-02-11,Mobile,Google,Clothing,4502.0,1,1,0,0,0.0
U07123,S07123,2026-02-11,Tablet,Facebook,Electronics,1710.0,1,1,1,1,1710.0
U07274,S07274,2026-02-11,Mobile,Google,Clothing,2030.0,1,0,0,0,0.0
U01630,S01630,2026-02-11,Mobile,Instagram,Shoes,1589.0,1,1,1,1,1589.0
U07135,S07135,2026-02-11,Mobile,Google,Shoes,1349.0,1,0,0,0,0.0
U04532,S04532,2026-02-11,Mobile,Google,Shoes,1957.0,1,0,0,0,0.0
U08040,S08040,2026-02-11,Desktop,Instagram,Home,3533.0,1,1,1,1,3533.0
U11934,S11934,2026-02-11,Desktop,Direct,Electronics,2703.0,1,0,0,0,0.0
U09793,S09793,2026-02-11,Mobile,Direct,Home,4298.0,1,1,0,0,0.0
U03280,S03280,2026-02-11,Mobile,Facebook,Shoes,7152.0,1,0,0,0,0.0
U02199,S02199,2026-02-11,Mobile,Facebook,Home,19001.0,1,0,0,0,0.0
U07337,S07337,2026-02-11,Desktop,Direct,Electronics,4001.0,1,1,1,1,4001.0
U01304,S01304,2026-02-11,Mobile,Facebook,Electronics,3111.0,1,0,0,0,0.0
U04095,S04095,2026-02-11,Mobile,Facebook,Clothing,2133.0,1,0,0,0,0.0
U09728,S09728,2026-02-11,Mobile,Facebook,Clothing,20569.0,1,1,1,1,20569.0
U00261,S00261,2026-02-11,Mobile,Instagram,Beauty,579.0,1,0,0,0,0.0
U09506,S09506,2026-02-11,Desktop,Google,Clothing,1598.0,1,1,1,0,0.0
U01247,S01247,2026-02-11,Mobile,Facebook,Beauty,1410.0,1,0,0,0,0.0
U02920,S02920,2026-02-11,Desktop,Instagram,Home,3235.0,1,0,0,0,0.0
U05188,S05188,2026-02-11,Mobile,Facebook,Electronics,762.0,1,0,0,0,0.0
U00738,S00738,2026-02-11,Mobile,Facebook,Electronics,1049.0,1,0,0,0,0.0
U05822,S05822,2026-02-11,Desktop,Google,Clothing,1405.0,1,0,0,0,0.0
U08596,S08596,2026-02-11,Desktop,Email,Home,1750.0,1,0,0,0,0.0
U06207,S06207,2026-02-11,Mobile,Direct,Shoes,749.0,1,0,0,0,0.0
U06123,S06123,2026-02-11,Desktop,Instagram,Home,8788.0,1,1,1,0,0.0
U01462,S01462,2026-02-11,Mobile,Instagram,Beauty,2177.0,1,0,0,0,0.0
U07670,S07670,2026-02-11,Mobile,Google,Home,10596.0,1,0,0,0,0.0
U09925,S09925,2026-02-11,Mobile,Instagram,Shoes,2256.0,1,0,0,0,0.0
U06063,S06063,2026-02-11,Mobile,Direct,Beauty,2762.0,1,0,0,0,0.0
U08743,S08743,2026-02-11,Mobile,Google,Clothing,2720.0,1,0,0,0,0.0
U00208,S00208,2026-02-11,Desktop,Instagram,Beauty,7467.0,1,1,0,0,0.0
U01794,S01794,2026-02-11,Desktop,Email,Electronics,8086.0,1,1,1,1,8086.0
U05980,S05980,2026-02-11,Desktop,Google,Electronics,1361.0,1,1,1,1,1361.0
U10913,S10913,2026-02-11,Desktop,Google,Clothing,3672.0,1,0,0,0,0.0
U08728,S08728,2026-02-11,Mobile,Instagram,Clothing,1537.0,1,1,1,0,0.0
U03430,S03430,2026-02-11,Desktop,Direct,Beauty,370.0,1,1,1,1,370.0
U01067,S01067,2026-02-11,Mobile,Direct,Clothing,1325.0,1,1,1,0,0.0
U04739,S04739,2026-02-11,Mobile,Direct,Home,2102.0,1,0,0,0,0.0
U04217,S04217,2026-02-11,Desktop,Direct,Home,8199.0,1,0,0,0,0.0
U02412,S02412,2026-02-11,Tablet,Google,Clothing,12066.0,1,1,1,0,0.0
U03177,S03177,2026-02-11,Desktop,Google,Electronics,1261.0,1,0,0,0,0.0
U11354,S11354,2026-02-11,Mobile,Google,Home,1083.0,1,1,1,1,1083.0
U09393,S09393,2026-02-11,Mobile,Google,Clothing,2989.0,1,1,1,1,2989.0
U00667,S00667,2026-02-11,Desktop,Google,Clothing,1885.0,1,1,1,1,1885.0
U11425,S11425,2026-02-11,Mobile,Facebook,Clothing,1949.0,1,1,0,0,0.0
U10376,S10376,2026-02-11,Desktop,Email,Shoes,4757.0,1,1,1,1,4757.0
U06526,S06526,2026-02-11,Tablet,Instagram,Shoes,9593.0,1,0,0,0,0.0
U11331,S11331,2026-02-11,Mobile,Google,Electronics,5951.0,1,0,0,0,0.0
U04593,S04593,2026-02-11,Desktop,Google,Beauty,5035.0,1,0,0,0,0.0
U01392,S01392,2026-02-11,Desktop,Direct,Beauty,1282.0,1,0,0,0,0.0
U00304,S00304,2026-02-11,Mobile,Instagram,Electronics,2459.0,1,0,0,0,0.0
U07918,S07918,2026-02-12,Mobile,Facebook,Home,2039.0,1,0,0,0,0.0
U07767,S07767,2026-02-12,Desktop,Instagram,Shoes,2958.0,1,0,0,0,0.0
U09901,S09901,2026-02-12,Mobile,Google,Electronics,1169.0,1,0,0,0,0.0
U01716,S01716,2026-02-12,Desktop,Google,Clothing,7966.0,1,1,1,0,0.0
U08171,S08171,2026-02-12,Tablet,Direct,Shoes,377.0,1,0,0,0,0.0
U02015,S02015,2026-02-12,Mobile,Direct,Shoes,4442.0,1,1,1,1,4442.0
U04157,S04157,2026-02-12,Desktop,Google,Electronics,1562.0,1,0,0,0,0.0
U10916,S10916,2026-02-12,Tablet,Google,Clothing,1701.0,1,0,0,0,0.0
U00470,S00470,2026-02-12,Mobile,Google,Beauty,4557.0,1,0,0,0,0.0
U07955,S07955,2026-02-12,Desktop,Direct,Home,1313.0,1,1,0,0,0.0
U02884,S02884,2026-02-12,Mobile,Google,Beauty,4135.0,1,1,1,1,4135.0
U04264,S04264,2026-02-12,Desktop,Google,Beauty,336.0,1,0,0,0,0.0
U02988,S02988,2026-02-12,Mobile,Instagram,Beauty,2350.0,1,1,1,0,0.0
U11872,S11872,2026-02-12,Mobile,Direct,Shoes,1639.0,1,1,1,0,0.0
U03741,S03741,2026-02-12,Mobile,Email,Clothing,952.0,1,0,0,0,0.0
U09169,S09169,2026-02-12,Mobile,Direct,Shoes,987.0,1,1,1,1,987.0
U02848,S02848,2026-02-12,Mobile,Instagram,Home,1311.0,1,0,0,0,0.0
U10981,S10981,2026-02-12,Mobile,Facebook,Clothing,3962.0,1,0,0,0,0.0
U04165,S04165,2026-02-12,Desktop,Google,Shoes,383.0,1,1,0,0,0.0
U05028,S05028,2026-02-12,Mobile,Google,Clothing,5111.0,1,0,0,0,0.0
U11819,S11819,2026-02-12,Mobile,Email,Beauty,3897.0,1,1,1,1,3897.0
U09189,S09189,2026-02-12,Desktop,Instagram,Electronics,7159.0,1,0,0,0,0.0
U00770,S00770,2026-02-12,Desktop,Google,Electronics,4101.0,1,1,0,0,0.0
U10640,S10640,2026-02-12,Mobile,Direct,Beauty,470.0,1,1,0,0,0.0
U11610,S11610,2026-02-12,Mobile,Direct,Beauty,1372.0,1,1,0,0,0.0
U11660,S11660,2026-02-12,Tablet,Email,Shoes,5549.0,1,1,1,1,5549.0
U06955,S06955,2026-02-12,Desktop,Direct,Clothing,1327.0,1,0,0,0,0.0
U04823,S04823,2026-02-12,Desktop,Direct,Home,1875.0,1,0,0,0,0.0
U09683,S09683,2026-02-12,Tablet,Instagram,Shoes,2082.0,1,0,0,0,0.0
U05958,S05958,2026-02-12,Mobile,Facebook,Beauty,306.0,1,1,1,0,0.0
U10391,S10391,2026-02-12,Desktop,Google,Shoes,3954.0,1,0,0,0,0.0
U10065,S10065,2026-02-12,Mobile,Direct,Electronics,1166.0,1,0,0,0,0.0
U06482,S06482,2026-02-12,Mobile,Instagram,Clothing,5357.0,1,1,0,0,0.0
U09669,S09669,2026-02-12,Tablet,Google,Beauty,3387.0,1,1,0,0,0.0
U06490,S06490,2026-02-12,Tablet,Google,Clothing,590.0,1,0,0,0,0.0
U03856,S03856,2026-02-12,Mobile,Facebook,Shoes,608.0,1,1,0,0,0.0
U08650,S08650,2026-02-12,Desktop,Google,Clothing,9883.0,1,0,0,0,0.0
U01374,S01374,2026-02-12,Desktop,Direct,Electronics,939.0,1,0,0,0,0.0
U10061,S10061,2026-02-12,Desktop,Instagram,Home,5095.0,1,1,0,0,0.0
U11357,S11357,2026-02-12,Mobile,Email,Electronics,3683.0,1,0,0,0,0.0
U09240,S09240,2026-02-12,Tablet,Facebook,Clothing,1661.0,1,0,0,0,0.0
U08361,S08361,2026-02-12,Mobile,Google,Home,2987.0,1,1,0,0,0.0
U11652,S11652,2026-02-12,Mobile,Email,Electronics,4095.0,1,0,0,0,0.0
U10585,S10585,2026-02-12,Mobile,Google,Clothing,3956.0,1,0,0,0,0.0
U06911,S06911,2026-02-12,Desktop,Google,Shoes,1514.0,1,1,1,1,1514.0
U00383,S00383,2026-02-12,Desktop,Direct,Shoes,1307.0,1,1,1,1,1307.0
U02551,S02551,2026-02-12,Mobile,Google,Clothing,20996.0,1,0,0,0,0.0
U08599,S08599,2026-02-12,Mobile,Direct,Electronics,1990.0,1,1,1,1,1990.0
U03668,S03668,2026-02-12,Mobile,Facebook,Home,4123.0,1,0,0,0,0.0
U08594,S08594,2026-02-12,Mobile,Facebook,Beauty,906.0,1,1,1,1,906.0
U11581,S11581,2026-02-12,Mobile,Google,Clothing,11881.0,1,0,0,0,0.0
U03799,S03799,2026-02-12,Mobile,Google,Shoes,720.0,1,0,0,0,0.0
U01176,S01176,2026-02-12,Desktop,Google,Shoes,3435.0,1,0,0,0,0.0
U10009,S10009,2026-02-12,Mobile,Instagram,Clothing,15302.0,1,1,1,1,15302.0
U01641,S01641,2026-02-12,Desktop,Google,Shoes,3740.0,1,1,1,1,3740.0
U03122,S03122,2026-02-12,Mobile,Email,Beauty,5767.0,1,1,1,0,0.0
U09543,S09543,2026-02-12,Mobile,Google,Electronics,3965.0,1,1,0,0,0.0
U07028,S07028,2026-02-12,Mobile,Google,Clothing,3286.0,1,0,0,0,0.0
U03667,S03667,2026-02-12,Mobile,Direct,Shoes,2927.0,1,0,0,0,0.0
U02892,S02892,2026-02-13,Tablet,Instagram,Electronics,1668.0,1,0,0,0,0.0
U04774,S04774,2026-02-13,Mobile,Google,Shoes,9440.0,1,0,0,0,0.0
U09021,S09021,2026-02-13,Mobile,Direct,Shoes,788.0,1,0,0,0,0.0
U02721,S02721,2026-02-13,Mobile,Direct,Home,1165.0,1,0,0,0,0.0
U06006,S06006,2026-02-13,Mobile,Direct,Clothing,8731.0,1,1,1,0,0.0
U11611,S11611,2026-02-13,Mobile,Facebook,Electronics,2079.0,1,0,0,0,0.0
U11562,S11562,2026-02-13,Mobile,Direct,Clothing,1290.0,1,1,1,0,0.0
U05003,S05003,2026-02-13,Desktop,Google,Clothing,3847.0,1,0,0,0,0.0
U05276,S05276,2026-02-13,Desktop,Email,Clothing,5042.0,1,0,0,0,0.0
U09525,S09525,2026-02-13,Mobile,Direct,Electronics,3750.0,1,0,0,0,0.0
U03999,S03999,2026-02-13,Mobile,Direct,Clothing,2976.0,1,0,0,0,0.0
U10139,S10139,2026-02-13,Mobile,Direct,Shoes,556.0,1,1,1,0,0.0
U11498,S11498,2026-02-13,Tablet,Google,Beauty,2970.0,1,0,0,0,0.0
U01520,S01520,2026-02-13,Mobile,Email,Electronics,4212.0,1,0,0,0,0.0
U04171,S04171,2026-02-13,Tablet,Direct,Clothing,4499.0,1,1,1,0,0.0
U06462,S06462,2026-02-13,Desktop,Instagram,Home,1908.0,1,0,0,0,0.0
U07701,S07701,2026-02-13,Mobile,Google,Clothing,1373.0,1,0,0,0,0.0
U11672,S11672,2026-02-13,Desktop,Google,Clothing,2030.0,1,0,0,0,0.0
U04747,S04747,2026-02-13,Mobile,Google,Home,2705.0,1,0,0,0,0.0
U06222,S06222,2026-02-13,Mobile,Direct,Beauty,1606.0,1,1,1,0,0.0
U08554,S08554,2026-02-13,Desktop,Email,Clothing,3730.0,1,0,0,0,0.0
U07575,S07575,2026-02-13,Mobile,Direct,Electronics,421.0,1,1,1,1,421.0
U10682,S10682,2026-02-13,Desktop,Instagram,Clothing,10257.0,1,0,0,0,0.0
U04485,S04485,2026-02-13,Desktop,Facebook,Clothing,1074.0,1,1,1,1,1074.0
U07650,S07650,2026-02-13,Desktop,Google,Beauty,877.0,1,0,0,0,0.0
U08804,S08804,2026-02-13,Mobile,Direct,Shoes,5798.0,1,1,1,1,5798.0
U10554,S10554,2026-02-13,Mobile,Direct,Electronics,6646.0,1,0,0,0,0.0
U08842,S08842,2026-02-13,Mobile,Google,Beauty,6358.0,1,1,1,1,6358.0
U05905,S05905,2026-02-13,Mobile,Direct,Shoes,300.0,1,1,0,0,0.0
U06928,S06928,2026-02-13,Desktop,Email,Shoes,3039.0,1,0,0,0,0.0
U01694,S01694,2026-02-13,Desktop,Google,Home,650.0,1,0,0,0,0.0
U08091,S08091,2026-02-13,Mobile,Direct,Home,1806.0,1,0,0,0,0.0
U01193,S01193,2026-02-13,Desktop,Google,Electronics,5587.0,1,0,0,0,0.0
U08243,S08243,2026-02-13,Tablet,Google,Shoes,5948.0,1,1,1,1,5948.0
U08100,S08100,2026-02-13,Tablet,Instagram,Beauty,379.0,1,1,0,0,0.0
U08918,S08918,2026-02-13,Mobile,Google,Electronics,3489.0,1,0,0,0,0.0
U01208,S01208,2026-02-13,Mobile,Facebook,Beauty,1805.0,1,0,0,0,0.0
U08963,S08963,2026-02-13,Desktop,Instagram,Clothing,625.0,1,1,0,0,0.0
U02128,S02128,2026-02-13,Mobile,Email,Clothing,300.0,1,1,0,0,0.0
U05489,S05489,2026-02-13,Mobile,Email,Clothing,1334.0,1,0,0,0,0.0
U07089,S07089,2026-02-13,Mobile,Google,Shoes,3186.0,1,1,1,0,0.0
U10538,S10538,2026-02-13,Desktop,Google,Home,2313.0,1,0,0,0,0.0
U10801,S10801,2026-02-13,Mobile,Google,Home,3213.0,1,0,0,0,0.0
U07097,S07097,2026-02-13,Mobile,Instagram,Electronics,2437.0,1,0,0,0,0.0
U03750,S03750,2026-02-13,Mobile,Instagram,Home,2399.0,1,1,0,0,0.0
U11125,S11125,2026-02-13,Tablet,Direct,Clothing,1338.0,1,0,0,0,0.0
U07067,S07067,2026-02-13,Desktop,Email,Home,5435.0,1,1,0,0,0.0
U08837,S08837,2026-02-13,Desktop,Direct,Clothing,4021.0,1,0,0,0,0.0
U07287,S07287,2026-02-13,Desktop,Direct,Clothing,3090.0,1,1,0,0,0.0
U06898,S06898,2026-02-13,Mobile,Facebook,Clothing,1415.0,1,1,0,0,0.0
U04339,S04339,2026-02-13,Mobile,Instagram,Electronics,2534.0,1,1,1,0,0.0
U06684,S06684,2026-02-13,Desktop,Instagram,Shoes,1398.0,1,0,0,0,0.0
U07869,S07869,2026-02-13,Mobile,Facebook,Shoes,9086.0,1,0,0,0,0.0
U01221,S01221,2026-02-13,Mobile,Email,Shoes,2315.0,1,1,0,0,0.0
U05888,S05888,2026-02-13,Mobile,Direct,Clothing,8805.0,1,1,1,1,8805.0
U11355,S11355,2026-02-13,Mobile,Direct,Clothing,8537.0,1,0,0,0,0.0
U08358,S08358,2026-02-13,Mobile,Facebook,Shoes,11296.0,1,1,1,0,0.0
U00914,S00914,2026-02-13,Tablet,Facebook,Shoes,1063.0,1,0,0,0,0.0
U01005,S01005,2026-02-13,Desktop,Instagram,Shoes,7234.0,1,1,1,1,7234.0
U11833,S11833,2026-02-13,Mobile,Google,Beauty,513.0,1,1,0,0,0.0
U06788,S06788,2026-02-13,Desktop,Google,Home,3543.0,1,0,0,0,0.0
U04859,S04859,2026-02-13,Mobile,Google,Beauty,6093.0,1,0,0,0,0.0
U10397,S10397,2026-02-13,Mobile,Direct,Beauty,467.0,1,0,0,0,0.0
U10519,S10519,2026-02-13,Mobile,Google,Beauty,2524.0,1,0,0,0,0.0
U00505,S00505,2026-02-13,Mobile,Email,Clothing,2256.0,1,0,0,0,0.0
U09771,S09771,2026-02-13,Mobile,Facebook,Shoes,3677.0,1,0,0,0,0.0
U04650,S04650,2026-02-14,Mobile,Facebook,Electronics,3465.0,1,0,0,0,0.0
U01429,S01429,2026-02-14,Desktop,Google,Electronics,2736.0,1,0,0,0,0.0
U10114,S10114,2026-02-14,Desktop,Google,Shoes,22273.0,1,1,1,1,22273.0
U01800,S01800,2026-02-14,Desktop,Email,Clothing,999.0,1,1,1,0,0.0
U08714,S08714,2026-02-14,Desktop,Direct,Clothing,933.0,1,1,1,1,933.0
U05076,S05076,2026-02-14,Mobile,Email,Shoes,3094.0,1,0,0,0,0.0
U01456,S01456,2026-02-14,Mobile,Email,Beauty,1480.0,1,0,0,0,0.0
U04049,S04049,2026-02-14,Mobile,Facebook,Clothing,2017.0,1,0,0,0,0.0
U05051,S05051,2026-02-14,Mobile,Instagram,Clothing,5031.0,1,0,0,0,0.0
U08213,S08213,2026-02-14,Desktop,Google,Shoes,433.0,1,0,0,0,0.0
U01691,S01691,2026-02-14,Desktop,Google,Clothing,5139.0,1,0,0,0,0.0
U08973,S08973,2026-02-14,Desktop,Instagram,Electronics,2014.0,1,0,0,0,0.0
U10822,S10822,2026-02-14,Mobile,Direct,Beauty,564.0,1,0,0,0,0.0
U08088,S08088,2026-02-14,Mobile,Google,Shoes,1684.0,1,1,0,0,0.0
U08288,S08288,2026-02-14,Desktop,Direct,Beauty,9213.0,1,0,0,0,0.0
U01593,S01593,2026-02-14,Tablet,Email,Clothing,7916.0,1,1,1,1,7916.0
U10847,S10847,2026-02-14,Desktop,Direct,Home,897.0,1,0,0,0,0.0
U11941,S11941,2026-02-14,Mobile,Email,Shoes,998.0,1,1,0,0,0.0
U04845,S04845,2026-02-14,Mobile,Direct,Electronics,3824.0,1,1,1,1,3824.0
U00020,S00020,2026-02-14,Desktop,Google,Clothing,4713.0,1,1,1,1,4713.0
U11952,S11952,2026-02-14,Mobile,Google,Beauty,679.0,1,0,0,0,0.0
U07979,S07979,2026-02-14,Desktop,Direct,Clothing,2352.0,1,0,0,0,0.0
U08996,S08996,2026-02-14,Tablet,Direct,Shoes,4626.0,1,1,1,1,4626.0
U01396,S01396,2026-02-14,Mobile,Facebook,Shoes,3407.0,1,0,0,0,0.0
U09933,S09933,2026-02-14,Mobile,Direct,Beauty,730.0,1,0,0,0,0.0
U01750,S01750,2026-02-14,Mobile,Email,Shoes,1537.0,1,1,1,1,1537.0
U08779,S08779,2026-02-14,Desktop,Instagram,Home,1706.0,1,1,1,0,0.0
U07926,S07926,2026-02-14,Mobile,Email,Clothing,2858.0,1,1,1,0,0.0
U08514,S08514,2026-02-14,Tablet,Google,Home,4342.0,1,0,0,0,0.0
U10611,S10611,2026-02-14,Mobile,Email,Beauty,1176.0,1,0,0,0,0.0
U08585,S08585,2026-02-14,Desktop,Direct,Electronics,5169.0,1,0,0,0,0.0
U01300,S01300,2026-02-14,Mobile,Email,Shoes,404.0,1,0,0,0,0.0
U08617,S08617,2026-02-14,Mobile,Instagram,Clothing,5745.0,1,0,0,0,0.0
U07810,S07810,2026-02-14,Mobile,Instagram,Home,3780.0,1,0,0,0,0.0
U05294,S05294,2026-02-14,Desktop,Google,Electronics,600.0,1,0,0,0,0.0
U05400,S05400,2026-02-14,Mobile,Google,Clothing,364.0,1,0,0,0,0.0
U06252,S06252,2026-02-14,Mobile,Google,Clothing,2662.0,1,0,0,0,0.0
U05467,S05467,2026-02-14,Desktop,Google,Shoes,2285.0,1,0,0,0,0.0
U02914,S02914,2026-02-14,Desktop,Instagram,Clothing,944.0,1,1,0,0,0.0
U11036,S11036,2026-02-14,Desktop,Google,Clothing,27776.0,1,0,0,0,0.0
U06875,S06875,2026-02-14,Mobile,Google,Beauty,14782.0,1,0,0,0,0.0
U10364,S10364,2026-02-14,Desktop,Direct,Shoes,7939.0,1,1,0,0,0.0
U06078,S06078,2026-02-14,Mobile,Instagram,Home,2821.0,1,0,0,0,0.0
U11754,S11754,2026-02-14,Mobile,Instagram,Home,3678.0,1,0,0,0,0.0
U11504,S11504,2026-02-14,Mobile,Instagram,Beauty,4553.0,1,0,0,0,0.0
U01815,S01815,2026-02-14,Desktop,Instagram,Clothing,4677.0,1,1,0,0,0.0
U00373,S00373,2026-02-14,Mobile,Google,Clothing,1220.0,1,1,1,0,0.0
U00931,S00931,2026-02-14,Mobile,Email,Home,7029.0,1,0,0,0,0.0
U01226,S01226,2026-02-14,Desktop,Instagram,Home,4169.0,1,1,1,0,0.0
U02111,S02111,2026-02-14,Mobile,Facebook,Clothing,3329.0,1,0,0,0,0.0
U00722,S00722,2026-02-14,Mobile,Google,Electronics,9909.0,1,1,0,0,0.0
U06458,S06458,2026-02-14,Desktop,Google,Clothing,4256.0,1,1,1,0,0.0
U03891,S03891,2026-02-14,Mobile,Instagram,Clothing,3735.0,1,0,0,0,0.0
U07109,S07109,2026-02-14,Mobile,Direct,Electronics,4329.0,1,1,0,0,0.0
U11463,S11463,2026-02-14,Desktop,Google,Electronics,3726.0,1,0,0,0,0.0
U03922,S03922,2026-02-14,Desktop,Direct,Beauty,1111.0,1,0,0,0,0.0
U07180,S07180,2026-02-14,Mobile,Google,Electronics,5454.0,1,1,0,0,0.0
U11686,S11686,2026-02-14,Desktop,Google,Shoes,2185.0,1,1,1,0,0.0
U03917,S03917,2026-02-14,Mobile,Direct,Home,4580.0,1,1,1,1,4580.0
U03563,S03563,2026-02-14,Desktop,Email,Shoes,2349.0,1,1,1,1,2349.0
U05110,S05110,2026-02-14,Desktop,Email,Clothing,1800.0,1,0,0,0,0.0
U01267,S01267,2026-02-14,Mobile,Email,Home,2762.0,1,0,0,0,0.0
U06739,S06739,2026-02-14,Desktop,Instagram,Electronics,525.0,1,1,1,0,0.0
U05647,S05647,2026-02-14,Mobile,Instagram,Shoes,2723.0,1,0,0,0,0.0
U01183,S01183,2026-02-14,Mobile,Google,Electronics,7457.0,1,0,0,0,0.0
U05591,S05591,2026-02-14,Mobile,Direct,Beauty,4314.0,1,1,0,0,0.0
U07277,S07277,2026-02-14,Mobile,Google,Shoes,2036.0,1,0,0,0,0.0
U05677,S05677,2026-02-14,Mobile,Direct,Shoes,1159.0,1,0,0,0,0.0
U04253,S04253,2026-02-14,Mobile,Instagram,Electronics,2892.0,1,1,0,0,0.0
U00476,S00476,2026-02-14,Mobile,Direct,Shoes,1839.0,1,1,0,0,0.0
U04640,S04640,2026-02-15,Mobile,Instagram,Electronics,8601.0,1,0,0,0,0.0
U10347,S10347,2026-02-15,Mobile,Direct,Shoes,3561.0,1,1,0,0,0.0
U01649,S01649,2026-02-15,Desktop,Google,Shoes,3899.0,1,0,0,0,0.0
U00607,S00607,2026-02-15,Desktop,Email,Beauty,7721.0,1,1,1,1,7721.0
U01667,S01667,2026-02-15,Desktop,Email,Beauty,1999.0,1,1,1,1,1999.0
U03040,S03040,2026-02-15,Desktop,Direct,Shoes,2298.0,1,0,0,0,0.0
U09263,S09263,2026-02-15,Desktop,Google,Electronics,3290.0,1,1,1,1,3290.0
U03208,S03208,2026-02-15,Mobile,Direct,Clothing,558.0,1,1,1,1,558.0
U00853,S00853,2026-02-15,Desktop,Google,Electronics,1838.0,1,0,0,0,0.0
U04044,S04044,2026-02-15,Tablet,Google,Shoes,1418.0,1,0,0,0,0.0
U04788,S04788,2026-02-15,Desktop,Google,Shoes,3145.0,1,1,1,1,3145.0
U02332,S02332,2026-02-15,Mobile,Email,Home,771.0,1,0,0,0,0.0
U00955,S00955,2026-02-15,Tablet,Facebook,Shoes,2970.0,1,0,0,0,0.0
U03582,S03582,2026-02-15,Desktop,Google,Shoes,347.0,1,1,0,0,0.0
U09385,S09385,2026-02-15,Mobile,Instagram,Shoes,1610.0,1,0,0,0,0.0
U01114,S01114,2026-02-15,Tablet,Google,Beauty,776.0,1,0,0,0,0.0
U08435,S08435,2026-02-15,Desktop,Instagram,Beauty,1614.0,1,1,1,1,1614.0
U01073,S01073,2026-02-15,Mobile,Email,Electronics,4594.0,1,0,0,0,0.0
U02725,S02725,2026-02-15,Mobile,Google,Clothing,510.0,1,1,1,0,0.0
U10373,S10373,2026-02-15,Mobile,Instagram,Clothing,1558.0,1,0,0,0,0.0
U00302,S00302,2026-02-15,Mobile,Instagram,Electronics,6347.0,1,0,0,0,0.0
U10034,S10034,2026-02-15,Mobile,Instagram,Electronics,1079.0,1,0,0,0,0.0
U01131,S01131,2026-02-15,Tablet,Email,Clothing,2178.0,1,0,0,0,0.0
U06504,S06504,2026-02-15,Desktop,Google,Clothing,2559.0,1,1,0,0,0.0
U03444,S03444,2026-02-15,Mobile,Google,Home,5085.0,1,0,0,0,0.0
U11728,S11728,2026-02-15,Desktop,Google,Clothing,1337.0,1,0,0,0,0.0
U04389,S04389,2026-02-15,Desktop,Email,Beauty,2591.0,1,1,0,0,0.0
U04616,S04616,2026-02-15,Mobile,Direct,Home,1416.0,1,0,0,0,0.0
U00714,S00714,2026-02-15,Desktop,Instagram,Home,1896.0,1,0,0,0,0.0
U00483,S00483,2026-02-15,Mobile,Google,Clothing,8260.0,1,0,0,0,0.0
U11955,S11955,2026-02-15,Desktop,Email,Clothing,22582.0,1,0,0,0,0.0
U08097,S08097,2026-02-15,Mobile,Direct,Clothing,2591.0,1,0,0,0,0.0
U09630,S09630,2026-02-15,Desktop,Google,Electronics,926.0,1,0,0,0,0.0
U07526,S07526,2026-02-15,Mobile,Direct,Shoes,2903.0,1,0,0,0,0.0
U00450,S00450,2026-02-15,Mobile,Instagram,Home,628.0,1,1,0,0,0.0
U08633,S08633,2026-02-15,Mobile,Instagram,Clothing,690.0,1,0,0,0,0.0
U05219,S05219,2026-02-15,Mobile,Google,Beauty,1424.0,1,1,0,0,0.0
U10184,S10184,2026-02-15,Mobile,Google,Home,4831.0,1,1,0,0,0.0
U06070,S06070,2026-02-15,Mobile,Google,Clothing,4262.0,1,1,0,0,0.0
U09114,S09114,2026-02-15,Mobile,Email,Clothing,2741.0,1,0,0,0,0.0
U07616,S07616,2026-02-15,Desktop,Google,Clothing,300.0,1,0,0,0,0.0
U07654,S07654,2026-02-15,Mobile,Facebook,Electronics,1730.0,1,0,0,0,0.0
U02932,S02932,2026-02-15,Mobile,Google,Beauty,1754.0,1,0,0,0,0.0
U04179,S04179,2026-02-15,Desktop,Google,Electronics,2421.0,1,1,1,0,0.0
U02628,S02628,2026-02-15,Mobile,Email,Clothing,3792.0,1,0,0,0,0.0
U06005,S06005,2026-02-15,Mobile,Direct,Electronics,3509.0,1,0,0,0,0.0
U04470,S04470,2026-02-15,Mobile,Google,Electronics,1515.0,1,0,0,0,0.0
U02621,S02621,2026-02-15,Desktop,Email,Clothing,464.0,1,1,1,1,464.0
U07730,S07730,2026-02-15,Mobile,Direct,Clothing,941.0,1,1,1,0,0.0
U04574,S04574,2026-02-15,Mobile,Google,Home,997.0,1,0,0,0,0.0
U05079,S05079,2026-02-15,Mobile,Direct,Clothing,25473.0,1,0,0,0,0.0
U00070,S00070,2026-02-15,Mobile,Email,Beauty,2319.0,1,1,0,0,0.0
U05941,S05941,2026-02-15,Desktop,Instagram,Electronics,623.0,1,0,0,0,0.0
U09062,S09062,2026-02-15,Desktop,Instagram,Home,3731.0,1,0,0,0,0.0
U10980,S10980,2026-02-15,Mobile,Google,Shoes,1194.0,1,1,0,0,0.0
U07445,S07445,2026-02-15,Mobile,Google,Electronics,2859.0,1,1,1,1,2859.0
U08830,S08830,2026-02-15,Tablet,Facebook,Clothing,1012.0,1,1,1,0,0.0
U05357,S05357,2026-02-15,Mobile,Email,Home,2164.0,1,0,0,0,0.0
U04000,S04000,2026-02-15,Mobile,Instagram,Clothing,3172.0,1,0,0,0,0.0
U09870,S09870,2026-02-15,Tablet,Instagram,Clothing,1435.0,1,0,0,0,0.0
U09537,S09537,2026-02-15,Desktop,Instagram,Shoes,5429.0,1,1,1,1,5429.0
U07411,S07411,2026-02-15,Desktop,Direct,Shoes,2459.0,1,0,0,0,0.0
U01972,S01972,2026-02-15,Tablet,Google,Clothing,2560.0,1,0,0,0,0.0
U05373,S05373,2026-02-15,Mobile,Direct,Shoes,5400.0,1,1,0,0,0.0
U03485,S03485,2026-02-15,Desktop,Google,Clothing,6626.0,1,0,0,0,0.0
U03009,S03009,2026-02-15,Mobile,Instagram,Shoes,2109.0,1,0,0,0,0.0
U02023,S02023,2026-02-15,Mobile,Direct,Electronics,1794.0,1,0,0,0,0.0
U01736,S01736,2026-02-15,Desktop,Direct,Home,13383.0,1,1,1,1,13383.0
U09841,S09841,2026-02-15,Mobile,Direct,Home,11919.0,1,1,0,0,0.0
U07327,S07327,2026-02-15,Tablet,Facebook,Beauty,7213.0,1,1,1,1,7213.0
U09590,S09590,2026-02-15,Mobile,Instagram,Shoes,2402.0,1,1,0,0,0.0
U06229,S06229,2026-02-16,Mobile,Google,Clothing,5484.0,1,0,0,0,0.0
U08507,S08507,2026-02-16,Mobile,Google,Home,5215.0,1,0,0,0,0.0
U05915,S05915,2026-02-16,Mobile,Instagram,Beauty,2656.0,1,0,0,0,0.0
U00306,S00306,2026-02-16,Mobile,Instagram,Clothing,1348.0,1,0,0,0,0.0
U00164,S00164,2026-02-16,Mobile,Direct,Clothing,1512.0,1,0,0,0,0.0
U06369,S06369,2026-02-16,Mobile,Google,Home,3607.0,1,0,0,0,0.0
U02424,S02424,2026-02-16,Mobile,Facebook,Clothing,4429.0,1,1,0,0,0.0
U05882,S05882,2026-02-16,Mobile,Instagram,Electronics,3987.0,1,1,1,0,0.0
U04465,S04465,2026-02-16,Mobile,Google,Clothing,3681.0,1,0,0,0,0.0
U09491,S09491,2026-02-16,Mobile,Google,Electronics,1241.0,1,1,1,1,1241.0
U03216,S03216,2026-02-16,Desktop,Instagram,Clothing,7427.0,1,0,0,0,0.0
U02416,S02416,2026-02-16,Mobile,Email,Home,517.0,1,0,0,0,0.0
U09685,S09685,2026-02-16,Mobile,Google,Electronics,2174.0,1,0,0,0,0.0
U10071,S10071,2026-02-16,Mobile,Instagram,Shoes,1044.0,1,1,0,0,0.0
U11518,S11518,2026-02-16,Mobile,Google,Electronics,1940.0,1,1,1,0,0.0
U02400,S02400,2026-02-16,Mobile,Direct,Clothing,1999.0,1,0,0,0,0.0
U05704,S05704,2026-02-16,Desktop,Google,Shoes,2032.0,1,0,0,0,0.0
U00241,S00241,2026-02-16,Desktop,Direct,Home,5087.0,1,0,0,0,0.0
U08631,S08631,2026-02-16,Mobile,Instagram,Beauty,4444.0,1,1,1,1,4444.0
U10405,S10405,2026-02-16,Mobile,Instagram,Beauty,2806.0,1,1,1,1,2806.0
U00552,S00552,2026-02-16,Mobile,Instagram,Electronics,3048.0,1,0,0,0,0.0
U04814,S04814,2026-02-16,Tablet,Email,Electronics,1995.0,1,0,0,0,0.0
U09222,S09222,2026-02-16,Mobile,Google,Home,1521.0,1,0,0,0,0.0
U11081,S11081,2026-02-16,Desktop,Email,Beauty,2905.0,1,1,1,1,2905.0
U00777,S00777,2026-02-16,Mobile,Instagram,Electronics,1713.0,1,0,0,0,0.0
U11899,S11899,2026-02-16,Mobile,Google,Home,1887.0,1,1,0,0,0.0
U04226,S04226,2026-02-16,Desktop,Instagram,Clothing,994.0,1,0,0,0,0.0
U03587,S03587,2026-02-16,Mobile,Google,Electronics,11452.0,1,0,0,0,0.0
U00045,S00045,2026-02-16,Desktop,Google,Home,936.0,1,0,0,0,0.0
U04978,S04978,2026-02-16,Mobile,Direct,Electronics,4148.0,1,1,1,1,4148.0
U10865,S10865,2026-02-16,Mobile,Instagram,Clothing,7122.0,1,0,0,0,0.0
U03624,S03624,2026-02-16,Desktop,Direct,Clothing,3837.0,1,0,0,0,0.0
U11747,S11747,2026-02-16,Mobile,Instagram,Shoes,16208.0,1,0,0,0,0.0
U01754,S01754,2026-02-16,Desktop,Google,Clothing,3893.0,1,1,1,1,3893.0
U05023,S05023,2026-02-16,Desktop,Google,Shoes,740.0,1,1,0,0,0.0
U01926,S01926,2026-02-16,Mobile,Instagram,Electronics,2444.0,1,0,0,0,0.0
U10958,S10958,2026-02-16,Mobile,Google,Electronics,558.0,1,1,0,0,0.0
U10182,S10182,2026-02-16,Mobile,Email,Electronics,1232.0,1,0,0,0,0.0
U07620,S07620,2026-02-16,Desktop,Direct,Beauty,4087.0,1,1,1,1,4087.0
U10935,S10935,2026-02-16,Mobile,Instagram,Clothing,959.0,1,1,1,1,959.0
U10504,S10504,2026-02-16,Mobile,Direct,Clothing,5847.0,1,1,1,1,5847.0
U09917,S09917,2026-02-16,Mobile,Instagram,Shoes,2451.0,1,0,0,0,0.0
U07727,S07727,2026-02-16,Mobile,Email,Clothing,418.0,1,0,0,0,0.0
U10897,S10897,2026-02-16,Mobile,Google,Shoes,2860.0,1,1,0,0,0.0
U00789,S00789,2026-02-16,Desktop,Direct,Clothing,3188.0,1,1,1,0,0.0
U04212,S04212,2026-02-16,Mobile,Instagram,Electronics,1999.0,1,0,0,0,0.0
U02101,S02101,2026-02-16,Desktop,Google,Electronics,6713.0,1,1,1,1,6713.0
U08130,S08130,2026-02-16,Mobile,Google,Clothing,4488.0,1,1,0,0,0.0
U10540,S10540,2026-02-16,Tablet,Facebook,Electronics,5736.0,1,0,0,0,0.0
U02735,S02735,2026-02-16,Mobile,Direct,Beauty,2177.0,1,1,1,0,0.0
U06672,S06672,2026-02-16,Mobile,Direct,Clothing,534.0,1,0,0,0,0.0
U05667,S05667,2026-02-16,Mobile,Instagram,Home,14359.0,1,0,0,0,0.0
U01570,S01570,2026-02-16,Mobile,Direct,Clothing,1392.0,1,1,0,0,0.0
U00616,S00616,2026-02-16,Desktop,Direct,Shoes,1032.0,1,1,0,0,0.0
U01121,S01121,2026-02-16,Desktop,Google,Electronics,1117.0,1,1,1,0,0.0
U04099,S04099,2026-02-16,Desktop,Instagram,Beauty,2906.0,1,0,0,0,0.0
U03527,S03527,2026-02-16,Mobile,Instagram,Shoes,4473.0,1,1,1,0,0.0
U08289,S08289,2026-02-16,Mobile,Direct,Electronics,2948.0,1,0,0,0,0.0
U03828,S03828,2026-02-16,Mobile,Direct,Clothing,1211.0,1,1,1,1,1211.0
U09236,S09236,2026-02-16,Mobile,Instagram,Shoes,4091.0,1,1,1,0,0.0
U04876,S04876,2026-02-16,Mobile,Google,Shoes,3021.0,1,0,0,0,0.0
U08900,S08900,2026-02-16,Mobile,Google,Electronics,838.0,1,0,0,0,0.0
U00200,S00200,2026-02-16,Mobile,Direct,Electronics,5006.0,1,0,0,0,0.0
U08217,S08217,2026-02-16,Desktop,Facebook,Beauty,666.0,1,1,0,0,0.0
U05474,S05474,2026-02-16,Mobile,Email,Home,1761.0,1,0,0,0,0.0
U08184,S08184,2026-02-16,Mobile,Facebook,Clothing,3877.0,1,0,0,0,0.0
U11128,S11128,2026-02-16,Mobile,Instagram,Electronics,9345.0,1,0,0,0,0.0
U02125,S02125,2026-02-16,Mobile,Email,Beauty,884.0,1,0,0,0,0.0
U01348,S01348,2026-02-16,Mobile,Direct,Home,3167.0,1,0,0,0,0.0
U03933,S03933,2026-02-16,Mobile,Google,Electronics,4724.0,1,0,0,0,0.0
U02137,S02137,2026-02-16,Mobile,Email,Clothing,4427.0,1,1,0,0,0.0
U02807,S02807,2026-02-16,Mobile,Instagram,Clothing,1444.0,1,0,0,0,0.0
U04056,S04056,2026-02-17,Desktop,Facebook,Electronics,2395.0,1,0,0,0,0.0
U04429,S04429,2026-02-17,Mobile,Google,Beauty,3201.0,1,0,0,0,0.0
U03272,S03272,2026-02-17,Mobile,Direct,Electronics,3285.0,1,0,0,0,0.0
U03738,S03738,2026-02-17,Desktop,Facebook,Clothing,15467.0,1,0,0,0,0.0
U04561,S04561,2026-02-17,Tablet,Direct,Shoes,4765.0,1,1,1,1,4765.0
U04482,S04482,2026-02-17,Desktop,Direct,Beauty,400.0,1,1,1,1,400.0
U03700,S03700,2026-02-17,Mobile,Google,Home,1859.0,1,0,0,0,0.0
U03676,S03676,2026-02-17,Desktop,Google,Clothing,4609.0,1,0,0,0,0.0
U03474,S03474,2026-02-17,Mobile,Facebook,Electronics,647.0,1,1,1,0,0.0
U03581,S03581,2026-02-17,Desktop,Google,Home,2696.0,1,0,0,0,0.0
U00454,S00454,2026-02-17,Mobile,Direct,Electronics,8377.0,1,1,1,1,8377.0
U10848,S10848,2026-02-17,Mobile,Direct,Shoes,2221.0,1,1,0,0,0.0
U00507,S00507,2026-02-17,Mobile,Direct,Beauty,4182.0,1,0,0,0,0.0
U02032,S02032,2026-02-17,Mobile,Direct,Clothing,1198.0,1,0,0,0,0.0
U02037,S02037,2026-02-17,Tablet,Facebook,Clothing,1723.0,1,1,0,0,0.0
U07102,S07102,2026-02-17,Mobile,Instagram,Clothing,4108.0,1,1,1,1,4108.0
U07061,S07061,2026-02-17,Mobile,Instagram,Beauty,4635.0,1,1,0,0,0.0
U02147,S02147,2026-02-17,Mobile,Instagram,Electronics,6008.0,1,0,0,0,0.0
U06974,S06974,2026-02-17,Tablet,Google,Shoes,2734.0,1,0,0,0,0.0
U06960,S06960,2026-02-17,Desktop,Instagram,Beauty,1367.0,1,0,0,0,0.0
U06949,S06949,2026-02-17,Desktop,Instagram,Home,5882.0,1,1,1,1,5882.0
U06907,S06907,2026-02-17,Desktop,Google,Electronics,5543.0,1,1,1,1,5543.0
U07757,S07757,2026-02-17,Mobile,Google,Clothing,1257.0,1,1,1,1,1257.0
U00412,S00412,2026-02-17,Desktop,Direct,Clothing,3321.0,1,1,0,0,0.0
U02275,S02275,2026-02-17,Desktop,Instagram,Home,3525.0,1,1,0,0,0.0
U00330,S00330,2026-02-17,Mobile,Email,Shoes,1898.0,1,1,0,0,0.0
U06527,S06527,2026-02-17,Mobile,Google,Beauty,4180.0,1,1,0,0,0.0
U11399,S11399,2026-02-17,Mobile,Instagram,Electronics,3560.0,1,1,1,0,0.0
U02450,S02450,2026-02-17,Mobile,Direct,Home,6515.0,1,0,0,0,0.0
U11515,S11515,2026-02-17,Mobile,Google,Home,7442.0,1,0,0,0,0.0
U11544,S11544,2026-02-17,Desktop,Direct,Shoes,834.0,1,0,0,0,0.0
U02600,S02600,2026-02-17,Tablet,Direct,Beauty,1186.0,1,0,0,0,0.0
U11580,S11580,2026-02-17,Mobile,Instagram,Home,1501.0,1,1,0,0,0.0
U05760,S05760,2026-02-17,Mobile,Google,Home,2217.0,1,0,0,0,0.0
U05695,S05695,2026-02-17,Desktop,Instagram,Electronics,2772.0,1,0,0,0,0.0
U06799,S06799,2026-02-17,Mobile,Facebook,Shoes,732.0,1,1,1,1,732.0
U00186,S00186,2026-02-17,Desktop,Instagram,Electronics,806.0,1,0,0,0,0.0
U10511,S10511,2026-02-17,Mobile,Instagram,Home,1705.0,1,1,1,1,1705.0
U08066,S08066,2026-02-17,Mobile,Email,Electronics,6506.0,1,1,1,1,6506.0
U09532,S09532,2026-02-17,Desktop,Google,Shoes,857.0,1,0,0,0,0.0
U00969,S00969,2026-02-17,Mobile,Google,Home,1432.0,1,1,1,1,1432.0
U09274,S09274,2026-02-17,Desktop,Google,Electronics,3710.0,1,0,0,0,0.0
U09272,S09272,2026-02-17,Desktop,Facebook,Beauty,7036.0,1,1,0,0,0.0
U09253,S09253,2026-02-17,Desktop,Direct,Electronics,4807.0,1,1,1,0,0.0
U09769,S09769,2026-02-17,Desktop,Facebook,Electronics,1819.0,1,0,0,0,0.0
U09177,S09177,2026-02-17,Mobile,Google,Beauty,935.0,1,1,0,0,0.0
U00902,S00902,2026-02-17,Mobile,Direct,Electronics,3432.0,1,1,0,0,0.0
U09087,S09087,2026-02-17,Mobile,Instagram,Electronics,1995.0,1,0,0,0,0.0
U09911,S09911,2026-02-17,Mobile,Email,Electronics,2181.0,1,1,0,0,0.0
U10044,S10044,2026-02-17,Desktop,Google,Shoes,7707.0,1,1,1,1,7707.0
U00666,S00666,2026-02-17,Desktop,Instagram,Electronics,2455.0,1,1,1,1,2455.0
U10064,S10064,2026-02-17,Mobile,Google,Electronics,1091.0,1,1,0,0,0.0
U00767,S00767,2026-02-17,Mobile,Google,Clothing,6173.0,1,0,0,0,0.0
U08513,S08513,2026-02-17,Mobile,Email,Electronics,2852.0,1,0,0,0,0.0
U00764,S00764,2026-02-17,Mobile,Direct,Home,1659.0,1,1,1,1,1659.0
U08426,S08426,2026-02-17,Mobile,Email,Electronics,897.0,1,0,0,0,0.0
U08391,S08391,2026-02-17,Desktop,Instagram,Clothing,6362.0,1,0,0,0,0.0
U08251,S08251,2026-02-17,Mobile,Instagram,Electronics,1466.0,1,0,0,0,0.0
U08249,S08249,2026-02-17,Mobile,Google,Beauty,4550.0,1,0,0,0,0.0
U08232,S08232,2026-02-17,Mobile,Direct,Electronics,3106.0,1,1,0,0,0.0
U00739,S00739,2026-02-17,Mobile,Instagram,Shoes,3742.0,1,1,0,0,0.0
U00723,S00723,2026-02-17,Mobile,Google,Clothing,947.0,1,1,1,0,0.0
U08076,S08076,2026-02-17,Mobile,Facebook,Clothing,725.0,1,1,0,0,0.0
U00784,S00784,2026-02-17,Mobile,Instagram,Clothing,2537.0,1,0,0,0,0.0
U00171,S00171,2026-02-17,Mobile,Instagram,Clothing,2551.0,1,0,0,0,0.0
U01086,S01086,2026-02-17,Desktop,Direct,Beauty,1664.0,1,0,0,0,0.0
U02841,S02841,2026-02-17,Desktop,Google,Clothing,4306.0,1,0,0,0,0.0
U05175,S05175,2026-02-17,Mobile,Instagram,Home,1597.0,1,0,0,0,0.0
U00029,S00029,2026-02-17,Mobile,Instagram,Clothing,3506.0,1,0,0,0,0.0
U04887,S04887,2026-02-17,Mobile,Direct,Clothing,5955.0,1,0,0,0,0.0
U04858,S04858,2026-02-17,Desktop,Direct,Clothing,476.0,1,0,0,0,0.0
U03080,S03080,2026-02-17,Mobile,Google,Clothing,10871.0,1,0,0,0,0.0
U01781,S01781,2026-02-18,Mobile,Instagram,Beauty,3031.0,1,1,0,0,0.0
U07881,S07881,2026-02-18,Mobile,Google,Shoes,3618.0,1,1,1,1,3618.0
U10595,S10595,2026-02-18,Desktop,Instagram,Clothing,2328.0,1,0,0,0,0.0
U01826,S01826,2026-02-18,Mobile,Direct,Electronics,1186.0,1,0,0,0,0.0
U11798,S11798,2026-02-18,Mobile,Email,Home,3060.0,1,0,0,0,0.0
U00610,S00610,2026-02-18,Mobile,Direct,Electronics,4396.0,1,0,0,0,0.0
U11731,S11731,2026-02-18,Desktop,Instagram,Electronics,5453.0,1,0,0,0,0.0
U07500,S07500,2026-02-18,Mobile,Direct,Beauty,1936.0,1,1,1,0,0.0
U04223,S04223,2026-02-18,Mobile,Instagram,Beauty,2257.0,1,1,1,1,2257.0
U04974,S04974,2026-02-18,Desktop,Google,Electronics,6729.0,1,0,0,0,0.0
U07408,S07408,2026-02-18,Mobile,Google,Electronics,1564.0,1,0,0,0,0.0
U04983,S04983,2026-02-18,Mobile,Google,Shoes,2012.0,1,0,0,0,0.0
U07281,S07281,2026-02-18,Desktop,Instagram,Beauty,1778.0,1,1,1,1,1778.0
U10926,S10926,2026-02-18,Mobile,Instagram,Electronics,2104.0,1,0,0,0,0.0
U07179,S07179,2026-02-18,Tablet,Direct,Home,5826.0,1,0,0,0,0.0
U05119,S05119,2026-02-18,Mobile,Facebook,Home,2594.0,1,0,0,0,0.0
U05136,S05136,2026-02-18,Mobile,Facebook,Clothing,1827.0,1,1,1,1,1827.0
U02170,S02170,2026-02-18,Mobile,Direct,Beauty,1998.0,1,0,0,0,0.0
U05212,S05212,2026-02-18,Mobile,Direct,Beauty,3073.0,1,0,0,0,0.0
U00105,S00105,2026-02-18,Desktop,Email,Beauty,6516.0,1,1,1,1,6516.0
U07497,S07497,2026-02-18,Mobile,Google,Electronics,4397.0,1,0,0,0,0.0
U04973,S04973,2026-02-18,Mobile,Facebook,Shoes,4064.0,1,1,1,1,4064.0
U02803,S02803,2026-02-18,Mobile,Google,Electronics,1840.0,1,0,0,0,0.0
U01662,S01662,2026-02-18,Desktop,Email,Beauty,2323.0,1,1,0,0,0.0
U09422,S09422,2026-02-18,Mobile,Email,Clothing,2920.0,1,0,0,0,0.0
U09677,S09677,2026-02-18,Mobile,Direct,Home,7306.0,1,0,0,0,0.0
U09288,S09288,2026-02-18,Mobile,Email,Beauty,676.0,1,0,0,0,0.0
U00025,S00025,2026-02-18,Desktop,Email,Clothing,2386.0,1,0,0,0,0.0
U04708,S04708,2026-02-18,Mobile,Instagram,Clothing,3936.0,1,0,0,0,0.0
U04733,S04733,2026-02-18,Mobile,Email,Electronics,5988.0,1,0,0,0,0.0
U01223,S01223,2026-02-18,Desktop,Email,Clothing,1040.0,1,0,0,0,0.0
U03974,S03974,2026-02-18,Mobile,Instagram,Electronics,3979.0,1,0,0,0,0.0
U04796,S04796,2026-02-18,Mobile,Email,Electronics,3312.0,1,1,1,1,3312.0
U01373,S01373,2026-02-18,Mobile,Google,Electronics,7001.0,1,0,0,0,0.0
U10419,S10419,2026-02-18,Mobile,Google,Clothing,2561.0,1,0,0,0,0.0
U08795,S08795,2026-02-18,Mobile,Google,Beauty,4699.0,1,1,0,0,0.0
U01404,S01404,2026-02-18,Mobile,Direct,Beauty,1612.0,1,0,0,0,0.0
U10177,S10177,2026-02-18,Mobile,Direct,Shoes,18254.0,1,1,0,0,0.0
U03470,S03470,2026-02-18,Tablet,Google,Shoes,4978.0,1,1,1,1,4978.0
U04077,S04077,2026-02-18,Desktop,Google,Shoes,899.0,1,1,1,1,899.0
U11868,S11868,2026-02-18,Desktop,Google,Home,15014.0,1,0,0,0,0.0
U10234,S10234,2026-02-18,Mobile,Email,Shoes,834.0,1,0,0,0,0.0
U00753,S00753,2026-02-18,Mobile,Email,Beauty,3549.0,1,1,1,0,0.0
U01634,S01634,2026-02-18,Desktop,Google,Beauty,10836.0,1,1,1,1,10836.0
U04912,S04912,2026-02-18,Mobile,Instagram,Electronics,1194.0,1,1,1,0,0.0
U02905,S02905,2026-02-18,Mobile,Instagram,Electronics,4673.0,1,1,1,1,4673.0
U08778,S08778,2026-02-18,Desktop,Direct,Shoes,1402.0,1,1,1,1,1402.0
U00341,S00341,2026-02-18,Mobile,Instagram,Home,2280.0,1,0,0,0,0.0
U07601,S07601,2026-02-18,Tablet,Instagram,Clothing,5568.0,1,0,0,0,0.0
U04399,S04399,2026-02-18,Mobile,Email,Shoes,5265.0,1,1,0,0,0.0
U05984,S05984,2026-02-18,Mobile,Direct,Shoes,2764.0,1,0,0,0,0.0
U03674,S03674,2026-02-18,Mobile,Instagram,Beauty,5085.0,1,0,0,0,0.0
U02833,S02833,2026-02-18,Mobile,Direct,Electronics,877.0,1,1,1,0,0.0
U05839,S05839,2026-02-18,Mobile,Instagram,Home,5628.0,1,1,1,0,0.0
U11745,S11745,2026-02-18,Mobile,Instagram,Electronics,3528.0,1,1,1,1,3528.0
U11586,S11586,2026-02-18,Tablet,Email,Home,1263.0,1,1,0,0,0.0
U05720,S05720,2026-02-18,Mobile,Instagram,Beauty,1857.0,1,1,1,0,0.0
U05494,S05494,2026-02-18,Mobile,Google,Home,3898.0,1,1,1,1,3898.0
U06488,S06488,2026-02-18,Desktop,Google,Home,2940.0,1,1,0,0,0.0
U02392,S02392,2026-02-18,Desktop,Instagram,Home,3682.0,1,0,0,0,0.0
U06510,S06510,2026-02-18,Mobile,Facebook,Beauty,6634.0,1,0,0,0,0.0
U06094,S06094,2026-02-18,Mobile,Instagram,Clothing,1146.0,1,1,1,1,1146.0
U02857,S02857,2026-02-18,Desktop,Email,Electronics,1162.0,1,1,0,0,0.0
U06263,S06263,2026-02-18,Mobile,Email,Home,12593.0,1,1,1,1,12593.0
U05644,S05644,2026-02-18,Mobile,Facebook,Shoes,967.0,1,1,1,1,967.0
U11691,S11691,2026-02-18,Mobile,Instagram,Shoes,637.0,1,1,0,0,0.0
U06590,S06590,2026-02-18,Mobile,Google,Home,2000.0,1,1,1,0,0.0
U00196,S00196,2026-02-18,Mobile,Google,Beauty,7996.0,1,0,0,0,0.0
U06188,S06188,2026-02-18,Mobile,Email,Clothing,1290.0,1,0,0,0,0.0
U02789,S02789,2026-02-18,Tablet,Instagram,Electronics,880.0,1,0,0,0,0.0
U08152,S08152,2026-02-19,Mobile,Instagram,Shoes,4407.0,1,0,0,0,0.0
U07818,S07818,2026-02-19,Desktop,Instagram,Electronics,1644.0,1,1,0,0,0.0
U06028,S06028,2026-02-19,Mobile,Google,Shoes,641.0,1,1,0,0,0.0
U00212,S00212,2026-02-19,Mobile,Google,Home,985.0,1,1,1,1,985.0
U03354,S03354,2026-02-19,Mobile,Direct,Shoes,19299.0,1,0,0,0,0.0
U04178,S04178,2026-02-19,Tablet,Direct,Shoes,3928.0,1,1,0,0,0.0
U08306,S08306,2026-02-19,Mobile,Email,Shoes,3403.0,1,0,0,0,0.0
U03021,S03021,2026-02-19,Mobile,Direct,Clothing,555.0,1,0,0,0,0.0
U00650,S00650,2026-02-19,Mobile,Instagram,Home,4327.0,1,1,0,0,0.0
U03051,S03051,2026-02-19,Desktop,Direct,Shoes,9109.0,1,1,1,1,9109.0
U04893,S04893,2026-02-19,Mobile,Instagram,Electronics,2288.0,1,1,0,0,0.0
U11831,S11831,2026-02-19,Mobile,Google,Home,5051.0,1,0,0,0,0.0
U01653,S01653,2026-02-19,Mobile,Google,Clothing,1576.0,1,0,0,0,0.0
U06606,S06606,2026-02-19,Mobile,Google,Shoes,444.0,1,0,0,0,0.0
U02475,S02475,2026-02-19,Mobile,Instagram,Shoes,6970.0,1,0,0,0,0.0
U03046,S03046,2026-02-19,Tablet,Facebook,Clothing,8552.0,1,0,0,0,0.0
U02329,S02329,2026-02-19,Mobile,Facebook,Beauty,6105.0,1,1,1,1,6105.0
U08545,S08545,2026-02-19,Mobile,Google,Shoes,1280.0,1,0,0,0,0.0
U09434,S09434,2026-02-19,Mobile,Google,Clothing,1557.0,1,0,0,0,0.0
U09661,S09661,2026-02-19,Mobile,Instagram,Home,2866.0,1,0,0,0,0.0
U04678,S04678,2026-02-19,Mobile,Instagram,Electronics,6280.0,1,1,0,0,0.0
U09286,S09286,2026-02-19,Mobile,Google,Clothing,6771.0,1,0,0,0,0.0
U02810,S02810,2026-02-19,Mobile,Google,Shoes,4172.0,1,0,0,0,0.0
U04728,S04728,2026-02-19,Mobile,Google,Clothing,2121.0,1,0,0,0,0.0
U03957,S03957,2026-02-19,Tablet,Direct,Electronics,10414.0,1,0,0,0,0.0
U01245,S01245,2026-02-19,Mobile,Google,Electronics,3521.0,1,1,1,1,3521.0
U05650,S05650,2026-02-19,Mobile,Direct,Beauty,9572.0,1,0,0,0,0.0
U08400,S08400,2026-02-19,Desktop,Instagram,Electronics,300.0,1,0,0,0,0.0
U11895,S11895,2026-02-19,Mobile,Email,Home,4397.0,1,0,0,0,0.0
U01311,S01311,2026-02-19,Mobile,Email,Home,2013.0,1,0,0,0,0.0
U10096,S10096,2026-02-19,Desktop,Email,Electronics,7012.0,1,1,1,1,7012.0
U08955,S08955,2026-02-19,Mobile,Google,Beauty,2854.0,1,1,0,0,0.0
U08940,S08940,2026-02-19,Tablet,Google,Beauty,3423.0,1,1,1,1,3423.0
U10151,S10151,2026-02-19,Mobile,Direct,Clothing,1737.0,1,1,0,0,0.0
U08880,S08880,2026-02-19,Mobile,Google,Home,3346.0,1,0,0,0,0.0
U03466,S03466,2026-02-19,Desktop,Google,Shoes,1399.0,1,0,0,0,0.0
U05765,S05765,2026-02-19,Mobile,Google,Shoes,2304.0,1,0,0,0,0.0
U03692,S03692,2026-02-19,Mobile,Google,Home,5966.0,1,0,0,0,0.0
U09983,S09983,2026-02-19,Tablet,Facebook,Home,3717.0,1,0,0,0,0.0
U05456,S05456,2026-02-19,Mobile,Facebook,Clothing,2269.0,1,0,0,0,0.0
U04653,S04653,2026-02-19,Mobile,Direct,Electronics,4516.0,1,1,1,1,4516.0
U03242,S03242,2026-02-19,Mobile,Direct,Electronics,4215.0,1,1,1,0,0.0
U11278,S11278,2026-02-19,Mobile,Direct,Clothing,919.0,1,1,0,0,0.0
U01980,S01980,2026-02-19,Mobile,Facebook,Home,428.0,1,0,0,0,0.0
U01985,S01985,2026-02-19,Mobile,Facebook,Electronics,2820.0,1,0,0,0,0.0
U10804,S10804,2026-02-19,Mobile,Facebook,Home,1423.0,1,0,0,0,0.0
U04990,S04990,2026-02-19,Mobile,Direct,Home,1590.0,1,0,0,0,0.0
U05040,S05040,2026-02-19,Desktop,Direct,Clothing,6126.0,1,0,0,0,0.0
U11786,S11786,2026-02-19,Mobile,Email,Home,8132.0,1,0,0,0,0.0
U10870,S10870,2026-02-19,Tablet,Direct,Electronics,2973.0,1,1,0,0,0.0
U03255,S03255,2026-02-19,Mobile,Google,Clothing,530.0,1,1,0,0,0.0
U05137,S05137,2026-02-19,Mobile,Email,Clothing,8442.0,1,0,0,0,0.0
U02860,S02860,2026-02-19,Mobile,Instagram,Beauty,7842.0,1,0,0,0,0.0
U02082,S02082,2026-02-19,Mobile,Google,Shoes,1027.0,1,1,1,1,1027.0
U11381,S11381,2026-02-19,Desktop,Email,Clothing,1676.0,1,0,0,0,0.0
U07145,S07145,2026-02-19,Desktop,Direct,Shoes,5737.0,1,1,1,0,0.0
U07144,S07144,2026-02-19,Mobile,Direct,Electronics,920.0,1,0,0,0,0.0
U02232,S02232,2026-02-19,Desktop,Google,Electronics,2363.0,1,1,1,0,0.0
U02237,S02237,2026-02-19,Mobile,Facebook,Clothing,1975.0,1,0,0,0,0.0
U10831,S10831,2026-02-19,Desktop,Direct,Electronics,7433.0,1,0,0,0,0.0
U11000,S11000,2026-02-19,Desktop,Direct,Clothing,4984.0,1,0,0,0,0.0
U10659,S10659,2026-02-19,Mobile,Instagram,Electronics,454.0,1,0,0,0,0.0
U06734,S06734,2026-02-19,Desktop,Facebook,Clothing,6742.0,1,0,0,0,0.0
U06668,S06668,2026-02-19,Mobile,Direct,Electronics,3105.0,1,0,0,0,0.0
U08824,S08824,2026-02-20,Desktop,Email,Shoes,1016.0,1,1,1,0,0.0
U04380,S04380,2026-02-20,Mobile,Instagram,Clothing,1684.0,1,1,0,0,0.0
U11276,S11276,2026-02-20,Mobile,Google,Clothing,421.0,1,0,0,0,0.0
U08858,S08858,2026-02-20,Tablet,Google,Home,1241.0,1,1,1,1,1241.0
U07024,S07024,2026-02-20,Mobile,Instagram,Shoes,2504.0,1,0,0,0,0.0
U08999,S08999,2026-02-20,Tablet,Direct,Electronics,1418.0,1,1,1,1,1418.0
U11032,S11032,2026-02-20,Mobile,Direct,Beauty,1296.0,1,1,0,0,0.0
U11360,S11360,2026-02-20,Mobile,Instagram,Electronics,1674.0,1,0,0,0,0.0
U09370,S09370,2026-02-20,Desktop,Facebook,Electronics,6940.0,1,0,0,0,0.0
U09368,S09368,2026-02-20,Desktop,Instagram,Home,6368.0,1,0,0,0,0.0
U00983,S00983,2026-02-20,Desktop,Direct,Shoes,21562.0,1,0,0,0,0.0
U01322,S01322,2026-02-20,Mobile,Google,Home,1810.0,1,0,0,0,0.0
U03147,S03147,2026-02-20,Desktop,Facebook,Home,4965.0,1,0,0,0,0.0
U09202,S09202,2026-02-20,Tablet,Google,Shoes,3040.0,1,1,1,1,3040.0
U11888,S11888,2026-02-20,Mobile,Instagram,Electronics,1699.0,1,0,0,0,0.0
U03964,S03964,2026-02-20,Mobile,Facebook,Clothing,1424.0,1,1,1,1,1424.0
U05608,S05608,2026-02-20,Mobile,Google,Electronics,808.0,1,0,0,0,0.0
U05295,S05295,2026-02-20,Desktop,Google,Home,7293.0,1,0,0,0,0.0
U11097,S11097,2026-02-20,Mobile,Direct,Shoes,2459.0,1,1,0,0,0.0
U03448,S03448,2026-02-20,Desktop,Instagram,Clothing,3759.0,1,0,0,0,0.0
U06929,S06929,2026-02-20,Mobile,Direct,Shoes,4067.0,1,1,0,0,0.0
U11735,S11735,2026-02-20,Desktop,Instagram,Beauty,3199.0,1,0,0,0,0.0
U05115,S05115,2026-02-20,Mobile,Google,Home,1226.0,1,1,0,0,0.0
U04636,S04636,2026-02-20,Mobile,Instagram,Home,3822.0,1,0,0,0,0.0
U04559,S04559,2026-02-20,Mobile,Google,Home,3285.0,1,0,0,0,0.0
U01164,S01164,2026-02-20,Mobile,Google,Electronics,551.0,1,0,0,0,0.0
U05304,S05304,2026-02-20,Mobile,Instagram,Electronics,4023.0,1,1,1,1,4023.0
U10028,S10028,2026-02-20,Mobile,Google,Clothing,1084.0,1,0,0,0,0.0
U05685,S05685,2026-02-20,Mobile,Email,Clothing,2524.0,1,0,0,0,0.0
U00156,S00156,2026-02-20,Desktop,Google,Electronics,2670.0,1,1,1,1,2670.0
U06800,S06800,2026-02-20,Mobile,Instagram,Home,7529.0,1,1,0,0,0.0
U06958,S06958,2026-02-20,Mobile,Google,Shoes,1927.0,1,1,0,0,0.0
U10283,S10283,2026-02-20,Mobile,Instagram,Electronics,3128.0,1,0,0,0,0.0
U07706,S07706,2026-02-20,Mobile,Email,Clothing,937.0,1,1,1,0,0.0
U07986,S07986,2026-02-20,Mobile,Instagram,Electronics,470.0,1,1,1,0,0.0
U00255,S00255,2026-02-20,Mobile,Google,Shoes,17560.0,1,0,0,0,0.0
U04548,S04548,2026-02-20,Mobile,Instagram,Shoes,884.0,1,0,0,0,0.0
U10321,S10321,2026-02-20,Desktop,Direct,Clothing,903.0,1,1,1,1,903.0
U01776,S01776,2026-02-20,Mobile,Instagram,Beauty,1786.0,1,1,0,0,0.0
U07430,S07430,2026-02-20,Tablet,Facebook,Beauty,4202.0,1,0,0,0,0.0
U03688,S03688,2026-02-20,Tablet,Google,Clothing,2599.0,1,0,0,0,0.0
U02523,S02523,2026-02-20,Mobile,Google,Beauty,1790.0,1,1,1,0,0.0
U06365,S06365,2026-02-20,Desktop,Google,Beauty,300.0,1,0,0,0,0.0
U07511,S07511,2026-02-20,Mobile,Instagram,Clothing,1073.0,1,1,1,0,0.0
U07390,S07390,2026-02-20,Mobile,Google,Shoes,6211.0,1,1,0,0,0.0
U01591,S01591,2026-02-20,Mobile,Google,Home,8361.0,1,1,0,0,0.0
U11533,S11533,2026-02-20,Mobile,Instagram,Home,1143.0,1,1,1,1,1143.0
U08321,S08321,2026-02-20,Mobile,Google,Clothing,2535.0,1,1,0,0,0.0
U07830,S07830,2026-02-20,Mobile,Direct,Shoes,531.0,1,0,0,0,0.0
U08673,S08673,2026-02-20,Tablet,Facebook,Electronics,606.0,1,0,0,0,0.0
U01463,S01463,2026-02-20,Mobile,Email,Electronics,3690.0,1,0,0,0,0.0
U01470,S01470,2026-02-20,Mobile,Google,Beauty,736.0,1,0,0,0,0.0
U04843,S04843,2026-02-20,Mobile,Google,Electronics,583.0,1,0,0,0,0.0
U02562,S02562,2026-02-20,Desktop,Facebook,Clothing,666.0,1,1,1,0,0.0
U10713,S10713,2026-02-20,Mobile,Google,Clothing,2333.0,1,1,0,0,0.0
U07187,S07187,2026-02-20,Mobile,Facebook,Electronics,1343.0,1,1,1,1,1343.0
U04255,S04255,2026-02-20,Desktop,Google,Home,5087.0,1,1,1,1,5087.0
U10233,S10233,2026-02-20,Mobile,Direct,Beauty,4688.0,1,1,1,0,0.0
U08447,S08447,2026-02-20,Mobile,Google,Electronics,3338.0,1,0,0,0,0.0
U03775,S03775,2026-02-21,Desktop,Instagram,Clothing,6908.0,1,0,0,0,0.0
U09528,S09528,2026-02-21,Mobile,Direct,Shoes,3164.0,1,1,0,0,0.0
U00234,S00234,2026-02-21,Mobile,Google,Shoes,678.0,1,1,1,1,678.0
U00371,S00371,2026-02-21,Desktop,Facebook,Electronics,557.0,1,0,0,0,0.0
U10591,S10591,2026-02-21,Mobile,Google,Shoes,2221.0,1,0,0,0,0.0
U09759,S09759,2026-02-21,Mobile,Instagram,Clothing,4724.0,1,0,0,0,0.0
U11201,S11201,2026-02-21,Desktop,Instagram,Clothing,3437.0,1,0,0,0,0.0
U11862,S11862,2026-02-21,Tablet,Instagram,Clothing,5477.0,1,1,0,0,0.0
U09764,S09764,2026-02-21,Mobile,Google,Beauty,7467.0,1,0,0,0,0.0
U01063,S01063,2026-02-21,Mobile,Email,Electronics,436.0,1,0,0,0,0.0
U03833,S03833,2026-02-21,Mobile,Facebook,Home,2803.0,1,0,0,0,0.0
U03855,S03855,2026-02-21,Mobile,Facebook,Beauty,6617.0,1,0,0,0,0.0
U11883,S11883,2026-02-21,Mobile,Google,Clothing,4699.0,1,1,0,0,0.0
U10872,S10872,2026-02-21,Mobile,Email,Beauty,3229.0,1,0,0,0,0.0
U10270,S10270,2026-02-21,Mobile,Instagram,Home,4870.0,1,0,0,0,0.0
U00108,S00108,2026-02-21,Mobile,Google,Clothing,1199.0,1,0,0,0,0.0
U03595,S03595,2026-02-21,Mobile,Email,Home,4851.0,1,0,0,0,0.0
U11079,S11079,2026-02-21,Mobile,Instagram,Electronics,1801.0,1,1,1,1,1801.0
U11012,S11012,2026-02-21,Desktop,Google,Clothing,1491.0,1,0,0,0,0.0
U00709,S00709,2026-02-21,Mobile,Instagram,Shoes,1938.0,1,1,1,1,1938.0
U10349,S10349,2026-02-21,Mobile,Direct,Electronics,592.0,1,0,0,0,0.0
U09778,S09778,2026-02-21,Desktop,Instagram,Beauty,1257.0,1,0,0,0,0.0
U10777,S10777,2026-02-21,Desktop,Direct,Shoes,6725.0,1,0,0,0,0.0
U03544,S03544,2026-02-21,Mobile,Email,Shoes,7497.0,1,1,1,1,7497.0
U10176,S10176,2026-02-21,Desktop,Google,Shoes,1820.0,1,1,1,0,0.0
U08494,S08494,2026-02-21,Desktop,Facebook,Electronics,2279.0,1,0,0,0,0.0
U05223,S05223,2026-02-21,Mobile,Google,Electronics,1104.0,1,0,0,0,0.0
U09018,S09018,2026-02-21,Mobile,Direct,Beauty,5536.0,1,1,0,0,0.0
U04633,S04633,2026-02-21,Mobile,Google,Clothing,6834.0,1,0,0,0,0.0
U01323,S01323,2026-02-21,Mobile,Direct,Beauty,1214.0,1,1,1,0,0.0
U07799,S07799,2026-02-21,Mobile,Email,Beauty,3603.0,1,0,0,0,0.0
U06679,S06679,2026-02-21,Mobile,Direct,Shoes,1911.0,1,1,1,1,1911.0
U02265,S02265,2026-02-21,Mobile,Direct,Clothing,1283.0,1,1,1,1,1283.0
U02114,S02114,2026-02-21,Mobile,Google,Beauty,2643.0,1,0,0,0,0.0
U07114,S07114,2026-02-21,Mobile,Instagram,Shoes,554.0,1,0,0,0,0.0
U05476,S05476,2026-02-21,Mobile,Email,Shoes,13643.0,1,0,0,0,0.0
U02774,S02774,2026-02-21,Mobile,Google,Clothing,3146.0,1,1,0,0,0.0
U04122,S04122,2026-02-21,Desktop,Facebook,Shoes,18777.0,1,0,0,0,0.0
U08146,S08146,2026-02-21,Mobile,Direct,Clothing,4392.0,1,0,0,0,0.0
U08137,S08137,2026-02-21,Mobile,Google,Shoes,3791.0,1,1,1,1,3791.0
U08081,S08081,2026-02-21,Mobile,Direct,Clothing,7976.0,1,0,0,0,0.0
U08080,S08080,2026-02-21,Tablet,Google,Home,1056.0,1,0,0,0,0.0
U07372,S07372,2026-02-21,Desktop,Facebook,Shoes,4974.0,1,1,1,1,4974.0
U01987,S01987,2026-02-21,Mobile,Google,Shoes,2164.0,1,0,0,0,0.0
U05621,S05621,2026-02-21,Mobile,Google,Electronics,9278.0,1,0,0,0,0.0
U07928,S07928,2026-02-21,Mobile,Email,Shoes,3794.0,1,0,0,0,0.0
U07859,S07859,2026-02-21,Desktop,Facebook,Beauty,1597.0,1,0,0,0,0.0
U07283,S07283,2026-02-21,Mobile,Direct,Shoes,1266.0,1,1,1,0,0.0
U01290,S01290,2026-02-21,Mobile,Facebook,Beauty,2347.0,1,1,1,1,2347.0
U01819,S01819,2026-02-21,Mobile,Google,Electronics,3547.0,1,0,0,0,0.0
U03424,S03424,2026-02-21,Mobile,Google,Beauty,723.0,1,1,0,0,0.0
U02384,S02384,2026-02-21,Mobile,Google,Home,4604.0,1,0,0,0,0.0
U04756,S04756,2026-02-21,Mobile,Instagram,Shoes,2762.0,1,1,1,1,2762.0
U05925,S05925,2026-02-21,Mobile,Facebook,Beauty,637.0,1,0,0,0,0.0
U03121,S03121,2026-02-21,Mobile,Google,Clothing,28552.0,1,0,0,0,0.0
U01094,S01094,2026-02-21,Mobile,Direct,Electronics,30000.0,1,0,0,0,0.0
U04414,S04414,2026-02-21,Mobile,Facebook,Shoes,365.0,1,0,0,0,0.0
U09204,S09204,2026-02-21,Mobile,Email,Beauty,2271.0,1,0,0,0,0.0
U01191,S01191,2026-02-21,Mobile,Google,Electronics,1712.0,1,1,1,0,0.0
U04707,S04707,2026-02-21,Mobile,Instagram,Beauty,1626.0,1,0,0,0,0.0
U05982,S05982,2026-02-21,Mobile,Email,Clothing,3536.0,1,1,1,0,0.0
U06077,S06077,2026-02-21,Desktop,Instagram,Electronics,1997.0,1,0,0,0,0.0
U11541,S11541,2026-02-22,Desktop,Facebook,Beauty,5409.0,1,1,0,0,0.0
U06100,S06100,2026-02-22,Mobile,Instagram,Beauty,6251.0,1,0,0,0,0.0
U01090,S01090,2026-02-22,Mobile,Direct,Clothing,3819.0,1,1,1,0,0.0
U02539,S02539,2026-02-22,Mobile,Facebook,Shoes,1506.0,1,0,0,0,0.0
U06542,S06542,2026-02-22,Mobile,Direct,Clothing,7161.0,1,1,0,0,0.0
U06215,S06215,2026-02-22,Mobile,Facebook,Beauty,1411.0,1,0,0,0,0.0
U11565,S11565,2026-02-22,Mobile,Direct,Electronics,3685.0,1,0,0,0,0.0
U00109,S00109,2026-02-22,Mobile,Google,Beauty,6519.0,1,1,0,0,0.0
U05375,S05375,2026-02-22,Desktop,Instagram,Clothing,545.0,1,1,1,1,545.0
U01865,S01865,2026-02-22,Desktop,Google,Clothing,1646.0,1,0,0,0,0.0
U07405,S07405,2026-02-22,Mobile,Email,Home,1718.0,1,1,1,0,0.0
U07269,S07269,2026-02-22,Desktop,Email,Electronics,441.0,1,0,0,0,0.0
U06216,S06216,2026-02-22,Mobile,Direct,Shoes,4492.0,1,0,0,0,0.0
U03205,S03205,2026-02-22,Tablet,Google,Home,2511.0,1,1,0,0,0.0
U11428,S11428,2026-02-22,Mobile,Google,Shoes,3992.0,1,0,0,0,0.0
U02357,S02357,2026-02-22,Mobile,Google,Beauty,2818.0,1,0,0,0,0.0
U11279,S11279,2026-02-22,Mobile,Direct,Clothing,1582.0,1,0,0,0,0.0
U02452,S02452,2026-02-22,Desktop,Facebook,Home,2936.0,1,0,0,0,0.0
U03243,S03243,2026-02-22,Desktop,Google,Shoes,3121.0,1,1,1,1,3121.0
U02781,S02781,2026-02-22,Mobile,Email,Clothing,1698.0,1,1,0,0,0.0
U11680,S11680,2026-02-22,Mobile,Google,Clothing,1493.0,1,0,0,0,0.0
U07253,S07253,2026-02-22,Desktop,Email,Clothing,2645.0,1,1,1,1,2645.0
U06695,S06695,2026-02-22,Mobile,Instagram,Clothing,6183.0,1,1,1,1,6183.0
U03522,S03522,2026-02-22,Desktop,Email,Clothing,5228.0,1,0,0,0,0.0
U03265,S03265,2026-02-22,Mobile,Google,Shoes,6774.0,1,0,0,0,0.0
U06866,S06866,2026-02-22,Mobile,Google,Clothing,8382.0,1,0,0,0,0.0
U02216,S02216,2026-02-22,Mobile,Instagram,Electronics,1737.0,1,1,0,0,0.0
U11060,S11060,2026-02-22,Mobile,Direct,Electronics,10994.0,1,0,0,0,0.0
U06220,S06220,2026-02-22,Mobile,Google,Clothing,4766.0,1,1,0,0,0.0
U04377,S04377,2026-02-22,Desktop,Google,Beauty,1930.0,1,0,0,0,0.0
U11203,S11203,2026-02-22,Desktop,Google,Home,1721.0,1,1,1,0,0.0
U06617,S06617,2026-02-22,Mobile,Google,Home,1794.0,1,0,0,0,0.0
U00001,S00001,2026-02-22,Desktop,Instagram,Beauty,3768.0,1,0,0,0,0.0
U00639,S00639,2026-02-22,Desktop,Instagram,Home,8669.0,1,0,0,0,0.0
U04611,S04611,2026-02-22,Desktop,Instagram,Electronics,3649.0,1,1,1,1,3649.0
U04850,S04850,2026-02-22,Desktop,Instagram,Clothing,1309.0,1,1,0,0,0.0
U08929,S08929,2026-02-22,Mobile,Instagram,Shoes,1776.0,1,1,1,1,1776.0
U01306,S01306,2026-02-22,Tablet,Google,Beauty,6964.0,1,0,0,0,0.0
U03859,S03859,2026-02-22,Desktop,Direct,Electronics,388.0,1,0,0,0,0.0
U10004,S10004,2026-02-22,Mobile,Google,Shoes,5368.0,1,0,0,0,0.0
U09960,S09960,2026-02-22,Mobile,Direct,Shoes,3159.0,1,1,1,1,3159.0
U09948,S09948,2026-02-22,Mobile,Email,Electronics,2176.0,1,0,0,0,0.0
U09037,S09037,2026-02-22,Desktop,Email,Home,7776.0,1,1,1,0,0.0
U01863,S01863,2026-02-22,Tablet,Instagram,Shoes,821.0,1,0,0,0,0.0
U09110,S09110,2026-02-22,Mobile,Google,Electronics,2044.0,1,0,0,0,0.0
U01187,S01187,2026-02-22,Mobile,Google,Electronics,6714.0,1,0,0,0,0.0
U00962,S00962,2026-02-22,Mobile,Email,Clothing,3750.0,1,1,1,0,0.0
U03936,S03936,2026-02-22,Mobile,Google,Clothing,3645.0,1,0,0,0,0.0
U09748,S09748,2026-02-22,Desktop,Direct,Clothing,1941.0,1,0,0,0,0.0
U09294,S09294,2026-02-22,Mobile,Google,Clothing,1312.0,1,0,0,0,0.0
U09384,S09384,2026-02-22,Tablet,Google,Electronics,1990.0,1,1,1,0,0.0
U00997,S00997,2026-02-22,Desktop,Facebook,Clothing,1899.0,1,0,0,0,0.0
U01109,S01109,2026-02-22,Tablet,Direct,Clothing,9371.0,1,0,0,0,0.0
U01055,S01055,2026-02-22,Mobile,Google,Electronics,15507.0,1,1,0,0,0.0
U09120,S09120,2026-02-22,Desktop,Direct,Beauty,2503.0,1,1,1,1,2503.0
U08763,S08763,2026-02-22,Mobile,Google,Clothing,12243.0,1,1,1,1,12243.0
U08793,S08793,2026-02-22,Mobile,Facebook,Clothing,9149.0,1,1,1,0,0.0
U08746,S08746,2026-02-22,Mobile,Facebook,Clothing,26982.0,1,0,0,0,0.0
U07927,S07927,2026-02-22,Mobile,Email,Shoes,20056.0,1,0,0,0,0.0
U10510,S10510,2026-02-22,Desktop,Direct,Electronics,4085.0,1,1,0,0,0.0
U00700,S00700,2026-02-22,Mobile,Instagram,Beauty,5153.0,1,0,0,0,0.0
U10295,S10295,2026-02-22,Mobile,Google,Home,789.0,1,0,0,0,0.0
U03801,S03801,2026-02-22,Mobile,Direct,Clothing,9850.0,1,0,0,0,0.0
U01656,S01656,2026-02-22,Mobile,Google,Beauty,928.0,1,1,0,0,0.0
U01582,S01582,2026-02-22,Mobile,Google,Electronics,2340.0,1,1,0,0,0.0
U11803,S11803,2026-02-22,Desktop,Email,Home,3371.0,1,1,1,1,3371.0
U04930,S04930,2026-02-22,Mobile,Google,Electronics,7169.0,1,1,1,1,7169.0
U05588,S05588,2026-02-22,Mobile,Google,Clothing,3348.0,1,1,1,1,3348.0
U03622,S03622,2026-02-22,Mobile,Instagram,Shoes,1693.0,1,1,1,1,1693.0
U08381,S08381,2026-02-22,Mobile,Email,Clothing,1520.0,1,1,1,0,0.0
U03015,S03015,2026-02-22,Mobile,Instagram,Beauty,3805.0,1,0,0,0,0.0
U04660,S04660,2026-02-22,Mobile,Instagram,Beauty,1803.0,1,0,0,0,0.0
U08522,S08522,2026-02-22,Mobile,Google,Home,300.0,1,0,0,0,0.0
U10244,S10244,2026-02-22,Mobile,Google,Beauty,2020.0,1,0,0,0,0.0
U08569,S08569,2026-02-22,Desktop,Email,Electronics,1095.0,1,1,0,0,0.0
U11632,S11632,2026-02-23,Mobile,Direct,Home,2971.0,1,0,0,0,0.0
U11856,S11856,2026-02-23,Mobile,Instagram,Electronics,2906.0,1,0,0,0,0.0
U11965,S11965,2026-02-23,Mobile,Email,Electronics,3131.0,1,0,0,0,0.0
U04635,S04635,2026-02-23,Desktop,Email,Beauty,4628.0,1,1,1,1,4628.0
U04975,S04975,2026-02-23,Mobile,Facebook,Clothing,3274.0,1,0,0,0,0.0
U05534,S05534,2026-02-23,Mobile,Google,Electronics,1124.0,1,0,0,0,0.0
U11710,S11710,2026-02-23,Desktop,Direct,Clothing,319.0,1,1,1,1,319.0
U05508,S05508,2026-02-23,Mobile,Google,Clothing,300.0,1,1,1,1,300.0
U05067,S05067,2026-02-23,Desktop,Google,Clothing,5332.0,1,1,0,0,0.0
U11926,S11926,2026-02-23,Mobile,Email,Clothing,1820.0,1,0,0,0,0.0
U09503,S09503,2026-02-23,Desktop,Direct,Shoes,1044.0,1,1,0,0,0.0
U11320,S11320,2026-02-23,Mobile,Google,Clothing,1827.0,1,0,0,0,0.0
U09516,S09516,2026-02-23,Tablet,Instagram,Clothing,959.0,1,1,1,0,0.0
U09571,S09571,2026-02-23,Mobile,Email,Home,4183.0,1,1,0,0,0.0
U09338,S09338,2026-02-23,Mobile,Instagram,Home,1172.0,1,0,0,0,0.0
U09805,S09805,2026-02-23,Mobile,Google,Electronics,3574.0,1,1,0,0,0.0
U09880,S09880,2026-02-23,Mobile,Direct,Shoes,2813.0,1,1,1,1,2813.0
U09885,S09885,2026-02-23,Mobile,Instagram,Shoes,313.0,1,0,0,0,0.0
U09001,S09001,2026-02-23,Desktop,Instagram,Electronics,1778.0,1,1,0,0,0.0
U10141,S10141,2026-02-23,Mobile,Instagram,Clothing,4908.0,1,0,0,0,0.0
U08906,S08906,2026-02-23,Mobile,Google,Shoes,1696.0,1,0,0,0,0.0
U08761,S08761,2026-02-23,Mobile,Google,Electronics,1150.0,1,0,0,0,0.0
U08635,S08635,2026-02-23,Mobile,Google,Electronics,1668.0,1,0,0,0,0.0
U10190,S10190,2026-02-23,Mobile,Direct,Shoes,1117.0,1,1,1,0,0.0
U05752,S05752,2026-02-23,Mobile,Instagram,Electronics,5762.0,1,0,0,0,0.0
U04085,S04085,2026-02-23,Mobile,Direct,Home,5737.0,1,0,0,0,0.0
U10395,S10395,2026-02-23,Desktop,Direct,Home,1074.0,1,0,0,0,0.0
U08025,S08025,2026-02-23,Mobile,Direct,Clothing,3391.0,1,0,0,0,0.0
U08007,S08007,2026-02-23,Mobile,Email,Home,688.0,1,0,0,0,0.0
U07464,S07464,2026-02-23,Desktop,Google,Electronics,24127.0,1,1,1,1,24127.0
U04216,S04216,2026-02-23,Mobile,Direct,Clothing,1264.0,1,0,0,0,0.0
U03745,S03745,2026-02-23,Mobile,Google,Home,2651.0,1,0,0,0,0.0
U03736,S03736,2026-02-23,Tablet,Direct,Beauty,3501.0,1,0,0,0,0.0
U10944,S10944,2026-02-23,Mobile,Email,Beauty,19894.0,1,0,0,0,0.0
U07137,S07137,2026-02-23,Mobile,Direct,Electronics,908.0,1,0,0,0,0.0
U07019,S07019,2026-02-23,Mobile,Google,Shoes,6643.0,1,0,0,0,0.0
U11242,S11242,2026-02-23,Mobile,Instagram,Clothing,1071.0,1,1,1,1,1071.0
U06577,S06577,2026-02-23,Mobile,Email,Shoes,547.0,1,0,0,0,0.0
U08355,S08355,2026-02-23,Mobile,Google,Electronics,2393.0,1,1,1,1,2393.0
U04235,S04235,2026-02-23,Mobile,Facebook,Home,1668.0,1,0,0,0,0.0
U06000,S06000,2026-02-23,Desktop,Google,Electronics,5569.0,1,0,0,0,0.0
U01026,S01026,2026-02-23,Mobile,Google,Shoes,2577.0,1,0,0,0,0.0
U02787,S02787,2026-02-23,Desktop,Direct,Electronics,2067.0,1,0,0,0,0.0
U02753,S02753,2026-02-23,Desktop,Instagram,Shoes,2001.0,1,0,0,0,0.0
U00755,S00755,2026-02-23,Desktop,Facebook,Electronics,5511.0,1,1,0,0,0.0
U01849,S01849,2026-02-23,Mobile,Direct,Home,1193.0,1,0,0,0,0.0
U00849,S00849,2026-02-23,Mobile,Google,Home,2833.0,1,0,0,0,0.0
U02613,S02613,2026-02-23,Mobile,Instagram,Electronics,810.0,1,0,0,0,0.0
U01903,S01903,2026-02-23,Desktop,Email,Beauty,5704.0,1,1,1,1,5704.0
U02793,S02793,2026-02-23,Desktop,Facebook,Shoes,1547.0,1,1,0,0,0.0
U02476,S02476,2026-02-23,Mobile,Direct,Shoes,3230.0,1,0,0,0,0.0
U01996,S01996,2026-02-23,Desktop,Google,Electronics,2626.0,1,0,0,0,0.0
U01107,S01107,2026-02-23,Mobile,Direct,Home,1301.0,1,0,0,0,0.0
U02252,S02252,2026-02-23,Desktop,Google,Electronics,1619.0,1,0,0,0,0.0
U02013,S02013,2026-02-23,Mobile,Direct,Home,1753.0,1,0,0,0,0.0
U02191,S02191,2026-02-23,Mobile,Google,Clothing,1271.0,1,0,0,0,0.0
U00769,S00769,2026-02-23,Mobile,Email,Shoes,555.0,1,1,1,1,555.0
U00760,S00760,2026-02-23,Mobile,Instagram,Beauty,16860.0,1,1,1,0,0.0
U02451,S02451,2026-02-23,Desktop,Direct,Shoes,2688.0,1,0,0,0,0.0
U02805,S02805,2026-02-23,Mobile,Email,Clothing,2239.0,1,0,0,0,0.0
U02120,S02120,2026-02-23,Mobile,Google,Shoes,456.0,1,0,0,0,0.0
U00389,S00389,2026-02-23,Mobile,Direct,Electronics,2891.0,1,1,1,1,2891.0
U02831,S02831,2026-02-23,Mobile,Instagram,Shoes,1622.0,1,0,0,0,0.0
U03148,S03148,2026-02-23,Desktop,Facebook,Shoes,3596.0,1,0,0,0,0.0
U03496,S03496,2026-02-23,Desktop,Direct,Clothing,502.0,1,0,0,0,0.0
U03224,S03224,2026-02-23,Desktop,Instagram,Shoes,3932.0,1,0,0,0,0.0
U00309,S00309,2026-02-23,Mobile,Email,Home,3415.0,1,0,0,0,0.0
U02865,S02865,2026-02-23,Mobile,Google,Shoes,1333.0,1,0,0,0,0.0
U02851,S02851,2026-02-23,Mobile,Email,Clothing,2063.0,1,0,0,0,0.0
U00382,S00382,2026-02-23,Tablet,Instagram,Electronics,2971.0,1,0,0,0,0.0
U08517,S08517,2026-02-24,Tablet,Google,Home,2735.0,1,1,1,0,0.0
U01511,S01511,2026-02-24,Mobile,Instagram,Home,535.0,1,0,0,0,0.0
U03708,S03708,2026-02-24,Desktop,Facebook,Shoes,6642.0,1,1,1,1,6642.0
U07381,S07381,2026-02-24,Mobile,Google,Electronics,666.0,1,1,0,0,0.0
U01537,S01537,2026-02-24,Desktop,Direct,Shoes,13920.0,1,0,0,0,0.0
U08354,S08354,2026-02-24,Mobile,Google,Home,2354.0,1,0,0,0,0.0
U11861,S11861,2026-02-24,Tablet,Google,Clothing,3828.0,1,0,0,0,0.0
U09610,S09610,2026-02-24,Mobile,Instagram,Electronics,11908.0,1,0,0,0,0.0
U00804,S00804,2026-02-24,Mobile,Google,Clothing,2188.0,1,0,0,0,0.0
U07474,S07474,2026-02-24,Mobile,Google,Home,861.0,1,0,0,0,0.0
U07515,S07515,2026-02-24,Desktop,Google,Clothing,7388.0,1,1,1,0,0.0
U10118,S10118,2026-02-24,Mobile,Facebook,Electronics,614.0,1,0,0,0,0.0
U07529,S07529,2026-02-24,Mobile,Email,Electronics,1140.0,1,0,0,0,0.0
U07563,S07563,2026-02-24,Mobile,Google,Shoes,5626.0,1,1,1,0,0.0
U08108,S08108,2026-02-24,Desktop,Direct,Shoes,1423.0,1,0,0,0,0.0
U11871,S11871,2026-02-24,Mobile,Instagram,Home,7281.0,1,0,0,0,0.0
U07658,S07658,2026-02-24,Desktop,Google,Home,6090.0,1,0,0,0,0.0
U03781,S03781,2026-02-24,Mobile,Google,Electronics,3502.0,1,0,0,0,0.0
U03804,S03804,2026-02-24,Mobile,Facebook,Shoes,944.0,1,1,0,0,0.0
U11887,S11887,2026-02-24,Tablet,Email,Beauty,1932.0,1,0,0,0,0.0
U00869,S00869,2026-02-24,Mobile,Google,Clothing,7557.0,1,1,1,1,7557.0
U09743,S09743,2026-02-24,Mobile,Google,Clothing,3418.0,1,0,0,0,0.0
U00863,S00863,2026-02-24,Desktop,Google,Home,16447.0,1,0,0,0,0.0
U03943,S03943,2026-02-24,Mobile,Google,Electronics,3774.0,1,1,1,0,0.0
U10290,S10290,2026-02-24,Mobile,Direct,Home,1413.0,1,1,1,1,1413.0
U04324,S04324,2026-02-24,Mobile,Email,Beauty,3717.0,1,0,0,0,0.0
U03238,S03238,2026-02-24,Mobile,Email,Electronics,2514.0,1,0,0,0,0.0
U04458,S04458,2026-02-24,Mobile,Facebook,Clothing,1233.0,1,0,0,0,0.0
U03178,S03178,2026-02-24,Mobile,Google,Electronics,536.0,1,0,0,0,0.0
U04620,S04620,2026-02-24,Mobile,Direct,Electronics,1231.0,1,0,0,0,0.0
U04629,S04629,2026-02-24,Mobile,Google,Clothing,1431.0,1,0,0,0,0.0
U11442,S11442,2026-02-24,Mobile,Google,Electronics,4524.0,1,1,1,0,0.0
U04787,S04787,2026-02-24,Mobile,Instagram,Electronics,775.0,1,1,0,0,0.0
U04924,S04924,2026-02-24,Desktop,Direct,Electronics,2753.0,1,0,0,0,0.0
U11227,S11227,2026-02-24,Mobile,Google,Clothing,1988.0,1,0,0,0,0.0
U11056,S11056,2026-02-24,Desktop,Email,Clothing,589.0,1,1,0,0,0.0
U05568,S05568,2026-02-24,Mobile,Instagram,Home,5539.0,1,0,0,0,0.0
U02751,S02751,2026-02-24,Mobile,Google,Beauty,1627.0,1,0,0,0,0.0
U04106,S04106,2026-02-24,Mobile,Google,Electronics,4800.0,1,0,0,0,0.0
U07064,S07064,2026-02-24,Mobile,Facebook,Electronics,2680.0,1,1,1,1,2680.0
U05871,S05871,2026-02-24,Desktop,Facebook,Shoes,5087.0,1,1,0,0,0.0
U10866,S10866,2026-02-24,Mobile,Instagram,Electronics,3211.0,1,0,0,0,0.0
U10851,S10851,2026-02-24,Mobile,Instagram,Electronics,1256.0,1,0,0,0,0.0
U10830,S10830,2026-02-24,Mobile,Google,Electronics,5332.0,1,0,0,0,0.0
U10811,S10811,2026-02-24,Mobile,Facebook,Electronics,2804.0,1,1,0,0,0.0
U04050,S04050,2026-02-24,Desktop,Direct,Home,7289.0,1,0,0,0,0.0
U02494,S02494,2026-02-24,Tablet,Facebook,Beauty,10537.0,1,0,0,0,0.0
U06242,S06242,2026-02-24,Mobile,Google,Electronics,3620.0,1,0,0,0,0.0
U00097,S00097,2026-02-24,Mobile,Instagram,Home,2625.0,1,0,0,0,0.0
U11795,S11795,2026-02-24,Desktop,Instagram,Shoes,1184.0,1,0,0,0,0.0
U02345,S02345,2026-02-24,Desktop,Instagram,Shoes,4081.0,1,1,1,1,4081.0
U01475,S01475,2026-02-24,Mobile,Instagram,Home,1309.0,1,1,0,0,0.0
U02321,S02321,2026-02-24,Mobile,Email,Home,300.0,1,0,0,0,0.0
U06917,S06917,2026-02-24,Mobile,Instagram,Clothing,2389.0,1,0,0,0,0.0
U06989,S06989,2026-02-24,Mobile,Instagram,Shoes,2281.0,1,1,0,0,0.0
U02632,S02632,2026-02-24,Mobile,Google,Clothing,5422.0,1,0,0,0,0.0
U02340,S02340,2026-02-24,Mobile,Instagram,Shoes,861.0,1,1,1,1,861.0
U00173,S00173,2026-02-24,Mobile,Google,Shoes,11799.0,1,1,1,0,0.0
U01369,S01369,2026-02-24,Mobile,Direct,Clothing,2044.0,1,0,0,0,0.0
U09173,S09173,2026-02-24,Mobile,Google,Clothing,6052.0,1,1,1,0,0.0
U11950,S11950,2026-02-24,Mobile,Email,Shoes,2186.0,1,1,0,0,0.0
U09010,S09010,2026-02-24,Mobile,Direct,Shoes,6039.0,1,1,0,0,0.0
U01351,S01351,2026-02-24,Desktop,Direct,Electronics,2688.0,1,0,0,0,0.0
U09355,S09355,2026-02-24,Desktop,Google,Shoes,3618.0,1,1,1,1,3618.0
U01314,S01314,2026-02-24,Mobile,Direct,Electronics,504.0,1,0,0,0,0.0
U09056,S09056,2026-02-24,Tablet,Instagram,Electronics,802.0,1,0,0,0,0.0
U08987,S08987,2026-02-24,Mobile,Direct,Home,4419.0,1,0,0,0,0.0
U01231,S01231,2026-02-24,Mobile,Instagram,Home,780.0,1,1,1,1,780.0
U07252,S07252,2026-02-25,Mobile,Google,Clothing,3036.0,1,0,0,0,0.0
U00957,S00957,2026-02-25,Desktop,Google,Electronics,1567.0,1,0,0,0,0.0
U08864,S08864,2026-02-25,Mobile,Google,Clothing,3204.0,1,0,0,0,0.0
U11494,S11494,2026-02-25,Mobile,Facebook,Home,1626.0,1,0,0,0,0.0
U06300,S06300,2026-02-25,Tablet,Google,Electronics,12751.0,1,0,0,0,0.0
U11358,S11358,2026-02-25,Tablet,Email,Home,2354.0,1,0,0,0,0.0
U04869,S04869,2026-02-25,Mobile,Google,Electronics,999.0,1,0,0,0,0.0
U06622,S06622,2026-02-25,Mobile,Direct,Clothing,3135.0,1,0,0,0,0.0
U01907,S01907,2026-02-25,Mobile,Instagram,Electronics,1133.0,1,0,0,0,0.0
U01752,S01752,2026-02-25,Mobile,Instagram,Clothing,584.0,1,0,0,0,0.0
U07046,S07046,2026-02-25,Tablet,Direct,Electronics,1051.0,1,0,0,0,0.0
U03213,S03213,2026-02-25,Desktop,Email,Clothing,1027.0,1,1,0,0,0.0
U05738,S05738,2026-02-25,Desktop,Direct,Electronics,2692.0,1,1,1,1,2692.0
U07057,S07057,2026-02-25,Desktop,Email,Electronics,3057.0,1,0,0,0,0.0
U03627,S03627,2026-02-25,Desktop,Instagram,Electronics,3240.0,1,1,0,0,0.0
U04545,S04545,2026-02-25,Mobile,Facebook,Shoes,1696.0,1,0,0,0,0.0
U09315,S09315,2026-02-25,Mobile,Direct,Home,11090.0,1,1,1,0,0.0
U02515,S02515,2026-02-25,Mobile,Email,Home,743.0,1,0,0,0,0.0
U00285,S00285,2026-02-25,Mobile,Email,Electronics,679.0,1,0,0,0,0.0
U04631,S04631,2026-02-25,Mobile,Google,Electronics,569.0,1,1,1,0,0.0
U11391,S11391,2026-02-25,Mobile,Instagram,Electronics,2316.0,1,0,0,0,0.0
U06961,S06961,2026-02-25,Mobile,Google,Electronics,415.0,1,0,0,0,0.0
U11376,S11376,2026-02-25,Mobile,Instagram,Shoes,892.0,1,1,0,0,0.0
U01838,S01838,2026-02-25,Mobile,Instagram,Shoes,1379.0,1,0,0,0,0.0
U09857,S09857,2026-02-25,Desktop,Facebook,Clothing,3772.0,1,1,0,0,0.0
U01895,S01895,2026-02-25,Mobile,Google,Beauty,2723.0,1,1,1,1,2723.0
U03756,S03756,2026-02-25,Mobile,Google,Electronics,403.0,1,1,1,1,403.0
U09392,S09392,2026-02-25,Desktop,Direct,Shoes,1021.0,1,0,0,0,0.0
U03074,S03074,2026-02-25,Desktop,Email,Beauty,5951.0,1,0,0,0,0.0
U02761,S02761,2026-02-25,Desktop,Instagram,Shoes,5150.0,1,0,0,0,0.0
U04617,S04617,2026-02-25,Mobile,Email,Electronics,9872.0,1,1,1,1,9872.0
U00263,S00263,2026-02-25,Mobile,Instagram,Shoes,15067.0,1,0,0,0,0.0
U09810,S09810,2026-02-25,Desktop,Instagram,Electronics,1478.0,1,1,0,0,0.0
U00726,S00726,2026-02-25,Mobile,Google,Clothing,692.0,1,1,1,1,692.0
U01377,S01377,2026-02-25,Desktop,Google,Clothing,918.0,1,0,0,0,0.0
U08979,S08979,2026-02-25,Desktop,Instagram,Electronics,473.0,1,0,0,0,0.0
U05497,S05497,2026-02-25,Tablet,Facebook,Electronics,490.0,1,1,1,1,490.0
U05526,S05526,2026-02-25,Desktop,Instagram,Shoes,528.0,1,1,1,1,528.0
U06109,S06109,2026-02-25,Mobile,Email,Beauty,3218.0,1,0,0,0,0.0
U03263,S03263,2026-02-25,Mobile,Instagram,Shoes,3345.0,1,0,0,0,0.0
U05794,S05794,2026-02-25,Mobile,Google,Beauty,452.0,1,0,0,0,0.0
U05086,S05086,2026-02-25,Mobile,Instagram,Home,749.0,1,0,0,0,0.0
U08637,S08637,2026-02-25,Mobile,Google,Home,2320.0,1,0,0,0,0.0
U04003,S04003,2026-02-25,Desktop,Google,Beauty,1137.0,1,0,0,0,0.0
U06500,S06500,2026-02-25,Mobile,Email,Clothing,1304.0,1,0,0,0,0.0
U00317,S00317,2026-02-25,Mobile,Direct,Beauty,3594.0,1,0,0,0,0.0
U05042,S05042,2026-02-25,Mobile,Direct,Beauty,1794.0,1,0,0,0,0.0
U08531,S08531,2026-02-25,Desktop,Email,Shoes,2599.0,1,1,1,1,2599.0
U04421,S04421,2026-02-25,Mobile,Facebook,Home,1437.0,1,0,0,0,0.0
U08759,S08759,2026-02-25,Mobile,Google,Shoes,2981.0,1,0,0,0,0.0
U11771,S11771,2026-02-25,Mobile,Google,Shoes,1637.0,1,0,0,0,0.0
U09633,S09633,2026-02-25,Mobile,Direct,Shoes,2834.0,1,1,0,0,0.0
U02135,S02135,2026-02-25,Mobile,Direct,Clothing,5000.0,1,0,0,0,0.0
U11257,S11257,2026-02-25,Mobile,Instagram,Shoes,9725.0,1,0,0,0,0.0
U03997,S03997,2026-02-25,Mobile,Facebook,Electronics,6962.0,1,1,1,0,0.0
U04461,S04461,2026-02-25,Mobile,Google,Shoes,1193.0,1,0,0,0,0.0
U00808,S00808,2026-02-25,Mobile,Facebook,Electronics,3058.0,1,1,1,1,3058.0
U09666,S09666,2026-02-25,Desktop,Google,Beauty,5242.0,1,1,1,1,5242.0
U04917,S04917,2026-02-25,Desktop,Google,Electronics,3867.0,1,0,0,0,0.0
U10227,S10227,2026-02-25,Desktop,Google,Beauty,1740.0,1,1,1,1,1740.0
U00762,S00762,2026-02-25,Mobile,Email,Home,1210.0,1,1,0,0,0.0
U06524,S06524,2026-02-25,Mobile,Google,Home,3175.0,1,0,0,0,0.0
U02786,S02786,2026-02-25,Desktop,Instagram,Beauty,300.0,1,0,0,0,0.0
U08610,S08610,2026-02-25,Mobile,Facebook,Clothing,1090.0,1,0,0,0,0.0
U08472,S08472,2026-02-25,Desktop,Facebook,Clothing,2486.0,1,0,0,0,0.0
U01256,S01256,2026-02-25,Desktop,Google,Electronics,5063.0,1,0,0,0,0.0
U01338,S01338,2026-02-26,Mobile,Direct,Home,1498.0,1,0,0,0,0.0
U06943,S06943,2026-02-26,Mobile,Google,Clothing,1987.0,1,1,1,1,1987.0
U09071,S09071,2026-02-26,Mobile,Facebook,Electronics,3456.0,1,0,0,0,0.0
U05366,S05366,2026-02-26,Tablet,Google,Electronics,9876.0,1,0,0,0,0.0
U00289,S00289,2026-02-26,Mobile,Facebook,Home,4024.0,1,1,1,0,0.0
U06904,S06904,2026-02-26,Mobile,Direct,Beauty,320.0,1,1,1,0,0.0
U04713,S04713,2026-02-26,Mobile,Instagram,Shoes,3214.0,1,0,0,0,0.0
U07301,S07301,2026-02-26,Mobile,Direct,Electronics,5197.0,1,0,0,0,0.0
U11162,S11162,2026-02-26,Desktop,Instagram,Home,954.0,1,0,0,0,0.0
U05993,S05993,2026-02-26,Tablet,Direct,Clothing,2255.0,1,1,1,1,2255.0
U07297,S07297,2026-02-26,Desktop,Google,Electronics,949.0,1,1,1,1,949.0
U00750,S00750,2026-02-26,Desktop,Instagram,Electronics,5991.0,1,1,1,1,5991.0
U02538,S02538,2026-02-26,Mobile,Facebook,Beauty,4158.0,1,0,0,0,0.0
U03923,S03923,2026-02-26,Mobile,Google,Beauty,2743.0,1,1,0,0,0.0
U11327,S11327,2026-02-26,Desktop,Facebook,Shoes,1340.0,1,0,0,0,0.0
U03475,S03475,2026-02-26,Mobile,Instagram,Clothing,1865.0,1,0,0,0,0.0
U11326,S11326,2026-02-26,Mobile,Instagram,Clothing,2188.0,1,1,1,0,0.0
U02136,S02136,2026-02-26,Mobile,Instagram,Clothing,2121.0,1,0,0,0,0.0
U08921,S08921,2026-02-26,Mobile,Email,Shoes,1711.0,1,0,0,0,0.0
U07608,S07608,2026-02-26,Mobile,Facebook,Electronics,12685.0,1,0,0,0,0.0
U03875,S03875,2026-02-26,Tablet,Facebook,Clothing,1592.0,1,1,1,1,1592.0
U07609,S07609,2026-02-26,Mobile,Google,Shoes,959.0,1,0,0,0,0.0
U00830,S00830,2026-02-26,Mobile,Google,Home,3760.0,1,0,0,0,0.0
U04222,S04222,2026-02-26,Mobile,Instagram,Clothing,614.0,1,1,1,1,614.0
U11029,S11029,2026-02-26,Mobile,Email,Clothing,2344.0,1,0,0,0,0.0
U02897,S02897,2026-02-26,Tablet,Google,Beauty,4813.0,1,1,1,1,4813.0
U07175,S07175,2026-02-26,Mobile,Facebook,Beauty,1957.0,1,1,0,0,0.0
U05254,S05254,2026-02-26,Desktop,Google,Home,3110.0,1,0,0,0,0.0
U01092,S01092,2026-02-26,Desktop,Direct,Electronics,505.0,1,0,0,0,0.0
U11199,S11199,2026-02-26,Mobile,Direct,Home,12455.0,1,1,0,0,0.0
U07909,S07909,2026-02-26,Mobile,Facebook,Clothing,812.0,1,0,0,0,0.0
U08722,S08722,2026-02-26,Mobile,Instagram,Clothing,3507.0,1,0,0,0,0.0
U01152,S01152,2026-02-26,Desktop,Direct,Electronics,462.0,1,0,0,0,0.0
U08798,S08798,2026-02-26,Mobile,Google,Shoes,1580.0,1,1,0,0,0.0
U04622,S04622,2026-02-26,Tablet,Instagram,Clothing,2012.0,1,1,1,1,2012.0
U00929,S00929,2026-02-26,Mobile,Google,Electronics,3070.0,1,1,0,0,0.0
U10572,S10572,2026-02-26,Mobile,Instagram,Clothing,12049.0,1,0,0,0,0.0
U00913,S00913,2026-02-26,Desktop,Google,Clothing,1409.0,1,0,0,0,0.0
U11546,S11546,2026-02-26,Desktop,Direct,Clothing,1262.0,1,1,1,0,0.0
U02393,S02393,2026-02-26,Mobile,Instagram,Home,1426.0,1,0,0,0,0.0
U08216,S08216,2026-02-26,Mobile,Instagram,Clothing,6047.0,1,0,0,0,0.0
U08031,S08031,2026-02-26,Mobile,Google,Electronics,3322.0,1,1,0,0,0.0
U10578,S10578,2026-02-26,Mobile,Direct,Clothing,2838.0,1,0,0,0,0.0
U03347,S03347,2026-02-26,Desktop,Instagram,Home,1706.0,1,0,0,0,0.0
U06558,S06558,2026-02-26,Mobile,Google,Shoes,3155.0,1,1,1,1,3155.0
U05750,S05750,2026-02-26,Tablet,Instagram,Home,2076.0,1,0,0,0,0.0
U02802,S02802,2026-02-26,Mobile,Direct,Clothing,8491.0,1,0,0,0,0.0
U08528,S08528,2026-02-26,Desktop,Google,Clothing,2687.0,1,1,0,0,0.0
U11052,S11052,2026-02-26,Mobile,Facebook,Electronics,1265.0,1,0,0,0,0.0
U11082,S11082,2026-02-26,Desktop,Instagram,Clothing,9473.0,1,0,0,0,0.0
U04517,S04517,2026-02-26,Mobile,Email,Home,482.0,1,0,0,0,0.0
U10385,S10385,2026-02-26,Desktop,Facebook,Shoes,2639.0,1,0,0,0,0.0
U08397,S08397,2026-02-26,Mobile,Google,Beauty,6365.0,1,0,0,0,0.0
U08685,S08685,2026-02-26,Mobile,Google,Electronics,851.0,1,0,0,0,0.0
U07999,S07999,2026-02-26,Mobile,Direct,Clothing,3496.0,1,0,0,0,0.0
U07982,S07982,2026-02-26,Desktop,Instagram,Beauty,5818.0,1,1,0,0,0.0
U00603,S00603,2026-02-26,Desktop,Facebook,Shoes,2274.0,1,0,0,0,0.0
U04682,S04682,2026-02-26,Mobile,Email,Shoes,2945.0,1,1,1,0,0.0
U05639,S05639,2026-02-27,Mobile,Facebook,Clothing,494.0,1,1,1,0,0.0
U00435,S00435,2026-02-27,Mobile,Direct,Electronics,2359.0,1,1,1,0,0.0
U09134,S09134,2026-02-27,Mobile,Email,Home,593.0,1,0,0,0,0.0
U05505,S05505,2026-02-27,Desktop,Instagram,Electronics,4362.0,1,1,0,0,0.0
U02563,S02563,2026-02-27,Desktop,Facebook,Clothing,12344.0,1,1,0,0,0.0
U11338,S11338,2026-02-27,Mobile,Google,Electronics,2581.0,1,0,0,0,0.0
U09441,S09441,2026-02-27,Mobile,Google,Shoes,4679.0,1,1,1,1,4679.0
U08373,S08373,2026-02-27,Mobile,Google,Clothing,7658.0,1,1,1,1,7658.0
U08783,S08783,2026-02-27,Tablet,Facebook,Beauty,450.0,1,1,0,0,0.0
U11314,S11314,2026-02-27,Mobile,Email,Clothing,13017.0,1,1,0,0,0.0
U07419,S07419,2026-02-27,Mobile,Instagram,Shoes,2064.0,1,1,1,1,2064.0
U02969,S02969,2026-02-27,Mobile,Direct,Electronics,3512.0,1,0,0,0,0.0
U06120,S06120,2026-02-27,Mobile,Direct,Home,1208.0,1,0,0,0,0.0
U02552,S02552,2026-02-27,Mobile,Google,Shoes,1039.0,1,0,0,0,0.0
U01440,S01440,2026-02-27,Tablet,Google,Shoes,2351.0,1,0,0,0,0.0
U07276,S07276,2026-02-27,Desktop,Google,Shoes,4166.0,1,0,0,0,0.0
U02947,S02947,2026-02-27,Mobile,Google,Clothing,928.0,1,0,0,0,0.0
U05762,S05762,2026-02-27,Desktop,Instagram,Electronics,1241.0,1,0,0,0,0.0
U11844,S11844,2026-02-27,Mobile,Facebook,Electronics,3570.0,1,0,0,0,0.0
U07294,S07294,2026-02-27,Mobile,Google,Clothing,2993.0,1,0,0,0,0.0
U03677,S03677,2026-02-27,Mobile,Direct,Home,1264.0,1,0,0,0,0.0
U01503,S01503,2026-02-27,Mobile,Email,Clothing,7785.0,1,1,1,1,7785.0
U07299,S07299,2026-02-27,Desktop,Instagram,Clothing,1274.0,1,0,0,0,0.0
U10606,S10606,2026-02-27,Mobile,Email,Electronics,2479.0,1,0,0,0,0.0
U00599,S00599,2026-02-27,Tablet,Email,Shoes,1599.0,1,0,0,0,0.0
U05108,S05108,2026-02-27,Mobile,Google,Clothing,1303.0,1,1,0,0,0.0
U11592,S11592,2026-02-27,Mobile,Email,Clothing,1254.0,1,1,1,1,1254.0
U03870,S03870,2026-02-27,Mobile,Facebook,Clothing,547.0,1,0,0,0,0.0
U04375,S04375,2026-02-27,Mobile,Email,Shoes,794.0,1,0,0,0,0.0
U03314,S03314,2026-02-27,Mobile,Direct,Home,1064.0,1,1,1,1,1064.0
U02011,S02011,2026-02-27,Mobile,Facebook,Beauty,3556.0,1,1,1,0,0.0
U05112,S05112,2026-02-27,Mobile,Direct,Clothing,1703.0,1,0,0,0,0.0
U11867,S11867,2026-02-27,Mobile,Direct,Shoes,4827.0,1,0,0,0,0.0
U05390,S05390,2026-02-27,Tablet,Facebook,Electronics,6432.0,1,0,0,0,0.0
U01935,S01935,2026-02-27,Desktop,Direct,Home,1111.0,1,1,0,0,0.0
U00085,S00085,2026-02-27,Mobile,Facebook,Clothing,9228.0,1,0,0,0,0.0
U01376,S01376,2026-02-27,Mobile,Facebook,Shoes,1250.0,1,0,0,0,0.0
U06879,S06879,2026-02-27,Desktop,Instagram,Clothing,715.0,1,0,0,0,0.0
U07735,S07735,2026-02-27,Desktop,Email,Electronics,2796.0,1,0,0,0,0.0
U08055,S08055,2026-02-27,Tablet,Direct,Electronics,13443.0,1,0,0,0,0.0
U03079,S03079,2026-02-27,Mobile,Email,Beauty,5514.0,1,1,0,0,0.0
U04820,S04820,2026-02-27,Mobile,Direct,Home,1390.0,1,1,0,0,0.0
U10001,S10001,2026-02-27,Desktop,Instagram,Shoes,3216.0,1,0,0,0,0.0
U09988,S09988,2026-02-27,Desktop,Google,Clothing,2685.0,1,0,0,0,0.0
U11804,S11804,2026-02-27,Desktop,Instagram,Electronics,3477.0,1,0,0,0,0.0
U05406,S05406,2026-02-27,Desktop,Email,Home,1879.0,1,0,0,0,0.0
U00174,S00174,2026-02-27,Tablet,Email,Electronics,2278.0,1,1,1,0,0.0
U01811,S01811,2026-02-27,Mobile,Google,Electronics,3476.0,1,0,0,0,0.0
U03764,S03764,2026-02-27,Mobile,Instagram,Beauty,22548.0,1,0,0,0,0.0
U00908,S00908,2026-02-27,Mobile,Direct,Shoes,2618.0,1,0,0,0,0.0
U00690,S00690,2026-02-27,Mobile,Email,Beauty,2639.0,1,0,0,0,0.0
U03298,S03298,2026-02-27,Mobile,Google,Electronics,3681.0,1,0,0,0,0.0
U03182,S03182,2026-02-27,Mobile,Direct,Shoes,7550.0,1,0,0,0,0.0
U10453,S10453,2026-02-27,Desktop,Google,Electronics,17240.0,1,0,0,0,0.0
U07726,S07726,2026-02-27,Mobile,Email,Shoes,1559.0,1,0,0,0,0.0
U09775,S09775,2026-02-27,Desktop,Instagram,Beauty,7892.0,1,1,1,1,7892.0
U01575,S01575,2026-02-27,Mobile,Email,Clothing,627.0,1,0,0,0,0.0
U03185,S03185,2026-02-27,Mobile,Facebook,Electronics,1661.0,1,0,0,0,0.0
U04878,S04878,2026-02-27,Desktop,Google,Clothing,4232.0,1,0,0,0,0.0
U04553,S04553,2026-02-27,Mobile,Direct,Beauty,4074.0,1,1,0,0,0.0
U05488,S05488,2026-02-27,Mobile,Google,Home,5531.0,1,0,0,0,0.0
U05920,S05920,2026-02-27,Mobile,Instagram,Clothing,300.0,1,0,0,0,0.0
U01881,S01881,2026-02-27,Mobile,Direct,Beauty,7999.0,1,0,0,0,0.0
U00239,S00239,2026-02-27,Mobile,Facebook,Beauty,14106.0,1,0,0,0,0.0
U01902,S01902,2026-02-27,Mobile,Direct,Electronics,417.0,1,0,0,0,0.0
U06632,S06632,2026-02-27,Mobile,Direct,Home,2360.0,1,0,0,0,0.0
U10891,S10891,2026-02-27,Mobile,Email,Electronics,1893.0,1,1,1,0,0.0
U05503,S05503,2026-02-28,Mobile,Google,Shoes,9263.0,1,0,0,0,0.0
U10613,S10613,2026-02-28,Desktop,Instagram,Beauty,3637.0,1,1,1,1,3637.0
U09346,S09346,2026-02-28,Mobile,Instagram,Clothing,1108.0,1,0,0,0,0.0
U00427,S00427,2026-02-28,Mobile,Email,Electronics,845.0,1,0,0,0,0.0
U03927,S03927,2026-02-28,Mobile,Direct,Electronics,6269.0,1,0,0,0,0.0
U10802,S10802,2026-02-28,Mobile,Direct,Electronics,1606.0,1,1,0,0,0.0
U00687,S00687,2026-02-28,Mobile,Direct,Beauty,4253.0,1,1,0,0,0.0
U11135,S11135,2026-02-28,Desktop,Instagram,Shoes,609.0,1,1,0,0,0.0
U01095,S01095,2026-02-28,Mobile,Instagram,Beauty,3778.0,1,0,0,0,0.0
U00759,S00759,2026-02-28,Mobile,Instagram,Clothing,638.0,1,1,1,0,0.0
U05321,S05321,2026-02-28,Mobile,Google,Home,2126.0,1,0,0,0,0.0
U00713,S00713,2026-02-28,Desktop,Email,Clothing,1987.0,1,0,0,0,0.0
U11087,S11087,2026-02-28,Desktop,Facebook,Shoes,2250.0,1,1,0,0,0.0
U04146,S04146,2026-02-28,Mobile,Google,Beauty,716.0,1,1,1,1,716.0
U05225,S05225,2026-02-28,Mobile,Direct,Shoes,984.0,1,1,0,0,0.0
U09059,S09059,2026-02-28,Mobile,Direct,Electronics,7807.0,1,1,1,1,7807.0
U05461,S05461,2026-02-28,Desktop,Direct,Home,6940.0,1,0,0,0,0.0
U02382,S02382,2026-02-28,Mobile,Instagram,Clothing,1563.0,1,1,1,0,0.0
U10553,S10553,2026-02-28,Tablet,Instagram,Shoes,3856.0,1,0,0,0,0.0
U07148,S07148,2026-02-28,Desktop,Direct,Electronics,28586.0,1,0,0,0,0.0
U03601,S03601,2026-02-28,Mobile,Google,Electronics,734.0,1,0,0,0,0.0
U01333,S01333,2026-02-28,Mobile,Instagram,Home,3062.0,1,0,0,0,0.0
U02771,S02771,2026-02-28,Mobile,Google,Shoes,4187.0,1,1,1,1,4187.0
U06240,S06240,2026-02-28,Mobile,Google,Clothing,622.0,1,0,0,0,0.0
U07490,S07490,2026-02-28,Mobile,Facebook,Home,983.0,1,0,0,0,0.0
U08020,S08020,2026-02-28,Desktop,Email,Home,1130.0,1,1,1,1,1130.0
U09484,S09484,2026-02-28,Desktop,Google,Home,1153.0,1,0,0,0,0.0
U07779,S07779,2026-02-28,Mobile,Google,Beauty,5322.0,1,0,0,0,0.0
U04804,S04804,2026-02-28,Mobile,Direct,Home,7103.0,1,0,0,0,0.0
U03655,S03655,2026-02-28,Mobile,Google,Beauty,1935.0,1,0,0,0,0.0
U00891,S00891,2026-02-28,Mobile,Direct,Electronics,1296.0,1,0,0,0,0.0
U03131,S03131,2026-02-28,Mobile,Direct,Home,4079.0,1,0,0,0,0.0
U05170,S05170,2026-02-28,Mobile,Google,Home,7211.0,1,0,0,0,0.0
U08033,S08033,2026-02-28,Mobile,Direct,Clothing,6192.0,1,1,1,1,6192.0
U01184,S01184,2026-02-28,Mobile,Google,Clothing,2191.0,1,0,0,0,0.0
U03731,S03731,2026-02-28,Tablet,Instagram,Home,1253.0,1,0,0,0,0.0
U05723,S05723,2026-02-28,Mobile,Direct,Electronics,2438.0,1,0,0,0,0.0
U00245,S00245,2026-02-28,Mobile,Direct,Clothing,4363.0,1,1,1,1,4363.0
U08422,S08422,2026-02-28,Desktop,Instagram,Clothing,2501.0,1,0,0,0,0.0
U05761,S05761,2026-02-28,Mobile,Email,Electronics,842.0,1,0,0,0,0.0
U01403,S01403,2026-02-28,Tablet,Instagram,Clothing,2152.0,1,1,0,0,0.0
U10915,S10915,2026-02-28,Tablet,Direct,Electronics,1311.0,1,0,0,0,0.0
U11554,S11554,2026-02-28,Mobile,Instagram,Clothing,2878.0,1,0,0,0,0.0
U03699,S03699,2026-02-28,Mobile,Email,Home,709.0,1,0,0,0,0.0
U03690,S03690,2026-02-28,Mobile,Facebook,Clothing,5355.0,1,0,0,0,0.0
U01479,S01479,2026-02-28,Mobile,Direct,Electronics,2032.0,1,0,0,0,0.0
U08653,S08653,2026-02-28,Tablet,Facebook,Clothing,1073.0,1,1,1,1,1073.0
U11878,S11878,2026-02-28,Mobile,Direct,Clothing,1572.0,1,0,0,0,0.0
U04863,S04863,2026-02-28,Mobile,Google,Clothing,1386.0,1,0,0,0,0.0
U06385,S06385,2026-02-28,Mobile,Email,Home,2398.0,1,0,0,0,0.0
U01353,S01353,2026-02-28,Mobile,Direct,Beauty,3640.0,1,1,1,1,3640.0
U07303,S07303,2026-02-28,Desktop,Direct,Clothing,2053.0,1,1,0,0,0.0
U07284,S07284,2026-02-28,Mobile,Google,Clothing,1338.0,1,0,0,0,0.0
U02941,S02941,2026-02-28,Tablet,Email,Electronics,7943.0,1,1,0,0,0.0
U07340,S07340,2026-02-28,Desktop,Direct,Shoes,989.0,1,0,0,0,0.0
U10192,S10192,2026-02-28,Mobile,Google,Beauty,2910.0,1,1,1,0,0.0
U02050,S02050,2026-02-28,Mobile,Google,Shoes,480.0,1,1,1,1,480.0
U02964,S02964,2026-02-28,Mobile,Facebook,Shoes,2619.0,1,1,1,1,2619.0
U02558,S02558,2026-02-28,Mobile,Direct,Beauty,3447.0,1,1,0,0,0.0
U00376,S00376,2026-03-01,Mobile,Google,Electronics,2114.0,1,1,1,0,0.0
U11489,S11489,2026-03-01,Mobile,Email,Electronics,1544.0,1,0,0,0,0.0
U10503,S10503,2026-03-01,Mobile,Google,Electronics,4892.0,1,0,0,0,0.0
U08420,S08420,2026-03-01,Mobile,Facebook,Home,2098.0,1,0,0,0,0.0
U09749,S09749,2026-03-01,Desktop,Email,Shoes,8334.0,1,1,0,0,0.0
U08201,S08201,2026-03-01,Mobile,Google,Beauty,9613.0,1,1,1,0,0.0
U08155,S08155,2026-03-01,Desktop,Direct,Beauty,11194.0,1,0,0,0,0.0
U10522,S10522,2026-03-01,Desktop,Facebook,Home,420.0,1,1,1,1,420.0
U05943,S05943,2026-03-01,Mobile,Google,Home,1236.0,1,0,0,0,0.0
U00243,S00243,2026-03-01,Mobile,Instagram,Clothing,4187.0,1,0,0,0,0.0
U02268,S02268,2026-03-01,Mobile,Direct,Shoes,723.0,1,1,1,1,723.0
U08317,S08317,2026-03-01,Desktop,Facebook,Clothing,358.0,1,0,0,0,0.0
U04135,S04135,2026-03-01,Mobile,Instagram,Home,2660.0,1,0,0,0,0.0
U05486,S05486,2026-03-01,Desktop,Google,Beauty,1688.0,1,1,0,0,0.0
U11495,S11495,2026-03-01,Desktop,Google,Electronics,3950.0,1,1,1,1,3950.0
U04892,S04892,2026-03-01,Mobile,Instagram,Shoes,2396.0,1,0,0,0,0.0
U00417,S00417,2026-03-01,Mobile,Facebook,Home,3874.0,1,1,0,0,0.0
U05791,S05791,2026-03-01,Desktop,Direct,Clothing,5024.0,1,1,1,1,5024.0
U11019,S11019,2026-03-01,Mobile,Email,Beauty,688.0,1,1,1,1,688.0
U08622,S08622,2026-03-01,Mobile,Email,Electronics,1945.0,1,0,0,0,0.0
U06383,S06383,2026-03-01,Desktop,Google,Home,1617.0,1,1,1,1,1617.0
U02664,S02664,2026-03-01,Mobile,Instagram,Shoes,2081.0,1,1,1,1,2081.0
U09592,S09592,2026-03-01,Mobile,Instagram,Beauty,9559.0,1,0,0,0,0.0
U00178,S00178,2026-03-01,Tablet,Facebook,Shoes,1308.0,1,0,0,0,0.0
U01432,S01432,2026-03-01,Mobile,Instagram,Clothing,5089.0,1,0,0,0,0.0
U07307,S07307,2026-03-01,Mobile,Google,Beauty,1423.0,1,1,1,0,0.0
U01423,S01423,2026-03-01,Mobile,Facebook,Shoes,4400.0,1,1,1,0,0.0
U02067,S02067,2026-03-01,Mobile,Facebook,Clothing,19710.0,1,0,0,0,0.0
U04295,S04295,2026-03-01,Desktop,Instagram,Shoes,1103.0,1,1,1,1,1103.0
U01486,S01486,2026-03-01,Mobile,Direct,Electronics,3219.0,1,1,0,0,0.0
U05516,S05516,2026-03-01,Tablet,Google,Home,2654.0,1,1,1,1,2654.0
U04428,S04428,2026-03-01,Mobile,Google,Home,1742.0,1,0,0,0,0.0
U06531,S06531,2026-03-01,Mobile,Facebook,Home,1765.0,1,0,0,0,0.0
U01535,S01535,2026-03-01,Mobile,Email,Clothing,1680.0,1,1,1,0,0.0
U08128,S08128,2026-03-01,Desktop,Email,Shoes,498.0,1,1,0,0,0.0
U06497,S06497,2026-03-01,Mobile,Google,Clothing,1437.0,1,0,0,0,0.0
U06540,S06540,2026-03-01,Desktop,Google,Home,1589.0,1,1,1,1,1589.0
U06281,S06281,2026-03-01,Desktop,Google,Beauty,2107.0,1,1,1,1,2107.0
U05960,S05960,2026-03-01,Mobile,Email,Home,9281.0,1,0,0,0,0.0
U05992,S05992,2026-03-01,Desktop,Google,Home,3570.0,1,1,1,0,0.0
U10275,S10275,2026-03-01,Mobile,Google,Clothing,942.0,1,0,0,0,0.0
U06261,S06261,2026-03-01,Desktop,Direct,Clothing,3677.0,1,1,1,1,3677.0
U03792,S03792,2026-03-01,Mobile,Facebook,Shoes,1815.0,1,0,0,0,0.0
U00786,S00786,2026-03-01,Mobile,Instagram,Beauty,2562.0,1,0,0,0,0.0
U02578,S02578,2026-03-01,Desktop,Google,Beauty,12595.0,1,1,0,0,0.0
U00316,S00316,2026-03-01,Mobile,Instagram,Home,6810.0,1,1,1,1,6810.0
U02186,S02186,2026-03-01,Mobile,Google,Electronics,1894.0,1,1,1,0,0.0
U07410,S07410,2026-03-01,Mobile,Direct,Clothing,5771.0,1,0,0,0,0.0
U00519,S00519,2026-03-01,Mobile,Google,Beauty,5159.0,1,0,0,0,0.0
U02564,S02564,2026-03-01,Mobile,Direct,Clothing,1779.0,1,1,1,0,0.0
U11970,S11970,2026-03-01,Mobile,Google,Home,1541.0,1,0,0,0,0.0
U05233,S05233,2026-03-01,Mobile,Direct,Beauty,1480.0,1,0,0,0,0.0
U07687,S07687,2026-03-01,Mobile,Instagram,Home,7415.0,1,1,1,1,7415.0
U04861,S04861,2026-03-01,Mobile,Direct,Clothing,1029.0,1,0,0,0,0.0
U07662,S07662,2026-03-01,Tablet,Facebook,Home,1296.0,1,0,0,0,0.0
U10133,S10133,2026-03-01,Mobile,Instagram,Clothing,2484.0,1,1,1,1,2484.0
U04041,S04041,2026-03-01,Mobile,Facebook,Electronics,749.0,1,1,0,0,0.0
U07612,S07612,2026-03-01,Desktop,Direct,Beauty,1550.0,1,0,0,0,0.0
U11353,S11353,2026-03-01,Mobile,Google,Shoes,1508.0,1,0,0,0,0.0
U09496,S09496,2026-03-01,Mobile,Google,Electronics,2181.0,1,1,1,1,2181.0
U03402,S03402,2026-03-01,Desktop,Instagram,Electronics,3373.0,1,0,0,0,0.0
U08093,S08093,2026-03-01,Mobile,Instagram,Home,5724.0,1,0,0,0,0.0
U03864,S03864,2026-03-01,Mobile,Facebook,Shoes,767.0,1,0,0,0,0.0
U06814,S06814,2026-03-01,Mobile,Google,Shoes,3479.0,1,0,0,0,0.0
U06818,S06818,2026-03-01,Mobile,Google,Clothing,2650.0,1,1,1,0,0.0
U01722,S01722,2026-03-01,Mobile,Google,Home,1231.0,1,0,0,0,0.0
U06828,S06828,2026-03-01,Desktop,Instagram,Home,1841.0,1,0,0,0,0.0
U04748,S04748,2026-03-01,Mobile,Facebook,Clothing,8321.0,1,0,0,0,0.0
U02709,S02709,2026-03-01,Mobile,Instagram,Home,4685.0,1,1,0,0,0.0
U09882,S09882,2026-03-01,Mobile,Instagram,Beauty,5321.0,1,0,0,0,0.0
U09465,S09465,2026-03-01,Tablet,Google,Electronics,870.0,1,1,1,1,870.0
U07953,S07953,2026-03-01,Desktop,Instagram,Electronics,608.0,1,1,0,0,0.0
U04247,S04247,2026-03-01,Desktop,Instagram,Beauty,4731.0,1,0,0,0,0.0
U11309,S11309,2026-03-01,Mobile,Facebook,Clothing,691.0,1,0,0,0,0.0
U09096,S09096,2026-03-01,Mobile,Google,Clothing,8364.0,1,1,0,0,0.0
U11402,S11402,2026-03-01,Mobile,Facebook,Clothing,2189.0,1,0,0,0,0.0
U02711,S02711,2026-03-01,Tablet,Google,Electronics,1609.0,1,0,0,0,0.0
U06042,S06042,2026-03-01,Mobile,Facebook,Shoes,2370.0,1,0,0,0,0.0
U07565,S07565,2026-03-01,Mobile,Google,Shoes,1419.0,1,1,1,1,1419.0
U10763,S10763,2026-03-02,Mobile,Direct,Electronics,3440.0,1,1,0,0,0.0
U09089,S09089,2026-03-02,Mobile,Facebook,Home,941.0,1,0,0,0,0.0
U02442,S02442,2026-03-02,Mobile,Email,Beauty,1901.0,1,0,0,0,0.0
U06321,S06321,2026-03-02,Mobile,Facebook,Shoes,314.0,1,1,0,0,0.0
U05635,S05635,2026-03-02,Mobile,Facebook,Clothing,1038.0,1,1,0,0,0.0
U02561,S02561,2026-03-02,Mobile,Instagram,Home,2673.0,1,0,0,0,0.0
U10985,S10985,2026-03-02,Desktop,Facebook,Home,2350.0,1,1,0,0,0.0
U06080,S06080,2026-03-02,Desktop,Facebook,Electronics,29103.0,1,0,0,0,0.0
U00072,S00072,2026-03-02,Mobile,Google,Clothing,1181.0,1,0,0,0,0.0
U00619,S00619,2026-03-02,Mobile,Google,Electronics,2276.0,1,0,0,0,0.0
U10627,S10627,2026-03-02,Mobile,Instagram,Home,8442.0,1,0,0,0,0.0
U02983,S02983,2026-03-02,Mobile,Facebook,Electronics,3114.0,1,0,0,0,0.0
U07373,S07373,2026-03-02,Mobile,Direct,Shoes,13095.0,1,1,1,0,0.0
U00320,S00320,2026-03-02,Tablet,Direct,Clothing,3199.0,1,1,0,0,0.0
U03052,S03052,2026-03-02,Mobile,Direct,Beauty,4816.0,1,0,0,0,0.0
U03805,S03805,2026-03-02,Mobile,Direct,Shoes,2466.0,1,0,0,0,0.0
U10014,S10014,2026-03-02,Mobile,Google,Electronics,1032.0,1,0,0,0,0.0
U07776,S07776,2026-03-02,Mobile,Google,Home,906.0,1,1,1,1,906.0
U04812,S04812,2026-03-02,Desktop,Facebook,Electronics,4705.0,1,1,0,0,0.0
U09304,S09304,2026-03-02,Mobile,Facebook,Home,3567.0,1,0,0,0,0.0
U01806,S01806,2026-03-02,Desktop,Google,Clothing,1575.0,1,1,1,0,0.0
U09955,S09955,2026-03-02,Desktop,Google,Electronics,777.0,1,0,0,0,0.0
U07244,S07244,2026-03-02,Desktop,Direct,Clothing,311.0,1,0,0,0,0.0
U09912,S09912,2026-03-02,Desktop,Email,Clothing,1446.0,1,0,0,0,0.0
U01180,S01180,2026-03-02,Mobile,Facebook,Clothing,9341.0,1,0,0,0,0.0
U11485,S11485,2026-03-02,Mobile,Instagram,Shoes,1892.0,1,1,1,0,0.0
U03512,S03512,2026-03-02,Desktop,Email,Shoes,418.0,1,1,1,1,418.0
U03660,S03660,2026-03-02,Mobile,Direct,Shoes,1422.0,1,0,0,0,0.0
U09523,S09523,2026-03-02,Mobile,Instagram,Electronics,2605.0,1,0,0,0,0.0
U08452,S08452,2026-03-02,Mobile,Instagram,Beauty,1973.0,1,0,0,0,0.0
U08487,S08487,2026-03-02,Tablet,Facebook,Beauty,1671.0,1,1,0,0,0.0
U01525,S01525,2026-03-02,Desktop,Google,Electronics,488.0,1,0,0,0,0.0
U01408,S01408,2026-03-02,Mobile,Email,Home,794.0,1,0,0,0,0.0
U03680,S03680,2026-03-02,Mobile,Direct,Electronics,14088.0,1,0,0,0,0.0
U01167,S01167,2026-03-02,Desktop,Google,Beauty,1538.0,1,0,0,0,0.0
U01032,S01032,2026-03-02,Desktop,Instagram,Electronics,1570.0,1,0,0,0,0.0
U09862,S09862,2026-03-02,Mobile,Direct,Clothing,6231.0,1,1,1,1,6231.0
U07218,S07218,2026-03-02,Desktop,Direct,Beauty,836.0,1,0,0,0,0.0
U04086,S04086,2026-03-02,Tablet,Instagram,Shoes,2420.0,1,1,1,0,0.0
U11210,S11210,2026-03-02,Mobile,Direct,Clothing,6052.0,1,0,0,0,0.0
U06464,S06464,2026-03-02,Mobile,Instagram,Clothing,1759.0,1,0,0,0,0.0
U06505,S06505,2026-03-02,Desktop,Direct,Clothing,2608.0,1,1,0,0,0.0
U04131,S04131,2026-03-02,Desktop,Google,Shoes,2330.0,1,1,0,0,0.0
U09032,S09032,2026-03-02,Desktop,Direct,Clothing,1165.0,1,1,1,1,1165.0
U06552,S06552,2026-03-02,Mobile,Instagram,Shoes,1403.0,1,0,0,0,0.0
U00019,S00019,2026-03-02,Desktop,Email,Clothing,4936.0,1,0,0,0,0.0
U03978,S03978,2026-03-02,Mobile,Direct,Beauty,1962.0,1,0,0,0,0.0
U03968,S03968,2026-03-02,Mobile,Google,Electronics,1466.0,1,0,0,0,0.0
U06759,S06759,2026-03-02,Mobile,Google,Shoes,5934.0,1,0,0,0,0.0
U05177,S05177,2026-03-02,Mobile,Email,Electronics,9852.0,1,1,0,0,0.0
U11159,S11159,2026-03-02,Mobile,Google,Shoes,1059.0,1,0,0,0,0.0
U07021,S07021,2026-03-02,Tablet,Direct,Shoes,7816.0,1,1,1,1,7816.0
U09182,S09182,2026-03-02,Mobile,Google,Electronics,2257.0,1,0,0,0,0.0
U00377,S00377,2026-03-02,Tablet,Google,Electronics,782.0,1,0,0,0,0.0
U10301,S10301,2026-03-02,Mobile,Direct,Electronics,882.0,1,0,0,0,0.0
U02141,S02141,2026-03-02,Desktop,Instagram,Electronics,1349.0,1,0,0,0,0.0
U05251,S05251,2026-03-03,Mobile,Email,Clothing,300.0,1,0,0,0,0.0
U09149,S09149,2026-03-03,Mobile,Email,Electronics,5912.0,1,0,0,0,0.0
U00140,S00140,2026-03-03,Mobile,Direct,Home,549.0,1,1,1,1,549.0
U11232,S11232,2026-03-03,Tablet,Direct,Home,3467.0,1,1,1,1,3467.0
U11198,S11198,2026-03-03,Mobile,Google,Beauty,431.0,1,1,1,1,431.0
U11252,S11252,2026-03-03,Desktop,Facebook,Shoes,2275.0,1,0,0,0,0.0
U05094,S05094,2026-03-03,Mobile,Google,Electronics,3083.0,1,0,0,0,0.0
U09258,S09258,2026-03-03,Desktop,Facebook,Electronics,4874.0,1,0,0,0,0.0
U05447,S05447,2026-03-03,Desktop,Instagram,Shoes,1051.0,1,1,1,0,0.0
U01127,S01127,2026-03-03,Mobile,Email,Electronics,1119.0,1,0,0,0,0.0
U11046,S11046,2026-03-03,Desktop,Facebook,Home,1139.0,1,1,1,1,1139.0
U04592,S04592,2026-03-03,Mobile,Direct,Shoes,4098.0,1,0,0,0,0.0
U02704,S02704,2026-03-03,Desktop,Google,Clothing,7103.0,1,0,0,0,0.0
U04995,S04995,2026-03-03,Mobile,Google,Electronics,597.0,1,0,0,0,0.0
U11116,S11116,2026-03-03,Mobile,Facebook,Home,8366.0,1,0,0,0,0.0
U11122,S11122,2026-03-03,Mobile,Instagram,Home,2171.0,1,0,0,0,0.0
U11193,S11193,2026-03-03,Desktop,Google,Clothing,1726.0,1,0,0,0,0.0
U05339,S05339,2026-03-03,Desktop,Email,Electronics,1037.0,1,0,0,0,0.0
U03086,S03086,2026-03-03,Mobile,Direct,Shoes,3024.0,1,1,0,0,0.0
U11715,S11715,2026-03-03,Desktop,Google,Electronics,4343.0,1,0,0,0,0.0
U05604,S05604,2026-03-03,Desktop,Google,Shoes,21937.0,1,0,0,0,0.0
U05155,S05155,2026-03-03,Mobile,Facebook,Shoes,2557.0,1,0,0,0,0.0
U10542,S10542,2026-03-03,Mobile,Direct,Shoes,1670.0,1,0,0,0,0.0
U07759,S07759,2026-03-03,Mobile,Direct,Beauty,4169.0,1,0,0,0,0.0
U09860,S09860,2026-03-03,Mobile,Facebook,Shoes,20748.0,1,1,1,1,20748.0
U07956,S07956,2026-03-03,Desktop,Facebook,Electronics,2083.0,1,0,0,0,0.0
U07954,S07954,2026-03-03,Mobile,Facebook,Electronics,1374.0,1,0,0,0,0.0
U09510,S09510,2026-03-03,Mobile,Direct,Beauty,11672.0,1,0,0,0,0.0
U09935,S09935,2026-03-03,Desktop,Google,Shoes,3716.0,1,0,0,0,0.0
U11972,S11972,2026-03-03,Mobile,Instagram,Home,3966.0,1,1,1,0,0.0
U09978,S09978,2026-03-03,Desktop,Google,Shoes,7874.0,1,1,0,0,0.0
U03579,S03579,2026-03-03,Desktop,Email,Shoes,4203.0,1,0,0,0,0.0
U10303,S10303,2026-03-03,Mobile,Google,Home,2955.0,1,0,0,0,0.0
U06829,S06829,2026-03-03,Mobile,Direct,Electronics,4421.0,1,0,0,0,0.0
U06869,S06869,2026-03-03,Desktop,Google,Electronics,871.0,1,0,0,0,0.0
U10037,S10037,2026-03-03,Desktop,Email,Shoes,3661.0,1,0,0,0,0.0
U06812,S06812,2026-03-03,Mobile,Direct,Shoes,12689.0,1,0,0,0,0.0
U01071,S01071,2026-03-03,Desktop,Direct,Clothing,1964.0,1,0,0,0,0.0
U07622,S07622,2026-03-03,Desktop,Direct,Electronics,2020.0,1,1,1,1,2020.0
U02366,S02366,2026-03-03,Desktop,Direct,Clothing,999.0,1,1,1,1,999.0
U09477,S09477,2026-03-03,Mobile,Direct,Clothing,1320.0,1,1,0,0,0.0
U01929,S01929,2026-03-03,Mobile,Direct,Electronics,7103.0,1,0,0,0,0.0
U01292,S01292,2026-03-03,Desktop,Instagram,Home,4681.0,1,0,0,0,0.0
U01941,S01941,2026-03-03,Mobile,Direct,Shoes,8801.0,1,0,0,0,0.0
U06811,S06811,2026-03-03,Mobile,Direct,Beauty,1465.0,1,0,0,0,0.0
U01965,S01965,2026-03-03,Desktop,Direct,Beauty,3539.0,1,0,0,0,0.0
U06523,S06523,2026-03-03,Mobile,Facebook,Shoes,2212.0,1,1,1,1,2212.0
U09819,S09819,2026-03-03,Mobile,Google,Clothing,1284.0,1,1,1,1,1284.0
U08124,S08124,2026-03-03,Mobile,Direct,Home,1231.0,1,0,0,0,0.0
U01274,S01274,2026-03-03,Mobile,Google,Clothing,1284.0,1,1,1,1,1284.0
U00030,S00030,2026-03-03,Desktop,Instagram,Clothing,2326.0,1,1,1,0,0.0
U10335,S10335,2026-03-03,Mobile,Email,Clothing,2391.0,1,1,1,0,0.0
U03893,S03893,2026-03-03,Mobile,Instagram,Shoes,1050.0,1,1,1,1,1050.0
U08427,S08427,2026-03-03,Desktop,Direct,Electronics,1594.0,1,0,0,0,0.0
U02040,S02040,2026-03-03,Desktop,Google,Home,2698.0,1,1,1,1,2698.0
U10350,S10350,2026-03-03,Desktop,Direct,Clothing,4703.0,1,0,0,0,0.0
U09606,S09606,2026-03-03,Tablet,Direct,Shoes,1552.0,1,0,0,0,0.0
U09734,S09734,2026-03-03,Mobile,Google,Clothing,2829.0,1,1,1,0,0.0
U08309,S08309,2026-03-03,Mobile,Facebook,Home,719.0,1,0,0,0,0.0
U03691,S03691,2026-03-03,Mobile,Google,Clothing,2931.0,1,0,0,0,0.0
U08280,S08280,2026-03-03,Mobile,Direct,Home,2902.0,1,1,1,1,2902.0
U08276,S08276,2026-03-03,Mobile,Google,Shoes,4641.0,1,1,1,0,0.0
U08239,S08239,2026-03-03,Desktop,Direct,Electronics,1060.0,1,0,0,0,0.0
U11916,S11916,2026-03-03,Desktop,Facebook,Clothing,2974.0,1,1,1,1,2974.0
U08187,S08187,2026-03-03,Mobile,Google,Shoes,4427.0,1,0,0,0,0.0
U07331,S07331,2026-03-03,Mobile,Direct,Clothing,3904.0,1,0,0,0,0.0
U08134,S08134,2026-03-03,Desktop,Google,Electronics,1281.0,1,0,0,0,0.0
U07152,S07152,2026-03-03,Desktop,Direct,Electronics,1212.0,1,0,0,0,0.0
U03918,S03918,2026-03-04,Mobile,Google,Electronics,9504.0,1,0,0,0,0.0
U07049,S07049,2026-03-04,Mobile,Instagram,Home,2332.0,1,0,0,0,0.0
U05804,S05804,2026-03-04,Mobile,Direct,Beauty,1182.0,1,0,0,0,0.0
U08930,S08930,2026-03-04,Mobile,Google,Clothing,1347.0,1,0,0,0,0.0
U10195,S10195,2026-03-04,Mobile,Google,Electronics,4270.0,1,0,0,0,0.0
U07323,S07323,2026-03-04,Mobile,Email,Clothing,2395.0,1,1,1,0,0.0
U05085,S05085,2026-03-04,Tablet,Facebook,Electronics,5176.0,1,1,1,0,0.0
U01217,S01217,2026-03-04,Mobile,Facebook,Shoes,4020.0,1,1,0,0,0.0
U10179,S10179,2026-03-04,Mobile,Google,Home,3585.0,1,0,0,0,0.0
U05779,S05779,2026-03-04,Desktop,Google,Clothing,3860.0,1,1,1,1,3860.0
U01977,S01977,2026-03-04,Mobile,Google,Home,1904.0,1,0,0,0,0.0
U08674,S08674,2026-03-04,Mobile,Google,Shoes,1158.0,1,1,1,1,1158.0
U09603,S09603,2026-03-04,Desktop,Direct,Shoes,1211.0,1,1,1,1,1211.0
U01483,S01483,2026-03-04,Mobile,Google,Electronics,1861.0,1,1,0,0,0.0
U11563,S11563,2026-03-04,Mobile,Instagram,Beauty,4100.0,1,0,0,0,0.0
U03229,S03229,2026-03-04,Desktop,Google,Electronics,489.0,1,0,0,0,0.0
U04460,S04460,2026-03-04,Desktop,Instagram,Clothing,682.0,1,1,1,1,682.0
U00032,S00032,2026-03-04,Tablet,Email,Clothing,5407.0,1,1,1,1,5407.0
U04474,S04474,2026-03-04,Mobile,Facebook,Electronics,906.0,1,1,1,1,906.0
U04502,S04502,2026-03-04,Mobile,Google,Beauty,1770.0,1,0,0,0,0.0
U11661,S11661,2026-03-04,Desktop,Facebook,Shoes,1824.0,1,0,0,0,0.0
U04575,S04575,2026-03-04,Desktop,Facebook,Clothing,2829.0,1,1,1,1,2829.0
U03588,S03588,2026-03-04,Mobile,Google,Clothing,7090.0,1,0,0,0,0.0
U08101,S08101,2026-03-04,Mobile,Google,Electronics,4872.0,1,0,0,0,0.0
U04630,S04630,2026-03-04,Mobile,Google,Shoes,4573.0,1,1,1,0,0.0
U11392,S11392,2026-03-04,Mobile,Google,Electronics,3231.0,1,1,1,1,3231.0
U04229,S04229,2026-03-04,Mobile,Google,Clothing,2051.0,1,1,0,0,0.0
U11685,S11685,2026-03-04,Desktop,Email,Shoes,4843.0,1,1,0,0,0.0
U10130,S10130,2026-03-04,Mobile,Direct,Shoes,398.0,1,1,1,1,398.0
U04941,S04941,2026-03-04,Desktop,Direct,Clothing,5123.0,1,0,0,0,0.0
U09439,S09439,2026-03-04,Mobile,Google,Shoes,3087.0,1,1,1,1,3087.0
U02164,S02164,2026-03-04,Mobile,Direct,Home,6318.0,1,0,0,0,0.0
U12000,S12000,2026-03-04,Mobile,Instagram,Shoes,9003.0,1,1,1,0,0.0
U06392,S06392,2026-03-04,Desktop,Google,Shoes,2757.0,1,1,0,0,0.0
U02508,S02508,2026-03-04,Tablet,Google,Clothing,3605.0,1,0,0,0,0.0
U09179,S09179,2026-03-04,Desktop,Google,Electronics,4100.0,1,0,0,0,0.0
U04112,S04112,2026-03-04,Desktop,Instagram,Clothing,14665.0,1,1,1,0,0.0
U09069,S09069,2026-03-04,Desktop,Google,Beauty,1977.0,1,1,0,0,0.0
U10444,S10444,2026-03-04,Mobile,Direct,Beauty,16292.0,1,0,0,0,0.0
U09133,S09133,2026-03-04,Mobile,Instagram,Electronics,3298.0,1,1,1,1,3298.0
U06236,S06236,2026-03-04,Mobile,Direct,Electronics,3647.0,1,0,0,0,0.0
U02287,S02287,2026-03-04,Desktop,Email,Clothing,2117.0,1,1,1,1,2117.0
U09040,S09040,2026-03-04,Mobile,Instagram,Clothing,2107.0,1,0,0,0,0.0
U06301,S06301,2026-03-04,Mobile,Direct,Home,2185.0,1,0,0,0,0.0
U01293,S01293,2026-03-04,Mobile,Email,Clothing,5496.0,1,0,0,0,0.0
U06592,S06592,2026-03-04,Desktop,Google,Clothing,3451.0,1,1,1,1,3451.0
U03987,S03987,2026-03-04,Mobile,Direct,Shoes,1753.0,1,1,1,0,0.0
U04126,S04126,2026-03-04,Mobile,Direct,Beauty,13969.0,1,1,0,0,0.0
U03394,S03394,2026-03-04,Mobile,Email,Home,8283.0,1,0,0,0,0.0
U04043,S04043,2026-03-04,Mobile,Google,Shoes,5195.0,1,1,1,0,0.0
U11156,S11156,2026-03-04,Mobile,Direct,Beauty,1563.0,1,0,0,0,0.0
U02256,S02256,2026-03-04,Mobile,Facebook,Clothing,2312.0,1,0,0,0,0.0
U05969,S05969,2026-03-04,Desktop,Google,Electronics,2795.0,1,1,0,0,0.0
U11763,S11763,2026-03-04,Mobile,Email,Clothing,1642.0,1,0,0,0,0.0
U05956,S05956,2026-03-04,Desktop,Google,Shoes,2313.0,1,0,0,0,0.0
U10895,S10895,2026-03-04,Desktop,Instagram,Electronics,1373.0,1,1,1,1,1373.0
U05990,S05990,2026-03-04,Mobile,Direct,Beauty,2303.0,1,0,0,0,0.0
U06973,S06973,2026-03-04,Mobile,Google,Home,950.0,1,0,0,0,0.0
U10961,S10961,2026-03-04,Mobile,Instagram,Clothing,7634.0,1,1,1,0,0.0
U06034,S06034,2026-03-04,Mobile,Facebook,Shoes,2645.0,1,0,0,0,0.0
U11008,S11008,2026-03-04,Desktop,Instagram,Electronics,1158.0,1,1,0,0,0.0
U10909,S10909,2026-03-04,Desktop,Google,Clothing,1288.0,1,0,0,0,0.0
U09945,S09945,2026-03-05,Mobile,Google,Shoes,2651.0,1,1,0,0,0.0
U01061,S01061,2026-03-05,Tablet,Google,Home,2832.0,1,0,0,0,0.0
U01804,S01804,2026-03-05,Desktop,Email,Home,2263.0,1,0,0,0,0.0
U09144,S09144,2026-03-05,Desktop,Instagram,Shoes,415.0,1,0,0,0,0.0
U00601,S00601,2026-03-05,Mobile,Direct,Clothing,3788.0,1,0,0,0,0.0
U04379,S04379,2026-03-05,Desktop,Google,Clothing,1296.0,1,0,0,0,0.0
U01843,S01843,2026-03-05,Mobile,Direct,Beauty,3913.0,1,0,0,0,0.0
U01378,S01378,2026-03-05,Desktop,Direct,Home,2897.0,1,1,0,0,0.0
U06454,S06454,2026-03-05,Mobile,Direct,Shoes,1098.0,1,1,1,0,0.0
U09367,S09367,2026-03-05,Desktop,Instagram,Shoes,7635.0,1,0,0,0,0.0
U10941,S10941,2026-03-05,Desktop,Google,Shoes,768.0,1,1,1,1,768.0
U00456,S00456,2026-03-05,Mobile,Direct,Home,763.0,1,1,0,0,0.0
U03488,S03488,2026-03-05,Desktop,Email,Shoes,825.0,1,1,0,0,0.0
U10770,S10770,2026-03-05,Desktop,Direct,Beauty,6528.0,1,1,1,1,6528.0
U00903,S00903,2026-03-05,Mobile,Direct,Electronics,414.0,1,0,0,0,0.0
U04669,S04669,2026-03-05,Desktop,Instagram,Clothing,1328.0,1,0,0,0,0.0
U06065,S06065,2026-03-05,Mobile,Direct,Beauty,7604.0,1,1,1,1,7604.0
U03701,S03701,2026-03-05,Desktop,Facebook,Home,1305.0,1,1,1,1,1305.0
U02462,S02462,2026-03-05,Desktop,Email,Shoes,3447.0,1,1,1,1,3447.0
U11549,S11549,2026-03-05,Mobile,Email,Shoes,539.0,1,0,0,0,0.0
U08106,S08106,2026-03-05,Mobile,Email,Shoes,3708.0,1,1,1,1,3708.0
U02484,S02484,2026-03-05,Mobile,Google,Clothing,2586.0,1,0,0,0,0.0
U01852,S01852,2026-03-05,Desktop,Instagram,Clothing,4985.0,1,0,0,0,0.0
U08140,S08140,2026-03-05,Mobile,Instagram,Clothing,3260.0,1,0,0,0,0.0
U09794,S09794,2026-03-05,Mobile,Facebook,Electronics,7080.0,1,0,0,0,0.0
U01272,S01272,2026-03-05,Mobile,Email,Clothing,2337.0,1,0,0,0,0.0
U06154,S06154,2026-03-05,Mobile,Instagram,Beauty,3899.0,1,1,1,1,3899.0
U01241,S01241,2026-03-05,Desktop,Google,Home,3248.0,1,0,0,0,0.0
U09228,S09228,2026-03-05,Desktop,Google,Home,620.0,1,0,0,0,0.0
U06477,S06477,2026-03-05,Desktop,Facebook,Clothing,1435.0,1,0,0,0,0.0
U03415,S03415,2026-03-05,Mobile,Google,Home,10261.0,1,1,0,0,0.0
U07364,S07364,2026-03-05,Desktop,Google,Beauty,2003.0,1,1,1,1,2003.0
U10200,S10200,2026-03-05,Desktop,Direct,Electronics,6674.0,1,1,1,1,6674.0
U07280,S07280,2026-03-05,Desktop,Email,Electronics,1543.0,1,0,0,0,0.0
U11688,S11688,2026-03-05,Mobile,Instagram,Beauty,2295.0,1,1,0,0,0.0
U10408,S10408,2026-03-05,Desktop,Direct,Shoes,8752.0,1,1,1,1,8752.0
U07261,S07261,2026-03-05,Desktop,Instagram,Clothing,1682.0,1,1,1,1,1682.0
U06709,S06709,2026-03-05,Mobile,Facebook,Home,1238.0,1,0,0,0,0.0
U10155,S10155,2026-03-05,Mobile,Instagram,Home,2814.0,1,0,0,0,0.0
U02052,S02052,2026-03-05,Mobile,Direct,Clothing,1732.0,1,1,1,1,1732.0
U09199,S09199,2026-03-05,Mobile,Email,Shoes,2635.0,1,0,0,0,0.0
U11225,S11225,2026-03-05,Mobile,Google,Electronics,4692.0,1,0,0,0,0.0
U06667,S06667,2026-03-05,Desktop,Google,Electronics,1510.0,1,0,0,0,0.0
U07186,S07186,2026-03-05,Mobile,Direct,Beauty,1285.0,1,1,1,0,0.0
U01956,S01956,2026-03-05,Tablet,Email,Home,1611.0,1,0,0,0,0.0
U00384,S00384,2026-03-05,Mobile,Instagram,Shoes,2485.0,1,0,0,0,0.0
U05089,S05089,2026-03-05,Tablet,Instagram,Shoes,1990.0,1,1,0,0,0.0
U04888,S04888,2026-03-05,Desktop,Facebook,Electronics,1405.0,1,1,1,1,1405.0
U00310,S00310,2026-03-05,Mobile,Instagram,Shoes,2772.0,1,1,1,1,2772.0
U02882,S02882,2026-03-05,Mobile,Direct,Clothing,593.0,1,0,0,0,0.0
U11196,S11196,2026-03-05,Mobile,Google,Home,4720.0,1,0,0,0,0.0
U09184,S09184,2026-03-05,Tablet,Google,Shoes,7911.0,1,1,1,1,7911.0
U10087,S10087,2026-03-05,Desktop,Instagram,Beauty,3402.0,1,0,0,0,0.0
U11826,S11826,2026-03-05,Mobile,Email,Electronics,4060.0,1,1,1,0,0.0
U03312,S03312,2026-03-05,Tablet,Direct,Electronics,2138.0,1,0,0,0,0.0
U07116,S07116,2026-03-05,Desktop,Google,Clothing,1383.0,1,0,0,0,0.0
U10330,S10330,2026-03-06,Desktop,Instagram,Beauty,331.0,1,1,0,0,0.0
U01518,S01518,2026-03-06,Tablet,Google,Home,15373.0,1,0,0,0,0.0
U10377,S10377,2026-03-06,Mobile,Instagram,Shoes,3867.0,1,1,1,1,3867.0
U08525,S08525,2026-03-06,Mobile,Instagram,Electronics,300.0,1,0,0,0,0.0
U09597,S09597,2026-03-06,Mobile,Email,Home,2960.0,1,0,0,0,0.0
U07141,S07141,2026-03-06,Mobile,Direct,Electronics,822.0,1,0,0,0,0.0
U02048,S02048,2026-03-06,Mobile,Facebook,Beauty,2004.0,1,0,0,0,0.0
U02049,S02049,2026-03-06,Mobile,Instagram,Shoes,7823.0,1,0,0,0,0.0
U00972,S00972,2026-03-06,Mobile,Instagram,Clothing,5543.0,1,1,1,1,5543.0
U10965,S10965,2026-03-06,Mobile,Instagram,Beauty,5252.0,1,1,1,1,5252.0
U09722,S09722,2026-03-06,Tablet,Instagram,Clothing,620.0,1,1,0,0,0.0
U04540,S04540,2026-03-06,Mobile,Google,Electronics,2486.0,1,1,1,1,2486.0
U09265,S09265,2026-03-06,Mobile,Instagram,Electronics,9472.0,1,0,0,0,0.0
U10997,S10997,2026-03-06,Mobile,Google,Home,1086.0,1,0,0,0,0.0
U01546,S01546,2026-03-06,Mobile,Direct,Beauty,747.0,1,0,0,0,0.0
U07250,S07250,2026-03-06,Mobile,Google,Clothing,1821.0,1,1,0,0,0.0
U07096,S07096,2026-03-06,Mobile,Instagram,Beauty,14865.0,1,0,0,0,0.0
U09732,S09732,2026-03-06,Mobile,Direct,Beauty,5153.0,1,1,1,0,0.0
U07193,S07193,2026-03-06,Mobile,Instagram,Shoes,1354.0,1,0,0,0,0.0
U05509,S05509,2026-03-06,Desktop,Direct,Shoes,17766.0,1,0,0,0,0.0
U08177,S08177,2026-03-06,Desktop,Direct,Home,4824.0,1,0,0,0,0.0
U00839,S00839,2026-03-06,Mobile,Instagram,Shoes,3651.0,1,0,0,0,0.0
U02374,S02374,2026-03-06,Mobile,Google,Home,3495.0,1,0,0,0,0.0
U00855,S00855,2026-03-06,Mobile,Facebook,Home,3237.0,1,0,0,0,0.0
U10084,S10084,2026-03-06,Tablet,Google,Electronics,3061.0,1,0,0,0,0.0
U10322,S10322,2026-03-06,Mobile,Google,Beauty,731.0,1,0,0,0,0.0
U07547,S07547,2026-03-06,Mobile,Email,Clothing,2159.0,1,0,0,0,0.0
U11389,S11389,2026-03-06,Mobile,Instagram,Electronics,5406.0,1,0,0,0,0.0
U10112,S10112,2026-03-06,Mobile,Direct,Shoes,6951.0,1,1,1,1,6951.0
U07809,S07809,2026-03-06,Tablet,Google,Shoes,2597.0,1,0,0,0,0.0
U09459,S09459,2026-03-06,Mobile,Direct,Electronics,1972.0,1,0,0,0,0.0
U07836,S07836,2026-03-06,Mobile,Direct,Electronics,6298.0,1,0,0,0,0.0
U03112,S03112,2026-03-06,Mobile,Instagram,Beauty,3547.0,1,1,0,0,0.0
U00872,S00872,2026-03-06,Mobile,Google,Beauty,2034.0,1,0,0,0,0.0
U02434,S02434,2026-03-06,Mobile,Direct,Home,1520.0,1,0,0,0,0.0
U05359,S05359,2026-03-06,Mobile,Email,Beauty,651.0,1,1,0,0,0.0
U01108,S01108,2026-03-06,Mobile,Instagram,Home,2016.0,1,0,0,0,0.0
U04699,S04699,2026-03-06,Mobile,Direct,Electronics,944.0,1,0,0,0,0.0
U07436,S07436,2026-03-06,Mobile,Direct,Shoes,3719.0,1,1,1,1,3719.0
U03028,S03028,2026-03-06,Desktop,Instagram,Electronics,3625.0,1,1,1,1,3625.0
U09234,S09234,2026-03-06,Desktop,Instagram,Clothing,3266.0,1,0,0,0,0.0
U03027,S03027,2026-03-06,Mobile,Google,Beauty,1810.0,1,0,0,0,0.0
U04948,S04948,2026-03-06,Desktop,Instagram,Clothing,2427.0,1,1,1,1,2427.0
U07404,S07404,2026-03-06,Mobile,Instagram,Electronics,4128.0,1,0,0,0,0.0
U06751,S06751,2026-03-06,Mobile,Instagram,Electronics,4067.0,1,0,0,0,0.0
U00265,S00265,2026-03-06,Tablet,Direct,Home,7691.0,1,0,0,0,0.0
U02009,S02009,2026-03-06,Mobile,Facebook,Shoes,832.0,1,1,1,0,0.0
U06182,S06182,2026-03-06,Mobile,Google,Clothing,300.0,1,0,0,0,0.0
U05600,S05600,2026-03-06,Mobile,Instagram,Beauty,14567.0,1,0,0,0,0.0
U10379,S10379,2026-03-06,Mobile,Instagram,Electronics,4938.0,1,1,1,1,4938.0
U11479,S11479,2026-03-06,Desktop,Google,Shoes,1520.0,1,0,0,0,0.0
U10489,S10489,2026-03-06,Tablet,Direct,Clothing,1655.0,1,1,1,0,0.0
U10396,S10396,2026-03-06,Mobile,Google,Home,1670.0,1,0,0,0,0.0
U09277,S09277,2026-03-06,Desktop,Google,Clothing,3909.0,1,1,1,0,0.0
U03782,S03782,2026-03-06,Desktop,Email,Beauty,4997.0,1,0,0,0,0.0
U11840,S11840,2026-03-06,Mobile,Google,Electronics,1519.0,1,0,0,0,0.0
U03484,S03484,2026-03-06,Mobile,Google,Electronics,3955.0,1,0,0,0,0.0
U03574,S03574,2026-03-06,Mobile,Direct,Shoes,3179.0,1,0,0,0,0.0
U04234,S04234,2026-03-07,Desktop,Instagram,Home,4074.0,1,1,1,0,0.0
U00672,S00672,2026-03-07,Mobile,Facebook,Home,2731.0,1,0,0,0,0.0
U09940,S09940,2026-03-07,Desktop,Email,Home,979.0,1,0,0,0,0.0
U11028,S11028,2026-03-07,Desktop,Direct,Home,1873.0,1,0,0,0,0.0
U10615,S10615,2026-03-07,Mobile,Direct,Clothing,817.0,1,1,1,1,817.0
U03732,S03732,2026-03-07,Desktop,Instagram,Home,2134.0,1,0,0,0,0.0
U03925,S03925,2026-03-07,Mobile,Email,Shoes,1262.0,1,0,0,0,0.0
U02674,S02674,2026-03-07,Mobile,Instagram,Shoes,362.0,1,0,0,0,0.0
U04954,S04954,2026-03-07,Tablet,Direct,Clothing,1253.0,1,0,0,0,0.0
U03102,S03102,2026-03-07,Mobile,Instagram,Electronics,547.0,1,0,0,0,0.0
U09744,S09744,2026-03-07,Desktop,Direct,Home,2272.0,1,0,0,0,0.0
U04585,S04585,2026-03-07,Desktop,Facebook,Beauty,5395.0,1,0,0,0,0.0
U04860,S04860,2026-03-07,Mobile,Direct,Shoes,983.0,1,0,0,0,0.0
U11507,S11507,2026-03-07,Mobile,Direct,Clothing,704.0,1,0,0,0,0.0
U04870,S04870,2026-03-07,Desktop,Email,Electronics,7256.0,1,0,0,0,0.0
U08991,S08991,2026-03-07,Desktop,Google,Electronics,6821.0,1,0,0,0,0.0
U01501,S01501,2026-03-07,Desktop,Direct,Home,3000.0,1,1,0,0,0.0
U00958,S00958,2026-03-07,Mobile,Instagram,Clothing,18934.0,1,0,0,0,0.0
U04908,S04908,2026-03-07,Mobile,Facebook,Beauty,7963.0,1,1,0,0,0.0
U02079,S02079,2026-03-07,Mobile,Instagram,Clothing,6314.0,1,0,0,0,0.0
U04249,S04249,2026-03-07,Mobile,Instagram,Home,3570.0,1,0,0,0,0.0
U03439,S03439,2026-03-07,Mobile,Facebook,Shoes,1596.0,1,0,0,0,0.0
U05978,S05978,2026-03-07,Mobile,Facebook,Shoes,2075.0,1,1,1,1,2075.0
U08730,S08730,2026-03-07,Mobile,Instagram,Home,3391.0,1,0,0,0,0.0
U09947,S09947,2026-03-07,Desktop,Facebook,Beauty,2454.0,1,0,0,0,0.0
U10819,S10819,2026-03-07,Mobile,Direct,Electronics,1530.0,1,0,0,0,0.0
U10850,S10850,2026-03-07,Mobile,Email,Shoes,956.0,1,0,0,0,0.0
U08195,S08195,2026-03-07,Desktop,Instagram,Beauty,7744.0,1,1,0,0,0.0
U09331,S09331,2026-03-07,Desktop,Direct,Shoes,2212.0,1,1,0,0,0.0
U01854,S01854,2026-03-07,Desktop,Instagram,Beauty,5240.0,1,0,0,0,0.0
U06487,S06487,2026-03-07,Mobile,Direct,Clothing,657.0,1,1,0,0,0.0
U06789,S06789,2026-03-07,Desktop,Facebook,Home,4376.0,1,1,0,0,0.0
U11693,S11693,2026-03-07,Mobile,Email,Clothing,495.0,1,0,0,0,0.0
U00846,S00846,2026-03-07,Desktop,Instagram,Clothing,2374.0,1,0,0,0,0.0
U00565,S00565,2026-03-07,Desktop,Instagram,Shoes,13577.0,1,0,0,0,0.0
U08671,S08671,2026-03-07,Mobile,Direct,Shoes,1915.0,1,0,0,0,0.0
U02233,S02233,2026-03-07,Mobile,Direct,Shoes,1747.0,1,1,0,0,0.0
U03973,S03973,2026-03-07,Mobile,Direct,Home,5955.0,1,0,0,0,0.0
U02901,S02901,2026-03-07,Mobile,Direct,Clothing,1227.0,1,1,0,0,0.0
U04515,S04515,2026-03-07,Mobile,Google,Clothing,1554.0,1,0,0,0,0.0
U02007,S02007,2026-03-07,Mobile,Direct,Home,2560.0,1,0,0,0,0.0
U10907,S10907,2026-03-07,Desktop,Email,Shoes,1778.0,1,0,0,0,0.0
U00350,S00350,2026-03-07,Mobile,Google,Clothing,1635.0,1,1,1,1,1635.0
U03743,S03743,2026-03-07,Desktop,Direct,Electronics,6504.0,1,0,0,0,0.0
U09874,S09874,2026-03-07,Mobile,Direct,Electronics,1326.0,1,0,0,0,0.0
U04168,S04168,2026-03-07,Mobile,Direct,Clothing,1968.0,1,1,1,1,1968.0
U01954,S01954,2026-03-07,Tablet,Direct,Clothing,1956.0,1,1,0,0,0.0
U04603,S04603,2026-03-07,Tablet,Google,Shoes,2106.0,1,1,0,0,0.0
U04447,S04447,2026-03-07,Mobile,Instagram,Electronics,2013.0,1,1,1,1,2013.0
U00635,S00635,2026-03-07,Mobile,Google,Clothing,7526.0,1,0,0,0,0.0
U07433,S07433,2026-03-07,Desktop,Email,Home,378.0,1,0,0,0,0.0
U10911,S10911,2026-03-07,Desktop,Instagram,Clothing,2945.0,1,0,0,0,0.0
U05852,S05852,2026-03-07,Desktop,Email,Clothing,5545.0,1,0,0,0,0.0
U06874,S06874,2026-03-07,Mobile,Email,Clothing,2381.0,1,0,0,0,0.0
U08312,S08312,2026-03-07,Mobile,Google,Home,2642.0,1,1,0,0,0.0
U07724,S07724,2026-03-07,Mobile,Instagram,Clothing,2974.0,1,0,0,0,0.0
U05860,S05860,2026-03-07,Mobile,Direct,Clothing,3373.0,1,0,0,0,0.0
U00806,S00806,2026-03-07,Mobile,Google,Home,2691.0,1,0,0,0,0.0
U11978,S11978,2026-03-07,Mobile,Google,Clothing,666.0,1,0,0,0,0.0
U06287,S06287,2026-03-07,Mobile,Instagram,Electronics,1244.0,1,0,0,0,0.0
U08109,S08109,2026-03-07,Mobile,Direct,Shoes,1854.0,1,0,0,0,0.0
U05065,S05065,2026-03-07,Tablet,Facebook,Clothing,1475.0,1,0,0,0,0.0
U04852,S04852,2026-03-07,Desktop,Email,Home,1299.0,1,0,0,0,0.0
U08662,S08662,2026-03-07,Mobile,Instagram,Electronics,840.0,1,0,0,0,0.0
U08782,S08782,2026-03-07,Mobile,Email,Electronics,2500.0,1,0,0,0,0.0
U10475,S10475,2026-03-07,Mobile,Direct,Electronics,2702.0,1,1,1,1,2702.0
U05037,S05037,2026-03-07,Desktop,Facebook,Home,1502.0,1,0,0,0,0.0
U09843,S09843,2026-03-07,Mobile,Email,Electronics,6692.0,1,0,0,0,0.0
U10021,S10021,2026-03-07,Mobile,Google,Clothing,2271.0,1,0,0,0,0.0
U08210,S08210,2026-03-08,Tablet,Email,Shoes,3645.0,1,1,1,1,3645.0
U04481,S04481,2026-03-08,Mobile,Direct,Clothing,2420.0,1,0,0,0,0.0
U01446,S01446,2026-03-08,Mobile,Google,Shoes,660.0,1,0,0,0,0.0
U05997,S05997,2026-03-08,Mobile,Email,Shoes,5820.0,1,1,1,0,0.0
U03408,S03408,2026-03-08,Mobile,Google,Electronics,13746.0,1,1,1,1,13746.0
U10194,S10194,2026-03-08,Mobile,Google,Home,1715.0,1,0,0,0,0.0
U07579,S07579,2026-03-08,Mobile,Google,Home,789.0,1,0,0,0,0.0
U10032,S10032,2026-03-08,Desktop,Instagram,Electronics,5618.0,1,0,0,0,0.0
U03766,S03766,2026-03-08,Desktop,Google,Shoes,3083.0,1,0,0,0,0.0
U11368,S11368,2026-03-08,Desktop,Instagram,Beauty,1890.0,1,1,1,1,1890.0
U00522,S00522,2026-03-08,Mobile,Email,Clothing,1089.0,1,1,1,0,0.0
U00078,S00078,2026-03-08,Desktop,Facebook,Clothing,3764.0,1,1,1,1,3764.0
U01900,S01900,2026-03-08,Mobile,Email,Shoes,2433.0,1,0,0,0,0.0
U02047,S02047,2026-03-08,Mobile,Facebook,Electronics,6393.0,1,0,0,0,0.0
U09255,S09255,2026-03-08,Desktop,Email,Clothing,1523.0,1,1,1,0,0.0
U02072,S02072,2026-03-08,Mobile,Direct,Shoes,2837.0,1,0,0,0,0.0
U06046,S06046,2026-03-08,Mobile,Google,Home,9306.0,1,0,0,0,0.0
U00963,S00963,2026-03-08,Mobile,Direct,Beauty,1562.0,1,0,0,0,0.0
U00011,S00011,2026-03-08,Mobile,Facebook,Home,2111.0,1,0,0,0,0.0
U10952,S10952,2026-03-08,Tablet,Direct,Home,2347.0,1,1,0,0,0.0
U05298,S05298,2026-03-08,Mobile,Instagram,Clothing,7593.0,1,1,0,0,0.0
U01664,S01664,2026-03-08,Mobile,Instagram,Home,314.0,1,0,0,0,0.0
U00992,S00992,2026-03-08,Desktop,Instagram,Beauty,1064.0,1,0,0,0,0.0
U09251,S09251,2026-03-08,Mobile,Google,Shoes,1717.0,1,1,1,1,1717.0
U00577,S00577,2026-03-08,Desktop,Instagram,Clothing,24074.0,1,0,0,0,0.0
U04509,S04509,2026-03-08,Desktop,Email,Home,6204.0,1,1,1,1,6204.0
U01128,S01128,2026-03-08,Desktop,Email,Shoes,7699.0,1,0,0,0,0.0
U06129,S06129,2026-03-08,Mobile,Facebook,Shoes,14063.0,1,1,0,0,0.0
U08132,S08132,2026-03-08,Desktop,Direct,Clothing,2733.0,1,1,0,0,0.0
U08926,S08926,2026-03-08,Mobile,Facebook,Beauty,2273.0,1,1,1,1,2273.0
U10462,S10462,2026-03-08,Desktop,Email,Home,552.0,1,0,0,0,0.0
U08164,S08164,2026-03-08,Mobile,Direct,Shoes,2318.0,1,1,1,0,0.0
U04279,S04279,2026-03-08,Mobile,Direct,Home,4692.0,1,0,0,0,0.0
U08424,S08424,2026-03-08,Tablet,Google,Shoes,1184.0,1,0,0,0,0.0
U00638,S00638,2026-03-08,Desktop,Direct,Clothing,9160.0,1,0,0,0,0.0
U07359,S07359,2026-03-08,Mobile,Direct,Electronics,1131.0,1,0,0,0,0.0
U07657,S07657,2026-03-08,Desktop,Direct,Electronics,1011.0,1,0,0,0,0.0
U05231,S05231,2026-03-08,Desktop,Google,Shoes,621.0,1,0,0,0,0.0
U04314,S04314,2026-03-08,Desktop,Facebook,Beauty,2270.0,1,0,0,0,0.0
U09024,S09024,2026-03-08,Mobile,Direct,Shoes,1219.0,1,1,1,0,0.0
U02663,S02663,2026-03-08,Mobile,Direct,Clothing,1592.0,1,1,1,1,1592.0
U00411,S00411,2026-03-08,Desktop,Direct,Shoes,8350.0,1,0,0,0,0.0
U03019,S03019,2026-03-08,Mobile,Google,Home,2284.0,1,0,0,0,0.0
U04200,S04200,2026-03-08,Mobile,Google,Shoes,860.0,1,1,1,0,0.0
U01201,S01201,2026-03-08,Mobile,Direct,Electronics,3948.0,1,1,0,0,0.0
U08387,S08387,2026-03-08,Tablet,Facebook,Clothing,3376.0,1,1,1,1,3376.0
U08976,S08976,2026-03-08,Mobile,Direct,Clothing,1216.0,1,0,0,0,0.0
U00225,S00225,2026-03-08,Mobile,Google,Beauty,390.0,1,0,0,0,0.0
U09742,S09742,2026-03-08,Mobile,Direct,Electronics,4704.0,1,0,0,0,0.0
U04069,S04069,2026-03-08,Desktop,Google,Shoes,4187.0,1,0,0,0,0.0
U10799,S10799,2026-03-08,Tablet,Google,Electronics,783.0,1,1,1,1,783.0
U00423,S00423,2026-03-08,Mobile,Instagram,Clothing,468.0,1,1,0,0,0.0
U01770,S01770,2026-03-08,Desktop,Instagram,Clothing,3084.0,1,0,0,0,0.0
U04115,S04115,2026-03-08,Desktop,Google,Clothing,996.0,1,0,0,0,0.0
U08952,S08952,2026-03-08,Mobile,Facebook,Clothing,1045.0,1,0,0,0,0.0
U10060,S10060,2026-03-08,Tablet,Direct,Electronics,1654.0,1,1,1,1,1654.0
U08852,S08852,2026-03-08,Mobile,Direct,Shoes,4704.0,1,1,1,1,4704.0
U06744,S06744,2026-03-08,Mobile,Facebook,Electronics,14384.0,1,0,0,0,0.0
U05392,S05392,2026-03-08,Mobile,Instagram,Home,4305.0,1,1,1,1,4305.0
U03846,S03846,2026-03-08,Mobile,Instagram,Home,1615.0,1,0,0,0,0.0
U04770,S04770,2026-03-08,Desktop,Google,Clothing,300.0,1,0,0,0,0.0
U00794,S00794,2026-03-09,Mobile,Google,Home,1439.0,1,1,1,0,0.0
U05545,S05545,2026-03-09,Mobile,Email,Home,1357.0,1,0,0,0,0.0
U00102,S00102,2026-03-09,Desktop,Instagram,Clothing,2070.0,1,0,0,0,0.0
U00859,S00859,2026-03-09,Mobile,Direct,Shoes,8628.0,1,1,1,0,0.0
U03971,S03971,2026-03-09,Tablet,Google,Electronics,1804.0,1,1,1,1,1804.0
U11378,S11378,2026-03-09,Mobile,Instagram,Clothing,3411.0,1,0,0,0,0.0
U10647,S10647,2026-03-09,Mobile,Direct,Clothing,967.0,1,0,0,0,0.0
U01100,S01100,2026-03-09,Mobile,Instagram,Home,7125.0,1,0,0,0,0.0
U11663,S11663,2026-03-09,Mobile,Direct,Beauty,3672.0,1,0,0,0,0.0
U09473,S09473,2026-03-09,Mobile,Facebook,Clothing,2303.0,1,1,1,1,2303.0
U07645,S07645,2026-03-09,Desktop,Google,Shoes,6798.0,1,1,1,0,0.0
U10387,S10387,2026-03-09,Desktop,Instagram,Electronics,2833.0,1,1,1,0,0.0
U02024,S02024,2026-03-09,Mobile,Instagram,Clothing,4360.0,1,1,0,0,0.0
U11808,S11808,2026-03-09,Mobile,Instagram,Clothing,2742.0,1,1,1,0,0.0
U06713,S06713,2026-03-09,Mobile,Google,Beauty,1302.0,1,0,0,0,0.0
U01761,S01761,2026-03-09,Mobile,Instagram,Shoes,632.0,1,0,0,0,0.0
U01383,S01383,2026-03-09,Mobile,Google,Electronics,11512.0,1,1,0,0,0.0
U02542,S02542,2026-03-09,Mobile,Facebook,Home,5968.0,1,1,1,1,5968.0
U08245,S08245,2026-03-09,Tablet,Direct,Beauty,9734.0,1,0,0,0,0.0
U01894,S01894,2026-03-09,Mobile,Instagram,Beauty,686.0,1,1,1,1,686.0
U00114,S00114,2026-03-09,Mobile,Google,Electronics,3228.0,1,1,0,0,0.0
U03338,S03338,2026-03-09,Desktop,Google,Shoes,7821.0,1,0,0,0,0.0
U06515,S06515,2026-03-09,Mobile,Instagram,Shoes,13628.0,1,0,0,0,0.0
U08473,S08473,2026-03-09,Mobile,Google,Home,10199.0,1,0,0,0,0.0
U07561,S07561,2026-03-09,Desktop,Google,Shoes,3184.0,1,1,0,0,0.0
U01068,S01068,2026-03-09,Desktop,Direct,Electronics,2874.0,1,1,1,1,2874.0
U01734,S01734,2026-03-09,Mobile,Direct,Electronics,14141.0,1,1,0,0,0.0
U00851,S00851,2026-03-09,Mobile,Direct,Home,1544.0,1,0,0,0,0.0
U04938,S04938,2026-03-09,Desktop,Email,Beauty,1409.0,1,1,0,0,0.0
U03045,S03045,2026-03-09,Desktop,Email,Beauty,3938.0,1,1,0,0,0.0
U04949,S04949,2026-03-09,Desktop,Google,Beauty,3841.0,1,0,0,0,0.0
U10731,S10731,2026-03-09,Mobile,Google,Electronics,1145.0,1,0,0,0,0.0
U00896,S00896,2026-03-09,Desktop,Email,Shoes,796.0,1,0,0,0,0.0
U08178,S08178,2026-03-09,Mobile,Direct,Electronics,3704.0,1,1,1,1,3704.0
U11696,S11696,2026-03-09,Desktop,Email,Home,1756.0,1,0,0,0,0.0
U11621,S11621,2026-03-09,Desktop,Google,Clothing,5097.0,1,0,0,0,0.0
U10221,S10221,2026-03-09,Desktop,Google,Home,6827.0,1,0,0,0,0.0
U03276,S03276,2026-03-09,Desktop,Facebook,Clothing,5075.0,1,0,0,0,0.0
U05032,S05032,2026-03-09,Desktop,Google,Clothing,1621.0,1,0,0,0,0.0
U02062,S02062,2026-03-09,Mobile,Google,Clothing,1003.0,1,0,0,0,0.0
U05932,S05932,2026-03-09,Mobile,Instagram,Electronics,3727.0,1,0,0,0,0.0
U07710,S07710,2026-03-09,Desktop,Direct,Clothing,1624.0,1,0,0,0,0.0
U07958,S07958,2026-03-09,Mobile,Google,Clothing,5468.0,1,0,0,0,0.0
U09488,S09488,2026-03-09,Mobile,Email,Clothing,9396.0,1,0,0,0,0.0
U06311,S06311,2026-03-09,Mobile,Google,Clothing,1092.0,1,1,1,1,1092.0
U09181,S09181,2026-03-09,Mobile,Email,Electronics,1424.0,1,1,1,0,0.0
U07282,S07282,2026-03-09,Mobile,Instagram,Beauty,1461.0,1,0,0,0,0.0
U06014,S06014,2026-03-09,Desktop,Google,Electronics,1853.0,1,0,0,0,0.0
U08206,S08206,2026-03-09,Mobile,Direct,Clothing,1852.0,1,0,0,0,0.0
U00315,S00315,2026-03-09,Mobile,Direct,Shoes,1234.0,1,0,0,0,0.0
U04898,S04898,2026-03-09,Mobile,Facebook,Electronics,5540.0,1,0,0,0,0.0
U06792,S06792,2026-03-09,Mobile,Facebook,Clothing,2196.0,1,0,0,0,0.0
U11702,S11702,2026-03-09,Desktop,Google,Home,5671.0,1,0,0,0,0.0
U07709,S07709,2026-03-09,Mobile,Instagram,Electronics,2655.0,1,0,0,0,0.0
U04449,S04449,2026-03-09,Mobile,Google,Shoes,3067.0,1,0,0,0,0.0
U10481,S10481,2026-03-09,Tablet,Facebook,Clothing,845.0,1,1,0,0,0.0
U00909,S00909,2026-03-09,Mobile,Google,Clothing,1050.0,1,0,0,0,0.0
U00912,S00912,2026-03-09,Desktop,Google,Clothing,911.0,1,1,0,0,0.0
U00852,S00852,2026-03-09,Mobile,Facebook,Shoes,6500.0,1,0,0,0,0.0
U11403,S11403,2026-03-09,Mobile,Google,Beauty,19074.0,1,0,0,0,0.0
U07751,S07751,2026-03-09,Desktop,Google,Home,12429.0,1,0,0,0,0.0
U02470,S02470,2026-03-10,Mobile,Facebook,Shoes,7605.0,1,0,0,0,0.0
U10439,S10439,2026-03-10,Desktop,Google,Clothing,1221.0,1,1,1,1,1221.0
U07363,S07363,2026-03-10,Desktop,Email,Electronics,2184.0,1,0,0,0,0.0
U00254,S00254,2026-03-10,Mobile,Google,Clothing,6398.0,1,0,0,0,0.0
U04528,S04528,2026-03-10,Desktop,Google,Shoes,7454.0,1,0,0,0,0.0
U07732,S07732,2026-03-10,Mobile,Google,Home,1235.0,1,1,1,0,0.0
U07689,S07689,2026-03-10,Mobile,Google,Beauty,5466.0,1,0,0,0,0.0
U07669,S07669,2026-03-10,Desktop,Direct,Beauty,7870.0,1,0,0,0,0.0
U08608,S08608,2026-03-10,Desktop,Google,Home,7210.0,1,1,1,0,0.0
U05671,S05671,2026-03-10,Mobile,Email,Shoes,6376.0,1,1,1,1,6376.0
U11943,S11943,2026-03-10,Mobile,Google,Home,5388.0,1,1,1,0,0.0
U04634,S04634,2026-03-10,Mobile,Google,Beauty,19483.0,1,0,0,0,0.0
U06234,S06234,2026-03-10,Mobile,Direct,Shoes,4842.0,1,0,0,0,0.0
U01395,S01395,2026-03-10,Desktop,Google,Clothing,1677.0,1,1,0,0,0.0
U04036,S04036,2026-03-10,Mobile,Direct,Electronics,952.0,1,0,0,0,0.0
U08388,S08388,2026-03-10,Mobile,Google,Beauty,5719.0,1,0,0,0,0.0
U01286,S01286,2026-03-10,Tablet,Email,Shoes,4049.0,1,0,0,0,0.0
U00548,S00548,2026-03-10,Mobile,Google,Clothing,862.0,1,0,0,0,0.0
U04104,S04104,2026-03-10,Mobile,Instagram,Electronics,1306.0,1,0,0,0,0.0
U04577,S04577,2026-03-10,Desktop,Google,Shoes,1728.0,1,0,0,0,0.0
U05602,S05602,2026-03-10,Mobile,Google,Clothing,2230.0,1,0,0,0,0.0
U11475,S11475,2026-03-10,Mobile,Google,Clothing,2489.0,1,0,0,0,0.0
U00748,S00748,2026-03-10,Mobile,Instagram,Shoes,1215.0,1,0,0,0,0.0
U06189,S06189,2026-03-10,Desktop,Instagram,Beauty,3758.0,1,1,1,1,3758.0
U10427,S10427,2026-03-10,Mobile,Direct,Clothing,14106.0,1,1,0,0,0.0
U11250,S11250,2026-03-10,Mobile,Direct,Beauty,8511.0,1,0,0,0,0.0
U01659,S01659,2026-03-10,Mobile,Email,Clothing,511.0,1,1,1,0,0.0
U07189,S07189,2026-03-10,Mobile,Email,Shoes,30000.0,1,0,0,0,0.0
U00328,S00328,2026-03-10,Mobile,Google,Home,3921.0,1,0,0,0,0.0
U08566,S08566,2026-03-10,Mobile,Google,Electronics,6908.0,1,0,0,0,0.0
U07196,S07196,2026-03-10,Tablet,Instagram,Beauty,6331.0,1,1,1,1,6331.0
U02862,S02862,2026-03-10,Mobile,Direct,Home,8423.0,1,0,0,0,0.0
U03239,S03239,2026-03-10,Mobile,Direct,Shoes,3626.0,1,0,0,0,0.0
U08505,S08505,2026-03-10,Desktop,Direct,Shoes,866.0,1,1,1,1,866.0
U03555,S03555,2026-03-10,Mobile,Direct,Clothing,2782.0,1,1,0,0,0.0
U11842,S11842,2026-03-10,Desktop,Instagram,Shoes,1202.0,1,1,1,0,0.0
U03326,S03326,2026-03-10,Desktop,Google,Shoes,9673.0,1,0,0,0,0.0
U08896,S08896,2026-03-10,Mobile,Email,Electronics,8381.0,1,0,0,0,0.0
U03399,S03399,2026-03-10,Desktop,Facebook,Shoes,1966.0,1,1,1,1,1966.0
U02958,S02958,2026-03-10,Mobile,Instagram,Shoes,3688.0,1,0,0,0,0.0
U04397,S04397,2026-03-10,Mobile,Instagram,Electronics,1062.0,1,0,0,0,0.0
U10230,S10230,2026-03-10,Mobile,Facebook,Beauty,2075.0,1,1,1,1,2075.0
U10552,S10552,2026-03-10,Mobile,Email,Shoes,1098.0,1,1,0,0,0.0
U04141,S04141,2026-03-10,Mobile,Email,Electronics,1805.0,1,0,0,0,0.0
U00187,S00187,2026-03-10,Mobile,Google,Home,1013.0,1,0,0,0,0.0
U05799,S05799,2026-03-10,Desktop,Google,Clothing,3069.0,1,0,0,0,0.0
U03323,S03323,2026-03-10,Desktop,Instagram,Beauty,1192.0,1,1,1,1,1192.0
U04925,S04925,2026-03-10,Mobile,Direct,Clothing,465.0,1,0,0,0,0.0
U02602,S02602,2026-03-10,Desktop,Direct,Beauty,6480.0,1,1,1,1,6480.0
U00711,S00711,2026-03-10,Tablet,Direct,Home,10314.0,1,1,1,1,10314.0
U02212,S02212,2026-03-10,Mobile,Instagram,Electronics,2785.0,1,0,0,0,0.0
U05511,S05511,2026-03-10,Mobile,Direct,Electronics,313.0,1,0,0,0,0.0
U03876,S03876,2026-03-10,Mobile,Email,Shoes,1758.0,1,0,0,0,0.0
U04989,S04989,2026-03-10,Desktop,Email,Electronics,4649.0,1,0,0,0,0.0
U01414,S01414,2026-03-10,Tablet,Google,Beauty,13785.0,1,0,0,0,0.0
U06589,S06589,2026-03-10,Desktop,Google,Electronics,2053.0,1,0,0,0,0.0
U08371,S08371,2026-03-10,Mobile,Email,Clothing,2828.0,1,0,0,0,0.0
U07651,S07651,2026-03-10,Desktop,Instagram,Electronics,5114.0,1,0,0,0,0.0
U01979,S01979,2026-03-10,Desktop,Facebook,Home,2330.0,1,1,0,0,0.0
U02638,S02638,2026-03-10,Mobile,Email,Home,1839.0,1,1,1,1,1839.0
U05022,S05022,2026-03-10,Desktop,Google,Home,3205.0,1,1,0,0,0.0
U06380,S06380,2026-03-10,Mobile,Facebook,Home,1199.0,1,1,0,0,0.0
U01175,S01175,2026-03-10,Mobile,Google,Electronics,6278.0,1,1,0,0,0.0
U08535,S08535,2026-03-10,Desktop,Instagram,Electronics,2619.0,1,0,0,0,0.0
U05718,S05718,2026-03-10,Tablet,Email,Clothing,4880.0,1,0,0,0,0.0
U02933,S02933,2026-03-10,Mobile,Direct,Home,6619.0,1,0,0,0,0.0
U05050,S05050,2026-03-10,Tablet,Google,Shoes,4680.0,1,0,0,0,0.0
U09560,S09560,2026-03-10,Desktop,Email,Beauty,2019.0,1,1,1,1,2019.0
U05514,S05514,2026-03-10,Mobile,Instagram,Beauty,3458.0,1,1,0,0,0.0
U10545,S10545,2026-03-10,Mobile,Google,Clothing,6584.0,1,1,1,1,6584.0
U08916,S08916,2026-03-10,Mobile,Instagram,Shoes,3485.0,1,0,0,0,0.0
U11380,S11380,2026-03-10,Mobile,Direct,Electronics,1796.0,1,0,0,0,0.0
U06981,S06981,2026-03-10,Tablet,Instagram,Electronics,5974.0,1,1,1,1,5974.0
U00408,S00408,2026-03-10,Desktop,Google,Electronics,1848.0,1,1,0,0,0.0
U08111,S08111,2026-03-10,Mobile,Facebook,Electronics,6187.0,1,1,1,0,0.0
U03535,S03535,2026-03-11,Desktop,Direct,Shoes,767.0,1,0,0,0,0.0
U02171,S02171,2026-03-11,Mobile,Direct,Clothing,7267.0,1,0,0,0,0.0
U03363,S03363,2026-03-11,Mobile,Direct,Home,10675.0,1,1,1,1,10675.0
U05862,S05862,2026-03-11,Mobile,Direct,Beauty,779.0,1,1,0,0,0.0
U00150,S00150,2026-03-11,Mobile,Email,Shoes,4704.0,1,1,1,0,0.0
U06249,S06249,2026-03-11,Mobile,Facebook,Clothing,10357.0,1,0,0,0,0.0
U05035,S05035,2026-03-11,Mobile,Instagram,Shoes,12613.0,1,0,0,0,0.0
U07475,S07475,2026-03-11,Mobile,Google,Electronics,410.0,1,0,0,0,0.0
U05912,S05912,2026-03-11,Mobile,Direct,Shoes,2926.0,1,0,0,0,0.0
U06145,S06145,2026-03-11,Mobile,Direct,Home,3788.0,1,1,1,0,0.0
U04951,S04951,2026-03-11,Mobile,Direct,Beauty,3163.0,1,0,0,0,0.0
U00148,S00148,2026-03-11,Mobile,Direct,Shoes,1390.0,1,1,1,1,1390.0
U10984,S10984,2026-03-11,Mobile,Email,Clothing,6082.0,1,1,1,0,0.0
U00541,S00541,2026-03-11,Tablet,Instagram,Clothing,3540.0,1,0,0,0,0.0
U10791,S10791,2026-03-11,Tablet,Instagram,Clothing,2215.0,1,1,1,1,2215.0
U11229,S11229,2026-03-11,Desktop,Facebook,Home,652.0,1,1,0,0,0.0
U01871,S01871,2026-03-11,Mobile,Instagram,Home,1678.0,1,1,1,0,0.0
U00674,S00674,2026-03-11,Desktop,Email,Home,3626.0,1,1,1,0,0.0
U04037,S04037,2026-03-11,Mobile,Google,Shoes,2456.0,1,0,0,0,0.0
U00693,S00693,2026-03-11,Mobile,Facebook,Electronics,4335.0,1,0,0,0,0.0
U03143,S03143,2026-03-11,Tablet,Google,Beauty,4305.0,1,1,1,1,4305.0
U11419,S11419,2026-03-11,Desktop,Google,Home,1625.0,1,1,0,0,0.0
U06192,S06192,2026-03-11,Mobile,Google,Electronics,3013.0,1,0,0,0,0.0
U07384,S07384,2026-03-11,Mobile,Direct,Shoes,1974.0,1,1,1,0,0.0
U06056,S06056,2026-03-11,Mobile,Google,Clothing,13507.0,1,0,0,0,0.0
U09210,S09210,2026-03-11,Desktop,Google,Shoes,931.0,1,1,1,1,931.0
U07495,S07495,2026-03-11,Desktop,Facebook,Shoes,493.0,1,1,1,1,493.0
U09380,S09380,2026-03-11,Mobile,Facebook,Clothing,2250.0,1,1,0,0,0.0
U05430,S05430,2026-03-11,Mobile,Google,Clothing,580.0,1,0,0,0,0.0
U11902,S11902,2026-03-11,Mobile,Google,Beauty,868.0,1,1,1,0,0.0
U00678,S00678,2026-03-11,Mobile,Email,Beauty,786.0,1,0,0,0,0.0
U09185,S09185,2026-03-11,Desktop,Instagram,Clothing,3669.0,1,1,1,1,3669.0
U04909,S04909,2026-03-11,Desktop,Instagram,Clothing,4699.0,1,1,1,1,4699.0
U09200,S09200,2026-03-11,Mobile,Email,Clothing,5521.0,1,1,1,1,5521.0
U02190,S02190,2026-03-11,Tablet,Direct,Home,1954.0,1,0,0,0,0.0
U01370,S01370,2026-03-11,Mobile,Email,Home,10488.0,1,0,0,0,0.0
U11865,S11865,2026-03-11,Mobile,Facebook,Electronics,709.0,1,0,0,0,0.0
U09354,S09354,2026-03-11,Desktop,Email,Shoes,4677.0,1,1,1,0,0.0
U06305,S06305,2026-03-11,Desktop,Direct,Clothing,9075.0,1,1,1,1,9075.0
U08009,S08009,2026-03-11,Desktop,Direct,Electronics,925.0,1,1,0,0,0.0
U11184,S11184,2026-03-11,Desktop,Direct,Electronics,9403.0,1,0,0,0,0.0
U10582,S10582,2026-03-11,Mobile,Direct,Home,936.0,1,1,1,1,936.0
U11149,S11149,2026-03-11,Mobile,Email,Electronics,1379.0,1,0,0,0,0.0
U10618,S10618,2026-03-11,Desktop,Instagram,Clothing,4566.0,1,0,0,0,0.0
U10619,S10619,2026-03-11,Tablet,Google,Clothing,4915.0,1,1,1,1,4915.0
U03245,S03245,2026-03-11,Mobile,Facebook,Clothing,3859.0,1,0,0,0,0.0
U02792,S02792,2026-03-11,Mobile,Direct,Beauty,7309.0,1,1,1,1,7309.0
U09791,S09791,2026-03-11,Mobile,Email,Clothing,2694.0,1,0,0,0,0.0
U00939,S00939,2026-03-11,Desktop,Direct,Beauty,1216.0,1,0,0,0,0.0
U09327,S09327,2026-03-11,Mobile,Email,Clothing,1529.0,1,1,0,0,0.0
U02025,S02025,2026-03-11,Mobile,Email,Electronics,3872.0,1,0,0,0,0.0
U06520,S06520,2026-03-11,Mobile,Google,Shoes,6353.0,1,1,1,1,6353.0
U04452,S04452,2026-03-11,Tablet,Direct,Clothing,2208.0,1,0,0,0,0.0
U04543,S04543,2026-03-11,Tablet,Instagram,Home,4531.0,1,0,0,0,0.0
U03437,S03437,2026-03-11,Mobile,Instagram,Electronics,3459.0,1,1,1,0,0.0
U02336,S02336,2026-03-11,Desktop,Google,Clothing,1401.0,1,1,0,0,0.0
U00175,S00175,2026-03-11,Mobile,Facebook,Electronics,2823.0,1,0,0,0,0.0
U11615,S11615,2026-03-11,Desktop,Direct,Home,15720.0,1,0,0,0,0.0
U02351,S02351,2026-03-11,Mobile,Google,Electronics,6450.0,1,1,1,0,0.0
U03869,S03869,2026-03-11,Desktop,Instagram,Home,5110.0,1,0,0,0,0.0
U08988,S08988,2026-03-11,Tablet,Google,Shoes,6841.0,1,0,0,0,0.0
U03077,S03077,2026-03-12,Mobile,Email,Home,1815.0,1,0,0,0,0.0
U08660,S08660,2026-03-12,Mobile,Direct,Shoes,1401.0,1,0,0,0,0.0
U11249,S11249,2026-03-12,Mobile,Instagram,Electronics,4351.0,1,0,0,0,0.0
U01601,S01601,2026-03-12,Desktop,Email,Home,825.0,1,1,1,0,0.0
U08374,S08374,2026-03-12,Mobile,Instagram,Clothing,6553.0,1,0,0,0,0.0
U03541,S03541,2026-03-12,Desktop,Instagram,Home,2355.0,1,0,0,0,0.0
U06355,S06355,2026-03-12,Mobile,Google,Shoes,1231.0,1,1,1,0,0.0
U08266,S08266,2026-03-12,Tablet,Facebook,Clothing,3870.0,1,0,0,0,0.0
U10633,S10633,2026-03-12,Tablet,Google,Home,4473.0,1,1,1,0,0.0
U11228,S11228,2026-03-12,Desktop,Google,Clothing,7040.0,1,1,1,1,7040.0
U02242,S02242,2026-03-12,Mobile,Google,Home,3457.0,1,0,0,0,0.0
U11395,S11395,2026-03-12,Desktop,Google,Home,2241.0,1,1,1,1,2241.0
U05141,S05141,2026-03-12,Desktop,Direct,Home,2258.0,1,0,0,0,0.0
U05185,S05185,2026-03-12,Mobile,Email,Shoes,644.0,1,1,1,1,644.0
U10653,S10653,2026-03-12,Desktop,Direct,Electronics,4070.0,1,0,0,0,0.0
U02719,S02719,2026-03-12,Mobile,Google,Home,3176.0,1,1,0,0,0.0
U02279,S02279,2026-03-12,Desktop,Email,Beauty,1474.0,1,0,0,0,0.0
U07413,S07413,2026-03-12,Mobile,Instagram,Clothing,1600.0,1,0,0,0,0.0
U10063,S10063,2026-03-12,Desktop,Instagram,Home,3387.0,1,0,0,0,0.0
U02239,S02239,2026-03-12,Mobile,Email,Clothing,2349.0,1,0,0,0,0.0
U01676,S01676,2026-03-12,Tablet,Facebook,Shoes,857.0,1,1,1,0,0.0
U02946,S02946,2026-03-12,Mobile,Instagram,Home,2410.0,1,1,1,0,0.0
U03843,S03843,2026-03-12,Desktop,Instagram,Shoes,2684.0,1,0,0,0,0.0
U10934,S10934,2026-03-12,Mobile,Instagram,Beauty,4162.0,1,1,1,0,0.0
U06579,S06579,2026-03-12,Tablet,Facebook,Clothing,4391.0,1,0,0,0,0.0
U09082,S09082,2026-03-12,Mobile,Direct,Electronics,1699.0,1,1,1,1,1699.0
U07018,S07018,2026-03-12,Mobile,Google,Clothing,492.0,1,1,0,0,0.0
U04335,S04335,2026-03-12,Desktop,Direct,Beauty,513.0,1,0,0,0,0.0
U05405,S05405,2026-03-12,Mobile,Google,Home,300.0,1,0,0,0,0.0
U03604,S03604,2026-03-12,Mobile,Google,Clothing,2024.0,1,1,0,0,0.0
U07962,S07962,2026-03-12,Mobile,Google,Beauty,1969.0,1,1,1,1,1969.0
U03994,S03994,2026-03-12,Mobile,Email,Home,3501.0,1,0,0,0,0.0
U06953,S06953,2026-03-12,Mobile,Facebook,Home,347.0,1,1,0,0,0.0
U11695,S11695,2026-03-12,Mobile,Direct,Clothing,1371.0,1,0,0,0,0.0
U07458,S07458,2026-03-12,Desktop,Facebook,Home,1417.0,1,1,1,1,1417.0
U01035,S01035,2026-03-12,Mobile,Google,Electronics,3375.0,1,0,0,0,0.0
U07857,S07857,2026-03-12,Mobile,Direct,Electronics,3108.0,1,1,1,1,3108.0
U11946,S11946,2026-03-12,Desktop,Google,Electronics,2048.0,1,0,0,0,0.0
U07041,S07041,2026-03-12,Desktop,Email,Clothing,1148.0,1,0,0,0,0.0
U04403,S04403,2026-03-12,Mobile,Direct,Beauty,3202.0,1,1,1,0,0.0
U02317,S02317,2026-03-12,Mobile,Email,Beauty,8247.0,1,1,1,1,8247.0
U06905,S06905,2026-03-12,Mobile,Instagram,Shoes,4184.0,1,0,0,0,0.0
U06010,S06010,2026-03-12,Desktop,Google,Home,1315.0,1,1,1,0,0.0
U10080,S10080,2026-03-12,Desktop,Direct,Shoes,1951.0,1,1,1,1,1951.0
U02504,S02504,2026-03-12,Desktop,Facebook,Electronics,3991.0,1,0,0,0,0.0
U06893,S06893,2026-03-12,Mobile,Direct,Clothing,2553.0,1,1,1,1,2553.0
U11366,S11366,2026-03-12,Tablet,Direct,Electronics,3415.0,1,1,1,0,0.0
U07823,S07823,2026-03-12,Mobile,Google,Shoes,5137.0,1,0,0,0,0.0
U08854,S08854,2026-03-12,Mobile,Email,Electronics,3760.0,1,1,0,0,0.0
U07292,S07292,2026-03-12,Mobile,Direct,Home,3248.0,1,0,0,0,0.0
U01344,S01344,2026-03-12,Mobile,Google,Electronics,28086.0,1,0,0,0,0.0
U00521,S00521,2026-03-12,Desktop,Instagram,Electronics,3498.0,1,0,0,0,0.0
U11482,S11482,2026-03-12,Desktop,Facebook,Home,1238.0,1,0,0,0,0.0
U02089,S02089,2026-03-12,Desktop,Instagram,Clothing,1018.0,1,0,0,0,0.0
U04555,S04555,2026-03-12,Mobile,Direct,Electronics,2727.0,1,0,0,0,0.0
U09237,S09237,2026-03-12,Mobile,Instagram,Electronics,3887.0,1,0,0,0,0.0
U06211,S06211,2026-03-12,Mobile,Google,Shoes,1534.0,1,0,0,0,0.0
U03183,S03183,2026-03-12,Mobile,Direct,Beauty,6452.0,1,1,1,0,0.0
U11024,S11024,2026-03-12,Desktop,Email,Shoes,8510.0,1,0,0,0,0.0
U06769,S06769,2026-03-12,Desktop,Direct,Electronics,618.0,1,1,1,1,618.0
U10679,S10679,2026-03-12,Mobile,Email,Electronics,2323.0,1,0,0,0,0.0
U02502,S02502,2026-03-12,Desktop,Facebook,Shoes,3985.0,1,1,1,1,3985.0
U04030,S04030,2026-03-12,Desktop,Instagram,Home,1454.0,1,1,1,1,1454.0
U05235,S05235,2026-03-12,Desktop,Instagram,Electronics,14100.0,1,0,0,0,0.0
U11468,S11468,2026-03-12,Mobile,Direct,Clothing,1518.0,1,0,0,0,0.0
U10309,S10309,2026-03-13,Desktop,Facebook,Home,2211.0,1,0,0,0,0.0
U00297,S00297,2026-03-13,Tablet,Facebook,Shoes,4171.0,1,1,1,1,4171.0
U07473,S07473,2026-03-13,Mobile,Instagram,Electronics,4852.0,1,0,0,0,0.0
U06389,S06389,2026-03-13,Tablet,Direct,Clothing,517.0,1,0,0,0,0.0
U11992,S11992,2026-03-13,Mobile,Email,Clothing,862.0,1,0,0,0,0.0
U07077,S07077,2026-03-13,Mobile,Instagram,Shoes,3156.0,1,1,1,0,0.0
U09244,S09244,2026-03-13,Mobile,Instagram,Clothing,1308.0,1,1,1,1,1308.0
U09187,S09187,2026-03-13,Desktop,Direct,Electronics,3997.0,1,0,0,0,0.0
U03468,S03468,2026-03-13,Mobile,Google,Electronics,1106.0,1,0,0,0,0.0
U05907,S05907,2026-03-13,Desktop,Email,Home,2483.0,1,1,0,0,0.0
U01636,S01636,2026-03-13,Mobile,Google,Home,1658.0,1,0,0,0,0.0
U01950,S01950,2026-03-13,Tablet,Instagram,Clothing,2866.0,1,0,0,0,0.0
U09522,S09522,2026-03-13,Desktop,Facebook,Clothing,3537.0,1,0,0,0,0.0
U04280,S04280,2026-03-13,Desktop,Google,Home,1591.0,1,0,0,0,0.0
U11306,S11306,2026-03-13,Mobile,Direct,Beauty,8659.0,1,1,1,1,8659.0
U10708,S10708,2026-03-13,Mobile,Google,Clothing,3441.0,1,1,0,0,0.0
U10904,S10904,2026-03-13,Mobile,Direct,Clothing,6686.0,1,0,0,0,0.0
U10250,S10250,2026-03-13,Tablet,Direct,Clothing,2698.0,1,0,0,0,0.0
U04257,S04257,2026-03-13,Mobile,Email,Beauty,2400.0,1,1,0,0,0.0
U06398,S06398,2026-03-13,Mobile,Instagram,Electronics,1934.0,1,0,0,0,0.0
U10962,S10962,2026-03-13,Mobile,Google,Home,2090.0,1,0,0,0,0.0
U11709,S11709,2026-03-13,Mobile,Direct,Electronics,2157.0,1,0,0,0,0.0
U06407,S06407,2026-03-13,Tablet,Instagram,Electronics,569.0,1,0,0,0,0.0
U05774,S05774,2026-03-13,Mobile,Google,Shoes,9931.0,1,1,1,1,9931.0
U04855,S04855,2026-03-13,Mobile,Direct,Clothing,4425.0,1,1,0,0,0.0
U10869,S10869,2026-03-13,Desktop,Direct,Clothing,1735.0,1,0,0,0,0.0
U03351,S03351,2026-03-13,Mobile,Google,Shoes,2301.0,1,0,0,0,0.0
U09031,S09031,2026-03-13,Mobile,Facebook,Electronics,5773.0,1,0,0,0,0.0
U05763,S05763,2026-03-13,Desktop,Facebook,Shoes,854.0,1,0,0,0,0.0
U10082,S10082,2026-03-13,Mobile,Google,Home,3108.0,1,1,0,0,0.0
U09344,S09344,2026-03-13,Mobile,Email,Beauty,2689.0,1,1,1,1,2689.0
U00269,S00269,2026-03-13,Mobile,Google,Clothing,1282.0,1,0,0,0,0.0
U10214,S10214,2026-03-13,Mobile,Direct,Shoes,2115.0,1,1,1,1,2115.0
U02092,S02092,2026-03-13,Desktop,Email,Home,887.0,1,1,1,1,887.0
U05081,S05081,2026-03-13,Mobile,Direct,Shoes,2787.0,1,1,0,0,0.0
U08345,S08345,2026-03-13,Desktop,Direct,Electronics,1624.0,1,1,1,1,1624.0
U04594,S04594,2026-03-13,Mobile,Google,Beauty,4848.0,1,0,0,0,0.0
U01647,S01647,2026-03-13,Mobile,Email,Shoes,1988.0,1,0,0,0,0.0
U06055,S06055,2026-03-13,Mobile,Google,Beauty,4572.0,1,1,1,1,4572.0
U03818,S03818,2026-03-13,Mobile,Instagram,Electronics,2875.0,1,1,1,0,0.0
U01509,S01509,2026-03-13,Mobile,Google,Beauty,489.0,1,0,0,0,0.0
U06409,S06409,2026-03-13,Desktop,Google,Beauty,2319.0,1,0,0,0,0.0
U01775,S01775,2026-03-13,Desktop,Direct,Shoes,5927.0,1,0,0,0,0.0
U09588,S09588,2026-03-13,Mobile,Google,Shoes,3156.0,1,1,0,0,0.0
U02863,S02863,2026-03-13,Mobile,Google,Shoes,1222.0,1,0,0,0,0.0
U08019,S08019,2026-03-13,Mobile,Direct,Home,1872.0,1,0,0,0,0.0
U07847,S07847,2026-03-13,Mobile,Direct,Clothing,2228.0,1,1,1,1,2228.0
U00334,S00334,2026-03-13,Desktop,Google,Electronics,18093.0,1,0,0,0,0.0
U01869,S01869,2026-03-13,Mobile,Google,Clothing,429.0,1,1,1,0,0.0
U10196,S10196,2026-03-13,Tablet,Facebook,Home,9659.0,1,0,0,0,0.0
U06267,S06267,2026-03-13,Mobile,Instagram,Clothing,489.0,1,0,0,0,0.0
U03414,S03414,2026-03-13,Mobile,Direct,Clothing,2709.0,1,1,0,0,0.0
U06175,S06175,2026-03-13,Mobile,Instagram,Clothing,597.0,1,0,0,0,0.0
U09045,S09045,2026-03-13,Mobile,Direct,Electronics,1695.0,1,0,0,0,0.0
U09320,S09320,2026-03-13,Mobile,Facebook,Clothing,1655.0,1,0,0,0,0.0
U04684,S04684,2026-03-13,Desktop,Email,Electronics,12879.0,1,0,0,0,0.0
U11303,S11303,2026-03-13,Tablet,Google,Electronics,2355.0,1,1,1,1,2355.0
U01626,S01626,2026-03-13,Desktop,Email,Electronics,510.0,1,0,0,0,0.0
U06738,S06738,2026-03-13,Mobile,Direct,Beauty,1272.0,1,0,0,0,0.0
U01188,S01188,2026-03-13,Tablet,Google,Shoes,7358.0,1,0,0,0,0.0
U04604,S04604,2026-03-13,Desktop,Google,Electronics,625.0,1,0,0,0,0.0
U07247,S07247,2026-03-14,Desktop,Google,Shoes,6524.0,1,1,0,0,0.0
U01204,S01204,2026-03-14,Desktop,Google,Shoes,804.0,1,0,0,0,0.0
U01034,S01034,2026-03-14,Desktop,Google,Shoes,1080.0,1,0,0,0,0.0
U02116,S02116,2026-03-14,Tablet,Google,Clothing,3419.0,1,1,1,1,3419.0
U03910,S03910,2026-03-14,Desktop,Instagram,Clothing,437.0,1,1,0,0,0.0
U05058,S05058,2026-03-14,Mobile,Facebook,Electronics,2388.0,1,0,0,0,0.0
U04821,S04821,2026-03-14,Desktop,Google,Clothing,603.0,1,0,0,0,0.0
U06922,S06922,2026-03-14,Desktop,Google,Electronics,2380.0,1,1,1,1,2380.0
U10029,S10029,2026-03-14,Desktop,Direct,Home,2427.0,1,1,0,0,0.0
U05296,S05296,2026-03-14,Mobile,Facebook,Electronics,1857.0,1,0,0,0,0.0
U10259,S10259,2026-03-14,Mobile,Google,Home,341.0,1,0,0,0,0.0
U08349,S08349,2026-03-14,Mobile,Google,Home,2223.0,1,1,1,1,2223.0
U01019,S01019,2026-03-14,Mobile,Instagram,Electronics,8279.0,1,1,1,0,0.0
U01259,S01259,2026-03-14,Mobile,Google,Beauty,3891.0,1,0,0,0,0.0
U09736,S09736,2026-03-14,Mobile,Email,Shoes,15322.0,1,1,1,1,15322.0
U09650,S09650,2026-03-14,Mobile,Direct,Beauty,5080.0,1,0,0,0,0.0
U09899,S09899,2026-03-14,Desktop,Facebook,Electronics,1131.0,1,0,0,0,0.0
U09416,S09416,2026-03-14,Mobile,Email,Shoes,840.0,1,0,0,0,0.0
U10756,S10756,2026-03-14,Mobile,Email,Clothing,8694.0,1,1,1,1,8694.0
U10843,S10843,2026-03-14,Mobile,Direct,Shoes,790.0,1,0,0,0,0.0
U08189,S08189,2026-03-14,Desktop,Direct,Electronics,998.0,1,1,1,1,998.0
U03767,S03767,2026-03-14,Mobile,Google,Clothing,1532.0,1,1,1,1,1532.0
U10929,S10929,2026-03-14,Desktop,Instagram,Clothing,1457.0,1,0,0,0,0.0
U09284,S09284,2026-03-14,Mobile,Google,Clothing,964.0,1,0,0,0,0.0
U02068,S02068,2026-03-14,Tablet,Direct,Beauty,1757.0,1,1,1,1,1757.0
U10310,S10310,2026-03-14,Mobile,Email,Electronics,3351.0,1,1,0,0,0.0
U01253,S01253,2026-03-14,Mobile,Instagram,Home,815.0,1,0,0,0,0.0
U03283,S03283,2026-03-14,Mobile,Facebook,Clothing,21162.0,1,1,1,0,0.0
U01143,S01143,2026-03-14,Desktop,Google,Beauty,740.0,1,1,1,1,740.0
U01493,S01493,2026-03-14,Desktop,Direct,Home,1216.0,1,1,1,1,1216.0
U09502,S09502,2026-03-14,Desktop,Instagram,Clothing,300.0,1,0,0,0,0.0
U03067,S03067,2026-03-14,Mobile,Direct,Beauty,6580.0,1,0,0,0,0.0
U08006,S08006,2026-03-14,Desktop,Instagram,Electronics,1549.0,1,0,0,0,0.0
U09077,S09077,2026-03-14,Desktop,Instagram,Home,2260.0,1,0,0,0,0.0
U03068,S03068,2026-03-14,Mobile,Direct,Beauty,8949.0,1,0,0,0,0.0
U08075,S08075,2026-03-14,Tablet,Google,Shoes,1427.0,1,1,0,0,0.0
U08604,S08604,2026-03-14,Tablet,Facebook,Shoes,1753.0,1,0,0,0,0.0
U10662,S10662,2026-03-14,Desktop,Email,Shoes,934.0,1,0,0,0,0.0
U07739,S07739,2026-03-14,Mobile,Instagram,Home,826.0,1,1,1,1,826.0
U07636,S07636,2026-03-14,Mobile,Direct,Shoes,6723.0,1,0,0,0,0.0
U09415,S09415,2026-03-14,Desktop,Facebook,Home,4426.0,1,0,0,0,0.0
U07889,S07889,2026-03-14,Desktop,Google,Beauty,388.0,1,0,0,0,0.0
U02927,S02927,2026-03-14,Desktop,Instagram,Shoes,622.0,1,1,0,0,0.0
U08094,S08094,2026-03-14,Tablet,Google,Clothing,1857.0,1,0,0,0,0.0
U06802,S06802,2026-03-14,Desktop,Google,Beauty,3603.0,1,1,1,1,3603.0
U09281,S09281,2026-03-14,Tablet,Email,Electronics,7634.0,1,1,1,1,7634.0
U02702,S02702,2026-03-14,Mobile,Email,Electronics,835.0,1,1,0,0,0.0
U01076,S01076,2026-03-14,Mobile,Direct,Shoes,1425.0,1,1,1,1,1425.0
U08770,S08770,2026-03-14,Mobile,Direct,Clothing,616.0,1,1,0,0,0.0
U03006,S03006,2026-03-14,Desktop,Google,Electronics,1686.0,1,0,0,0,0.0
U00333,S00333,2026-03-14,Desktop,Direct,Home,677.0,1,0,0,0,0.0
U11411,S11411,2026-03-14,Mobile,Direct,Beauty,3079.0,1,0,0,0,0.0
U04969,S04969,2026-03-14,Mobile,Google,Home,4712.0,1,1,0,0,0.0
U00543,S00543,2026-03-14,Desktop,Google,Clothing,14855.0,1,0,0,0,0.0
U11962,S11962,2026-03-14,Mobile,Instagram,Clothing,5068.0,1,0,0,0,0.0
U03664,S03664,2026-03-14,Desktop,Email,Clothing,1308.0,1,1,1,0,0.0
U03428,S03428,2026-03-14,Desktop,Direct,Clothing,642.0,1,0,0,0,0.0
U04750,S04750,2026-03-14,Mobile,Email,Clothing,2228.0,1,0,0,0,0.0
U08786,S08786,2026-03-14,Mobile,Instagram,Beauty,2447.0,1,0,0,0,0.0
U05308,S05308,2026-03-14,Mobile,Facebook,Electronics,4156.0,1,1,0,0,0.0
U06146,S06146,2026-03-14,Desktop,Google,Home,3961.0,1,0,0,0,0.0
U02871,S02871,2026-03-14,Desktop,Email,Electronics,3070.0,1,0,0,0,0.0
U11092,S11092,2026-03-15,Mobile,Instagram,Shoes,11280.0,1,0,0,0,0.0
U04205,S04205,2026-03-15,Desktop,Email,Clothing,545.0,1,1,1,0,0.0
U06478,S06478,2026-03-15,Mobile,Email,Electronics,1240.0,1,1,1,1,1240.0
U05128,S05128,2026-03-15,Mobile,Direct,Home,8034.0,1,0,0,0,0.0
U11551,S11551,2026-03-15,Mobile,Google,Clothing,4632.0,1,0,0,0,0.0
U07846,S07846,2026-03-15,Mobile,Instagram,Electronics,5073.0,1,1,1,1,5073.0
U04735,S04735,2026-03-15,Desktop,Instagram,Beauty,4603.0,1,1,0,0,0.0
U07391,S07391,2026-03-15,Mobile,Google,Shoes,3960.0,1,0,0,0,0.0
U00499,S00499,2026-03-15,Mobile,Google,Clothing,1489.0,1,0,0,0,0.0
U05226,S05226,2026-03-15,Mobile,Google,Home,1215.0,1,1,1,1,1215.0
U08340,S08340,2026-03-15,Desktop,Google,Electronics,5166.0,1,1,1,1,5166.0
U07476,S07476,2026-03-15,Mobile,Direct,Electronics,16448.0,1,1,1,0,0.0
U11906,S11906,2026-03-15,Desktop,Google,Shoes,328.0,1,0,0,0,0.0
U00130,S00130,2026-03-15,Mobile,Direct,Electronics,5000.0,1,0,0,0,0.0
U02337,S02337,2026-03-15,Desktop,Instagram,Beauty,3742.0,1,1,1,1,3742.0
U04276,S04276,2026-03-15,Mobile,Google,Clothing,954.0,1,0,0,0,0.0
U09419,S09419,2026-03-15,Mobile,Instagram,Clothing,300.0,1,0,0,0,0.0
U11757,S11757,2026-03-15,Tablet,Email,Home,6262.0,1,1,1,0,0.0
U07890,S07890,2026-03-15,Desktop,Google,Home,637.0,1,0,0,0,0.0
U06506,S06506,2026-03-15,Mobile,Direct,Electronics,698.0,1,0,0,0,0.0
U04999,S04999,2026-03-15,Mobile,Google,Shoes,3976.0,1,1,1,0,0.0
U03739,S03739,2026-03-15,Desktop,Google,Home,5670.0,1,1,1,0,0.0
U05841,S05841,2026-03-15,Mobile,Google,Electronics,3706.0,1,1,0,0,0.0
U00567,S00567,2026-03-15,Desktop,Instagram,Shoes,4548.0,1,0,0,0,0.0
U08087,S08087,2026-03-15,Tablet,Facebook,Electronics,9523.0,1,0,0,0,0.0
U03992,S03992,2026-03-15,Mobile,Facebook,Beauty,4384.0,1,1,1,0,0.0
U06827,S06827,2026-03-15,Mobile,Email,Clothing,1374.0,1,0,0,0,0.0
U08305,S08305,2026-03-15,Desktop,Direct,Clothing,8749.0,1,1,1,1,8749.0
U07098,S07098,2026-03-15,Mobile,Instagram,Home,2070.0,1,1,1,1,2070.0
U07215,S07215,2026-03-15,Desktop,Instagram,Shoes,3212.0,1,0,0,0,0.0
U10967,S10967,2026-03-15,Mobile,Instagram,Home,2392.0,1,0,0,0,0.0
U01757,S01757,2026-03-15,Mobile,Facebook,Electronics,3587.0,1,1,1,1,3587.0
U08951,S08951,2026-03-15,Mobile,Facebook,Electronics,1655.0,1,0,0,0,0.0
U09624,S09624,2026-03-15,Desktop,Facebook,Electronics,1159.0,1,1,1,1,1159.0
U06965,S06965,2026-03-15,Mobile,Instagram,Beauty,2076.0,1,0,0,0,0.0
U00433,S00433,2026-03-15,Desktop,Google,Clothing,2232.0,1,1,1,1,2232.0
U03861,S03861,2026-03-15,Mobile,Instagram,Beauty,1181.0,1,0,0,0,0.0
U09402,S09402,2026-03-15,Desktop,Email,Shoes,3869.0,1,0,0,0,0.0
U08082,S08082,2026-03-15,Mobile,Email,Home,2014.0,1,0,0,0,0.0
U02694,S02694,2026-03-15,Tablet,Google,Beauty,1271.0,1,0,0,0,0.0
U01455,S01455,2026-03-15,Mobile,Google,Electronics,1816.0,1,0,0,0,0.0
U10210,S10210,2026-03-15,Mobile,Direct,Clothing,2288.0,1,1,1,0,0.0
U01385,S01385,2026-03-15,Tablet,Email,Beauty,683.0,1,0,0,0,0.0
U08433,S08433,2026-03-15,Desktop,Email,Shoes,3667.0,1,0,0,0,0.0
U05048,S05048,2026-03-15,Desktop,Direct,Beauty,9077.0,1,0,0,0,0.0
U06583,S06583,2026-03-15,Desktop,Google,Clothing,5529.0,1,0,0,0,0.0
U02893,S02893,2026-03-15,Mobile,Google,Clothing,978.0,1,0,0,0,0.0
U05645,S05645,2026-03-15,Desktop,Google,Shoes,7702.0,1,0,0,0,0.0
U06001,S06001,2026-03-15,Mobile,Google,Clothing,452.0,1,1,0,0,0.0
U01309,S01309,2026-03-15,Mobile,Google,Beauty,802.0,1,0,0,0,0.0
U05415,S05415,2026-03-15,Desktop,Email,Shoes,1529.0,1,0,0,0,0.0
U06848,S06848,2026-03-15,Mobile,Facebook,Electronics,2306.0,1,1,0,0,0.0
U01375,S01375,2026-03-15,Tablet,Facebook,Electronics,3007.0,1,0,0,0,0.0
U03821,S03821,2026-03-15,Desktop,Direct,Shoes,750.0,1,0,0,0,0.0
U09792,S09792,2026-03-15,Mobile,Instagram,Shoes,975.0,1,0,0,0,0.0
U08683,S08683,2026-03-15,Desktop,Instagram,Clothing,687.0,1,1,0,0,0.0
U09752,S09752,2026-03-15,Desktop,Instagram,Electronics,2305.0,1,0,0,0,0.0
U02195,S02195,2026-03-15,Mobile,Facebook,Beauty,1901.0,1,1,0,0,0.0
U11821,S11821,2026-03-16,Desktop,Email,Shoes,10974.0,1,1,0,0,0.0
U10856,S10856,2026-03-16,Mobile,Instagram,Home,2085.0,1,0,0,0,0.0
U05397,S05397,2026-03-16,Mobile,Google,Home,3168.0,1,0,0,0,0.0
U09887,S09887,2026-03-16,Desktop,Facebook,Home,2200.0,1,1,1,1,2200.0
U11976,S11976,2026-03-16,Mobile,Google,Shoes,13944.0,1,1,0,0,0.0
U01793,S01793,2026-03-16,Mobile,Google,Shoes,2951.0,1,1,0,0,0.0
U07894,S07894,2026-03-16,Mobile,Instagram,Clothing,1184.0,1,1,0,0,0.0
U10704,S10704,2026-03-16,Desktop,Email,Clothing,5671.0,1,0,0,0,0.0
U05865,S05865,2026-03-16,Desktop,Facebook,Home,2144.0,1,0,0,0,0.0
U00338,S00338,2026-03-16,Desktop,Instagram,Shoes,2578.0,1,1,1,1,2578.0
U08678,S08678,2026-03-16,Desktop,Email,Electronics,2860.0,1,1,0,0,0.0
U10311,S10311,2026-03-16,Mobile,Direct,Shoes,1687.0,1,0,0,0,0.0
U11295,S11295,2026-03-16,Mobile,Google,Home,300.0,1,0,0,0,0.0
U05398,S05398,2026-03-16,Mobile,Direct,Home,2826.0,1,0,0,0,0.0
U06994,S06994,2026-03-16,Mobile,Direct,Clothing,594.0,1,1,0,0,0.0
U05014,S05014,2026-03-16,Desktop,Email,Beauty,1422.0,1,0,0,0,0.0
U00876,S00876,2026-03-16,Desktop,Instagram,Home,7187.0,1,1,0,0,0.0
U06932,S06932,2026-03-16,Desktop,Email,Clothing,4059.0,1,0,0,0,0.0
U01269,S01269,2026-03-16,Mobile,Instagram,Beauty,782.0,1,0,0,0,0.0
U07207,S07207,2026-03-16,Mobile,Google,Electronics,1310.0,1,1,1,1,1310.0
U01405,S01405,2026-03-16,Mobile,Google,Shoes,915.0,1,0,0,0,0.0
U05338,S05338,2026-03-16,Desktop,Email,Clothing,1582.0,1,0,0,0,0.0
U02490,S02490,2026-03-16,Mobile,Google,Electronics,4076.0,1,0,0,0,0.0
U05595,S05595,2026-03-16,Mobile,Facebook,Clothing,3489.0,1,0,0,0,0.0
U09092,S09092,2026-03-16,Mobile,Facebook,Electronics,1580.0,1,1,1,1,1580.0
U08703,S08703,2026-03-16,Mobile,Email,Shoes,2666.0,1,0,0,0,0.0
U07302,S07302,2026-03-16,Desktop,Facebook,Clothing,1333.0,1,0,0,0,0.0
U00220,S00220,2026-03-16,Mobile,Direct,Shoes,1608.0,1,0,0,0,0.0
U07801,S07801,2026-03-16,Mobile,Email,Clothing,4876.0,1,1,0,0,0.0
U11240,S11240,2026-03-16,Mobile,Email,Beauty,847.0,1,0,0,0,0.0
U08657,S08657,2026-03-16,Mobile,Direct,Home,2948.0,1,0,0,0,0.0
U09710,S09710,2026-03-16,Mobile,Direct,Clothing,1977.0,1,0,0,0,0.0
U00147,S00147,2026-03-16,Mobile,Instagram,Clothing,841.0,1,0,0,0,0.0
U06847,S06847,2026-03-16,Mobile,Direct,Electronics,947.0,1,1,0,0,0.0
U04772,S04772,2026-03-16,Mobile,Facebook,Home,2279.0,1,0,0,0,0.0
U01640,S01640,2026-03-16,Desktop,Google,Shoes,1117.0,1,1,1,1,1117.0
U08847,S08847,2026-03-16,Desktop,Direct,Clothing,921.0,1,1,1,0,0.0
U06728,S06728,2026-03-16,Mobile,Google,Clothing,1185.0,1,1,1,0,0.0
U09448,S09448,2026-03-16,Mobile,Email,Shoes,5796.0,1,0,0,0,0.0
U03299,S03299,2026-03-16,Mobile,Google,Clothing,573.0,1,1,0,0,0.0
U05657,S05657,2026-03-16,Desktop,Email,Beauty,1838.0,1,1,0,0,0.0
U04734,S04734,2026-03-16,Mobile,Instagram,Clothing,2958.0,1,1,0,0,0.0
U09690,S09690,2026-03-16,Mobile,Instagram,Beauty,8221.0,1,0,0,0,0.0
U04250,S04250,2026-03-16,Desktop,Direct,Electronics,536.0,1,0,0,0,0.0
U10747,S10747,2026-03-16,Mobile,Instagram,Clothing,2151.0,1,0,0,0,0.0
U05679,S05679,2026-03-16,Desktop,Email,Beauty,623.0,1,1,1,0,0.0
U07160,S07160,2026-03-16,Mobile,Instagram,Electronics,3695.0,1,0,0,0,0.0
U06816,S06816,2026-03-16,Mobile,Facebook,Beauty,1152.0,1,0,0,0,0.0
U10994,S10994,2026-03-16,Mobile,Google,Clothing,3444.0,1,1,0,0,0.0
U05675,S05675,2026-03-16,Mobile,Direct,Beauty,3749.0,1,1,1,1,3749.0
U11488,S11488,2026-03-16,Desktop,Direct,Home,3793.0,1,0,0,0,0.0
U02714,S02714,2026-03-16,Mobile,Google,Beauty,1382.0,1,0,0,0,0.0
U05265,S05265,2026-03-16,Mobile,Direct,Clothing,923.0,1,0,0,0,0.0
U00419,S00419,2026-03-16,Mobile,Email,Shoes,11536.0,1,1,0,0,0.0
U10085,S10085,2026-03-16,Desktop,Instagram,Electronics,3402.0,1,0,0,0,0.0
U04649,S04649,2026-03-16,Mobile,Direct,Clothing,1001.0,1,0,0,0,0.0
U08971,S08971,2026-03-16,Desktop,Facebook,Home,4362.0,1,0,0,0,0.0
U04006,S04006,2026-03-16,Mobile,Facebook,Home,4256.0,1,0,0,0,0.0
U07825,S07825,2026-03-16,Tablet,Google,Shoes,2614.0,1,0,0,0,0.0
U01427,S01427,2026-03-16,Mobile,Facebook,Shoes,5137.0,1,1,0,0,0.0
U07439,S07439,2026-03-16,Mobile,Google,Beauty,8554.0,1,0,0,0,0.0
U05468,S05468,2026-03-16,Mobile,Instagram,Shoes,896.0,1,0,0,0,0.0
U07668,S07668,2026-03-17,Mobile,Google,Home,1430.0,1,0,0,0,0.0
U05004,S05004,2026-03-17,Mobile,Facebook,Electronics,5634.0,1,1,1,1,5634.0
U04025,S04025,2026-03-17,Desktop,Facebook,Electronics,6315.0,1,1,0,0,0.0
U05412,S05412,2026-03-17,Desktop,Facebook,Beauty,4169.0,1,1,0,0,0.0
U05552,S05552,2026-03-17,Mobile,Google,Electronics,8892.0,1,0,0,0,0.0
U06133,S06133,2026-03-17,Desktop,Google,Clothing,2269.0,1,0,0,0,0.0
U10986,S10986,2026-03-17,Mobile,Facebook,Beauty,1347.0,1,0,0,0,0.0
U08563,S08563,2026-03-17,Desktop,Instagram,Home,2753.0,1,0,0,0,0.0
U07328,S07328,2026-03-17,Mobile,Google,Home,1950.0,1,1,1,1,1950.0
U04646,S04646,2026-03-17,Tablet,Instagram,Clothing,2836.0,1,1,1,0,0.0
U08898,S08898,2026-03-17,Mobile,Email,Clothing,3161.0,1,1,1,1,3161.0
U07652,S07652,2026-03-17,Mobile,Google,Home,1001.0,1,0,0,0,0.0
U03897,S03897,2026-03-17,Mobile,Google,Shoes,2363.0,1,1,1,0,0.0
U11701,S11701,2026-03-17,Mobile,Google,Shoes,13686.0,1,1,0,0,0.0
U09585,S09585,2026-03-17,Desktop,Google,Clothing,9766.0,1,1,1,0,0.0
U08367,S08367,2026-03-17,Mobile,Google,Home,6571.0,1,1,1,0,0.0
U05630,S05630,2026-03-17,Mobile,Direct,Home,4215.0,1,0,0,0,0.0
U06013,S06013,2026-03-17,Mobile,Instagram,Home,3372.0,1,0,0,0,0.0
U06344,S06344,2026-03-17,Mobile,Email,Electronics,1610.0,1,0,0,0,0.0
U08259,S08259,2026-03-17,Desktop,Google,Shoes,17072.0,1,0,0,0,0.0
U03707,S03707,2026-03-17,Mobile,Email,Beauty,3253.0,1,0,0,0,0.0
U10755,S10755,2026-03-17,Desktop,Google,Home,3891.0,1,0,0,0,0.0
U09651,S09651,2026-03-17,Desktop,Direct,Shoes,956.0,1,0,0,0,0.0
U03138,S03138,2026-03-17,Mobile,Google,Electronics,475.0,1,0,0,0,0.0
U02837,S02837,2026-03-17,Desktop,Email,Clothing,5178.0,1,0,0,0,0.0
U04903,S04903,2026-03-17,Mobile,Instagram,Shoes,1233.0,1,1,1,1,1233.0
U08702,S08702,2026-03-17,Mobile,Facebook,Shoes,3342.0,1,0,0,0,0.0
U06830,S06830,2026-03-17,Desktop,Instagram,Home,1324.0,1,0,0,0,0.0
U05633,S05633,2026-03-17,Mobile,Google,Shoes,3171.0,1,0,0,0,0.0
U00932,S00932,2026-03-17,Mobile,Email,Clothing,1919.0,1,1,0,0,0.0
U02202,S02202,2026-03-17,Tablet,Facebook,Electronics,3846.0,1,0,0,0,0.0
U11144,S11144,2026-03-17,Mobile,Instagram,Clothing,437.0,1,0,0,0,0.0
U11197,S11197,2026-03-17,Mobile,Google,Electronics,300.0,1,0,0,0,0.0
U04882,S04882,2026-03-17,Mobile,Google,Beauty,5622.0,1,1,1,1,5622.0
U05013,S05013,2026-03-17,Mobile,Facebook,Beauty,3399.0,1,1,1,1,3399.0
U07477,S07477,2026-03-17,Mobile,Direct,Clothing,2396.0,1,0,0,0,0.0
U03132,S03132,2026-03-17,Desktop,Google,Electronics,2094.0,1,1,1,0,0.0
U04556,S04556,2026-03-17,Desktop,Google,Clothing,5926.0,1,1,0,0,0.0
U09737,S09737,2026-03-17,Mobile,Google,Clothing,3618.0,1,0,0,0,0.0
U10672,S10672,2026-03-17,Desktop,Instagram,Beauty,5894.0,1,0,0,0,0.0
U09966,S09966,2026-03-17,Mobile,Google,Home,4832.0,1,0,0,0,0.0
U01814,S01814,2026-03-17,Mobile,Direct,Beauty,2067.0,1,0,0,0,0.0
U03103,S03103,2026-03-17,Tablet,Direct,Home,3260.0,1,1,1,1,3260.0
U01060,S01060,2026-03-17,Desktop,Email,Electronics,1273.0,1,1,1,0,0.0
U04284,S04284,2026-03-17,Mobile,Instagram,Electronics,8877.0,1,0,0,0,0.0
U04130,S04130,2026-03-17,Desktop,Instagram,Beauty,709.0,1,0,0,0,0.0
U05651,S05651,2026-03-17,Desktop,Google,Shoes,4195.0,1,1,0,0,0.0
U04952,S04952,2026-03-17,Desktop,Direct,Clothing,3410.0,1,0,0,0,0.0
U10701,S10701,2026-03-17,Desktop,Google,Home,729.0,1,0,0,0,0.0
U10099,S10099,2026-03-17,Mobile,Facebook,Electronics,2254.0,1,0,0,0,0.0
U00040,S00040,2026-03-17,Desktop,Email,Clothing,4247.0,1,1,1,0,0.0
U05080,S05080,2026-03-17,Desktop,Google,Beauty,1189.0,1,1,0,0,0.0
U06245,S06245,2026-03-17,Mobile,Google,Home,1977.0,1,0,0,0,0.0
U10072,S10072,2026-03-17,Desktop,Google,Shoes,2946.0,1,1,1,1,2946.0
U07455,S07455,2026-03-17,Tablet,Email,Beauty,5999.0,1,1,1,1,5999.0
U01135,S01135,2026-03-17,Tablet,Google,Home,4063.0,1,0,0,0,0.0
U00195,S00195,2026-03-17,Mobile,Google,Clothing,3139.0,1,0,0,0,0.0
U03302,S03302,2026-03-17,Mobile,Google,Shoes,1785.0,1,0,0,0,0.0
U06967,S06967,2026-03-17,Mobile,Direct,Electronics,5746.0,1,1,0,0,0.0
U00222,S00222,2026-03-17,Mobile,Instagram,Beauty,4313.0,1,0,0,0,0.0
U02818,S02818,2026-03-17,Mobile,Facebook,Electronics,1563.0,1,1,0,0,0.0
U04028,S04028,2026-03-17,Desktop,Facebook,Electronics,7198.0,1,1,1,1,7198.0
U05479,S05479,2026-03-17,Mobile,Email,Electronics,5995.0,1,1,1,0,0.0
U01683,S01683,2026-03-17,Desktop,Google,Shoes,4144.0,1,0,0,0,0.0
U00671,S00671,2026-03-17,Mobile,Google,Beauty,9257.0,1,0,0,0,0.0
U02819,S02819,2026-03-17,Mobile,Instagram,Clothing,3003.0,1,0,0,0,0.0
U06720,S06720,2026-03-17,Mobile,Google,Beauty,7347.0,1,1,1,1,7347.0
U04496,S04496,2026-03-17,Mobile,Google,Clothing,1545.0,1,0,0,0,0.0
U06856,S06856,2026-03-17,Mobile,Instagram,Beauty,14755.0,1,0,0,0,0.0
U05914,S05914,2026-03-17,Mobile,Facebook,Electronics,827.0,1,0,0,0,0.0
U06650,S06650,2026-03-17,Mobile,Google,Clothing,304.0,1,0,0,0,0.0
U04148,S04148,2026-03-18,Desktop,Google,Shoes,1443.0,1,1,1,1,1443.0
U10983,S10983,2026-03-18,Mobile,Direct,Home,2309.0,1,0,0,0,0.0
U07489,S07489,2026-03-18,Mobile,Google,Beauty,611.0,1,0,0,0,0.0
U11846,S11846,2026-03-18,Mobile,Email,Home,11568.0,1,0,0,0,0.0
U03573,S03573,2026-03-18,Mobile,Google,Clothing,2381.0,1,1,0,0,0.0
U07065,S07065,2026-03-18,Mobile,Instagram,Clothing,4014.0,1,0,0,0,0.0
U07977,S07977,2026-03-18,Desktop,Direct,Shoes,3256.0,1,0,0,0,0.0
U09519,S09519,2026-03-18,Mobile,Google,Shoes,3498.0,1,1,1,1,3498.0
U11040,S11040,2026-03-18,Desktop,Instagram,Shoes,1610.0,1,1,0,0,0.0
U03906,S03906,2026-03-18,Desktop,Google,Electronics,895.0,1,1,0,0,0.0
U05053,S05053,2026-03-18,Mobile,Direct,Electronics,12959.0,1,0,0,0,0.0
U01723,S01723,2026-03-18,Desktop,Direct,Beauty,733.0,1,1,1,1,733.0
U01536,S01536,2026-03-18,Mobile,Instagram,Clothing,2006.0,1,0,0,0,0.0
U05277,S05277,2026-03-18,Mobile,Facebook,Clothing,1674.0,1,0,0,0,0.0
U01586,S01586,2026-03-18,Tablet,Facebook,Home,2839.0,1,1,1,1,2839.0
U11167,S11167,2026-03-18,Mobile,Instagram,Beauty,6175.0,1,0,0,0,0.0
U07483,S07483,2026-03-18,Mobile,Facebook,Home,1879.0,1,1,1,0,0.0
U00347,S00347,2026-03-18,Tablet,Google,Shoes,10180.0,1,0,0,0,0.0
U07255,S07255,2026-03-18,Mobile,Google,Beauty,4294.0,1,0,0,0,0.0
U11925,S11925,2026-03-18,Mobile,Instagram,Electronics,2437.0,1,1,1,0,0.0
U03524,S03524,2026-03-18,Mobile,Google,Clothing,2466.0,1,0,0,0,0.0
U11221,S11221,2026-03-18,Mobile,Google,Shoes,376.0,1,0,0,0,0.0
U07466,S07466,2026-03-18,Mobile,Facebook,Beauty,790.0,1,1,0,0,0.0
U11280,S11280,2026-03-18,Mobile,Google,Shoes,813.0,1,0,0,0,0.0
U09326,S09326,2026-03-18,Mobile,Direct,Electronics,1695.0,1,0,0,0,0.0
U05455,S05455,2026-03-18,Tablet,Google,Clothing,4072.0,1,1,1,1,4072.0
U11594,S11594,2026-03-18,Desktop,Instagram,Electronics,4993.0,1,0,0,0,0.0
U06534,S06534,2026-03-18,Mobile,Direct,Shoes,12305.0,1,1,1,0,0.0
U08183,S08183,2026-03-18,Mobile,Facebook,Shoes,1167.0,1,1,1,1,1167.0
U06360,S06360,2026-03-18,Mobile,Google,Beauty,2164.0,1,0,0,0,0.0
U04278,S04278,2026-03-18,Desktop,Facebook,Home,1906.0,1,0,0,0,0.0
U06749,S06749,2026-03-18,Mobile,Google,Home,2523.0,1,1,0,0,0.0
U11802,S11802,2026-03-18,Mobile,Google,Shoes,1403.0,1,1,1,0,0.0
U00968,S00968,2026-03-18,Mobile,Google,Home,3102.0,1,0,0,0,0.0
U07742,S07742,2026-03-18,Mobile,Direct,Home,570.0,1,0,0,0,0.0
U00579,S00579,2026-03-18,Desktop,Google,Clothing,6442.0,1,0,0,0,0.0
U08136,S08136,2026-03-18,Mobile,Google,Shoes,5373.0,1,1,0,0,0.0
U10687,S10687,2026-03-18,Desktop,Instagram,Shoes,6439.0,1,0,0,0,0.0
U02594,S02594,2026-03-18,Mobile,Facebook,Beauty,1354.0,1,1,1,1,1354.0
U06231,S06231,2026-03-18,Desktop,Google,Home,1923.0,1,0,0,0,0.0
U10537,S10537,2026-03-18,Desktop,Direct,Beauty,654.0,1,1,1,1,654.0
U06162,S06162,2026-03-18,Mobile,Direct,Home,518.0,1,0,0,0,0.0
U02532,S02532,2026-03-18,Desktop,Google,Clothing,4962.0,1,0,0,0,0.0
U03100,S03100,2026-03-18,Mobile,Google,Clothing,978.0,1,1,1,1,978.0
U01285,S01285,2026-03-18,Tablet,Facebook,Clothing,3471.0,1,1,1,1,3471.0
U00054,S00054,2026-03-18,Desktop,Instagram,Electronics,2717.0,1,0,0,0,0.0
U01887,S01887,2026-03-18,Mobile,Facebook,Clothing,1420.0,1,1,1,0,0.0
U04801,S04801,2026-03-18,Mobile,Instagram,Clothing,1629.0,1,0,0,0,0.0
U08939,S08939,2026-03-18,Mobile,Email,Shoes,4148.0,1,1,1,1,4148.0
U03066,S03066,2026-03-18,Mobile,Email,Clothing,1623.0,1,1,0,0,0.0
U11514,S11514,2026-03-18,Mobile,Google,Home,2598.0,1,0,0,0,0.0
U08656,S08656,2026-03-18,Mobile,Instagram,Electronics,1047.0,1,0,0,0,0.0
U09619,S09619,2026-03-18,Mobile,Email,Shoes,4030.0,1,0,0,0,0.0
U06463,S06463,2026-03-18,Desktop,Google,Electronics,300.0,1,0,0,0,0.0
U06442,S06442,2026-03-18,Desktop,Google,Shoes,3923.0,1,1,1,1,3923.0
U03232,S03232,2026-03-18,Mobile,Facebook,Clothing,3103.0,1,0,0,0,0.0
U01645,S01645,2026-03-18,Mobile,Google,Clothing,656.0,1,1,1,0,0.0
U03725,S03725,2026-03-18,Desktop,Facebook,Beauty,9657.0,1,0,0,0,0.0
U01162,S01162,2026-03-18,Desktop,Google,Beauty,3941.0,1,0,0,0,0.0
U10336,S10336,2026-03-18,Tablet,Instagram,Home,9282.0,1,1,1,1,9282.0
U07512,S07512,2026-03-18,Mobile,Instagram,Clothing,4147.0,1,1,1,1,4147.0
U03785,S03785,2026-03-18,Mobile,Instagram,Clothing,3717.0,1,0,0,0,0.0
U00441,S00441,2026-03-19,Desktop,Direct,Clothing,3592.0,1,1,1,1,3592.0
U01332,S01332,2026-03-19,Mobile,Instagram,Shoes,8105.0,1,0,0,0,0.0
U10794,S10794,2026-03-19,Tablet,Instagram,Beauty,1795.0,1,0,0,0,0.0
U10766,S10766,2026-03-19,Mobile,Direct,Shoes,2236.0,1,0,0,0,0.0
U05206,S05206,2026-03-19,Mobile,Direct,Electronics,4797.0,1,0,0,0,0.0
U07217,S07217,2026-03-19,Desktop,Facebook,Clothing,5291.0,1,0,0,0,0.0
U07267,S07267,2026-03-19,Mobile,Facebook,Clothing,3511.0,1,0,0,0,0.0
U06823,S06823,2026-03-19,Mobile,Direct,Beauty,5207.0,1,0,0,0,0.0
U11532,S11532,2026-03-19,Mobile,Facebook,Shoes,1192.0,1,1,0,0,0.0
U11438,S11438,2026-03-19,Mobile,Instagram,Electronics,2145.0,1,0,0,0,0.0
U03089,S03089,2026-03-19,Mobile,Google,Electronics,4395.0,1,0,0,0,0.0
U09801,S09801,2026-03-19,Mobile,Email,Shoes,5807.0,1,0,0,0,0.0
U08029,S08029,2026-03-19,Tablet,Direct,Clothing,686.0,1,0,0,0,0.0
U06501,S06501,2026-03-19,Desktop,Instagram,Shoes,6493.0,1,1,0,0,0.0
U05748,S05748,2026-03-19,Tablet,Direct,Electronics,1569.0,1,1,0,0,0.0
U06053,S06053,2026-03-19,Desktop,Facebook,Shoes,3490.0,1,1,1,0,0.0
U11251,S11251,2026-03-19,Mobile,Google,Electronics,6612.0,1,1,1,1,6612.0
U05460,S05460,2026-03-19,Mobile,Google,Electronics,2277.0,1,1,1,1,2277.0
U00413,S00413,2026-03-19,Mobile,Facebook,Beauty,4522.0,1,1,1,0,0.0
U06093,S06093,2026-03-19,Mobile,Instagram,Electronics,3500.0,1,0,0,0,0.0
U10969,S10969,2026-03-19,Mobile,Google,Electronics,4233.0,1,0,0,0,0.0
U08247,S08247,2026-03-19,Mobile,Google,Clothing,2951.0,1,0,0,0,0.0
U05365,S05365,2026-03-19,Desktop,Direct,Beauty,1259.0,1,1,1,1,1259.0
U09863,S09863,2026-03-19,Mobile,Instagram,Electronics,3344.0,1,1,1,0,0.0
U03431,S03431,2026-03-19,Mobile,Direct,Clothing,1457.0,1,0,0,0,0.0
U09015,S09015,2026-03-19,Tablet,Facebook,Electronics,6292.0,1,0,0,0,0.0
U11744,S11744,2026-03-19,Mobile,Google,Shoes,1115.0,1,0,0,0,0.0
U04537,S04537,2026-03-19,Desktop,Instagram,Electronics,9057.0,1,0,0,0,0.0
U10663,S10663,2026-03-19,Tablet,Direct,Shoes,2008.0,1,1,1,1,2008.0
U05283,S05283,2026-03-19,Tablet,Facebook,Clothing,4060.0,1,0,0,0,0.0
U11154,S11154,2026-03-19,Desktop,Direct,Shoes,1402.0,1,0,0,0,0.0
U07156,S07156,2026-03-19,Desktop,Facebook,Electronics,7987.0,1,0,0,0,0.0
U11769,S11769,2026-03-19,Mobile,Instagram,Electronics,10175.0,1,0,0,0,0.0
U05596,S05596,2026-03-19,Desktop,Instagram,Shoes,4616.0,1,0,0,0,0.0
U09162,S09162,2026-03-19,Desktop,Instagram,Clothing,12593.0,1,1,0,0,0.0
U03571,S03571,2026-03-19,Desktop,Google,Home,1191.0,1,0,0,0,0.0
U08630,S08630,2026-03-19,Desktop,Facebook,Home,300.0,1,1,1,1,300.0
U10237,S10237,2026-03-19,Desktop,Direct,Beauty,9201.0,1,0,0,0,0.0
U10485,S10485,2026-03-19,Mobile,Email,Clothing,6482.0,1,0,0,0,0.0
U08625,S08625,2026-03-19,Mobile,Instagram,Home,515.0,1,1,1,1,515.0
U04609,S04609,2026-03-19,Mobile,Google,Shoes,2297.0,1,0,0,0,0.0
U01846,S01846,2026-03-19,Desktop,Google,Clothing,1171.0,1,1,0,0,0.0
U02467,S02467,2026-03-19,Desktop,Google,Beauty,1663.0,1,0,0,0,0.0
U04479,S04479,2026-03-19,Desktop,Direct,Beauty,1086.0,1,0,0,0,0.0
U01853,S01853,2026-03-19,Mobile,Google,Beauty,1160.0,1,0,0,0,0.0
U11180,S11180,2026-03-19,Mobile,Direct,Electronics,1814.0,1,1,1,0,0.0
U02902,S02902,2026-03-19,Tablet,Instagram,Shoes,1651.0,1,0,0,0,0.0
U08787,S08787,2026-03-19,Mobile,Google,Clothing,21429.0,1,0,0,0,0.0
U03047,S03047,2026-03-19,Mobile,Google,Clothing,680.0,1,1,1,1,680.0
U01029,S01029,2026-03-19,Desktop,Google,Clothing,4725.0,1,1,0,0,0.0
U02214,S02214,2026-03-19,Mobile,Google,Clothing,2244.0,1,0,0,0,0.0
U05824,S05824,2026-03-19,Mobile,Direct,Beauty,1908.0,1,1,1,0,0.0
U07523,S07523,2026-03-19,Mobile,Google,Home,1686.0,1,1,1,1,1686.0
U09183,S09183,2026-03-19,Mobile,Direct,Electronics,8192.0,1,0,0,0,0.0
U11762,S11762,2026-03-19,Mobile,Instagram,Home,497.0,1,0,0,0,0.0
U02177,S02177,2026-03-19,Mobile,Email,Home,2376.0,1,0,0,0,0.0
U02176,S02176,2026-03-19,Mobile,Instagram,Clothing,6496.0,1,0,0,0,0.0
U07545,S07545,2026-03-19,Mobile,Google,Electronics,2099.0,1,0,0,0,0.0
U03308,S03308,2026-03-19,Mobile,Direct,Electronics,1763.0,1,0,0,0,0.0
U07556,S07556,2026-03-19,Desktop,Google,Home,2410.0,1,0,0,0,0.0
U07460,S07460,2026-03-19,Desktop,Google,Shoes,429.0,1,1,1,0,0.0
U01655,S01655,2026-03-19,Tablet,Instagram,Beauty,5174.0,1,0,0,0,0.0
U04203,S04203,2026-03-19,Mobile,Google,Shoes,8685.0,1,1,1,1,8685.0
U11530,S11530,2026-03-20,Mobile,Instagram,Beauty,2335.0,1,0,0,0,0.0
U11531,S11531,2026-03-20,Mobile,Direct,Home,891.0,1,1,1,0,0.0
U01878,S01878,2026-03-20,Mobile,Google,Electronics,1890.0,1,1,0,0,0.0
U04727,S04727,2026-03-20,Desktop,Facebook,Electronics,4191.0,1,1,1,1,4191.0
U01059,S01059,2026-03-20,Mobile,Instagram,Electronics,1168.0,1,0,0,0,0.0
U08889,S08889,2026-03-20,Desktop,Instagram,Electronics,1649.0,1,0,0,0,0.0
U04486,S04486,2026-03-20,Mobile,Facebook,Clothing,6150.0,1,0,0,0,0.0
U02083,S02083,2026-03-20,Desktop,Instagram,Shoes,7312.0,1,1,1,0,0.0
U09601,S09601,2026-03-20,Mobile,Instagram,Beauty,5236.0,1,0,0,0,0.0
U01459,S01459,2026-03-20,Tablet,Email,Shoes,374.0,1,1,0,0,0.0
U02289,S02289,2026-03-20,Mobile,Instagram,Home,2798.0,1,0,0,0,0.0
U08248,S08248,2026-03-20,Mobile,Instagram,Electronics,700.0,1,0,0,0,0.0
U02012,S02012,2026-03-20,Mobile,Instagram,Clothing,9622.0,1,0,0,0,0.0
U02446,S02446,2026-03-20,Mobile,Instagram,Clothing,1027.0,1,0,0,0,0.0
U08827,S08827,2026-03-20,Desktop,Direct,Shoes,2937.0,1,0,0,0,0.0
U03515,S03515,2026-03-20,Desktop,Google,Clothing,1074.0,1,0,0,0,0.0
U01679,S01679,2026-03-20,Desktop,Instagram,Shoes,2152.0,1,1,1,1,2152.0
U00057,S00057,2026-03-20,Mobile,Instagram,Electronics,8418.0,1,1,1,1,8418.0
U01316,S01316,2026-03-20,Desktop,Google,Clothing,18147.0,1,0,0,0,0.0
U02017,S02017,2026-03-20,Mobile,Instagram,Clothing,1891.0,1,0,0,0,0.0
U00049,S00049,2026-03-20,Desktop,Instagram,Clothing,386.0,1,0,0,0,0.0
U05214,S05214,2026-03-20,Desktop,Facebook,Clothing,2439.0,1,0,0,0,0.0
U04345,S04345,2026-03-20,Desktop,Email,Electronics,2767.0,1,1,1,1,2767.0
U07551,S07551,2026-03-20,Desktop,Direct,Beauty,3023.0,1,1,1,1,3023.0
U10132,S10132,2026-03-20,Mobile,Instagram,Beauty,7759.0,1,1,1,1,7759.0
U09495,S09495,2026-03-20,Mobile,Google,Clothing,7420.0,1,1,1,0,0.0
U08405,S08405,2026-03-20,Tablet,Google,Clothing,5543.0,1,1,1,1,5543.0
U00275,S00275,2026-03-20,Desktop,Direct,Shoes,3256.0,1,0,0,0,0.0
U02528,S02528,2026-03-20,Desktop,Facebook,Beauty,7410.0,1,1,1,0,0.0
U08047,S08047,2026-03-20,Desktop,Direct,Electronics,955.0,1,0,0,0,0.0
U08057,S08057,2026-03-20,Mobile,Facebook,Clothing,1269.0,1,1,0,0,0.0
U00095,S00095,2026-03-20,Mobile,Instagram,Clothing,803.0,1,1,1,0,0.0
U06117,S06117,2026-03-20,Mobile,Google,Electronics,4240.0,1,0,0,0,0.0
U01431,S01431,2026-03-20,Tablet,Facebook,Clothing,2194.0,1,1,0,0,0.0
U00537,S00537,2026-03-20,Mobile,Google,Shoes,4522.0,1,1,1,1,4522.0
U10518,S10518,2026-03-20,Desktop,Instagram,Shoes,306.0,1,1,1,0,0.0
U08283,S08283,2026-03-20,Mobile,Direct,Shoes,1183.0,1,1,1,0,0.0
U07205,S07205,2026-03-20,Mobile,Instagram,Clothing,3399.0,1,1,1,1,3399.0
U08144,S08144,2026-03-20,Mobile,Direct,Shoes,2310.0,1,1,1,0,0.0
U05477,S05477,2026-03-20,Mobile,Direct,Clothing,2513.0,1,0,0,0,0.0
U00813,S00813,2026-03-20,Tablet,Google,Home,7039.0,1,0,0,0,0.0
U04816,S04816,2026-03-20,Mobile,Email,Shoes,1598.0,1,1,1,1,1598.0
U06018,S06018,2026-03-20,Desktop,Instagram,Electronics,12852.0,1,0,0,0,0.0
U01129,S01129,2026-03-20,Desktop,Email,Shoes,2611.0,1,0,0,0,0.0
U08816,S08816,2026-03-20,Mobile,Facebook,Shoes,412.0,1,1,0,0,0.0
U10150,S10150,2026-03-20,Desktop,Direct,Beauty,5350.0,1,1,0,0,0.0
U02641,S02641,2026-03-20,Desktop,Email,Beauty,4369.0,1,1,1,0,0.0
U05131,S05131,2026-03-20,Mobile,Facebook,Shoes,1420.0,1,0,0,0,0.0
U08731,S08731,2026-03-20,Mobile,Direct,Home,2234.0,1,0,0,0,0.0
U05769,S05769,2026-03-20,Mobile,Google,Electronics,15521.0,1,0,0,0,0.0
U04366,S04366,2026-03-20,Mobile,Google,Shoes,1741.0,1,0,0,0,0.0
U09786,S09786,2026-03-20,Desktop,Direct,Clothing,4585.0,1,1,0,0,0.0
U10081,S10081,2026-03-20,Mobile,Direct,Electronics,2025.0,1,0,0,0,0.0
U05354,S05354,2026-03-20,Desktop,Google,Home,411.0,1,1,1,1,411.0
U07242,S07242,2026-03-20,Mobile,Direct,Electronics,531.0,1,0,0,0,0.0
U04301,S04301,2026-03-20,Mobile,Google,Shoes,4381.0,1,1,0,0,0.0
U05708,S05708,2026-03-20,Desktop,Google,Clothing,1367.0,1,1,1,0,0.0
U01038,S01038,2026-03-20,Mobile,Email,Home,30000.0,1,0,0,0,0.0
U10596,S10596,2026-03-20,Mobile,Google,Clothing,825.0,1,1,0,0,0.0
U11301,S11301,2026-03-20,Mobile,Instagram,Beauty,1451.0,1,0,0,0,0.0
U09629,S09629,2026-03-20,Tablet,Instagram,Clothing,6484.0,1,0,0,0,0.0
U02131,S02131,2026-03-20,Mobile,Direct,Electronics,1992.0,1,1,1,1,1992.0
U11736,S11736,2026-03-21,Desktop,Direct,Beauty,3010.0,1,1,1,1,3010.0
U10472,S10472,2026-03-21,Mobile,Google,Electronics,4904.0,1,0,0,0,0.0
U01117,S01117,2026-03-21,Mobile,Email,Clothing,4745.0,1,0,0,0,0.0
U09632,S09632,2026-03-21,Tablet,Google,Electronics,865.0,1,1,1,1,865.0
U09832,S09832,2026-03-21,Mobile,Facebook,Clothing,6394.0,1,0,0,0,0.0
U03401,S03401,2026-03-21,Mobile,Google,Shoes,4020.0,1,0,0,0,0.0
U07462,S07462,2026-03-21,Mobile,Direct,Electronics,2605.0,1,0,0,0,0.0
U02989,S02989,2026-03-21,Mobile,Instagram,Home,766.0,1,0,0,0,0.0
U04026,S04026,2026-03-21,Tablet,Facebook,Shoes,14418.0,1,1,1,0,0.0
U07147,S07147,2026-03-21,Mobile,Direct,Beauty,2028.0,1,1,0,0,0.0
U06646,S06646,2026-03-21,Mobile,Instagram,Home,1469.0,1,0,0,0,0.0
U09165,S09165,2026-03-21,Mobile,Google,Clothing,30000.0,1,1,0,0,0.0
U01004,S01004,2026-03-21,Mobile,Instagram,Clothing,4220.0,1,0,0,0,0.0
U00766,S00766,2026-03-21,Mobile,Google,Electronics,2634.0,1,0,0,0,0.0
U11671,S11671,2026-03-21,Mobile,Google,Clothing,1089.0,1,1,1,1,1089.0
U05826,S05826,2026-03-21,Mobile,Facebook,Electronics,3807.0,1,1,1,1,3807.0
U03508,S03508,2026-03-21,Desktop,Direct,Beauty,920.0,1,0,0,0,0.0
U05603,S05603,2026-03-21,Desktop,Google,Electronics,1766.0,1,0,0,0,0.0
U06756,S06756,2026-03-21,Mobile,Email,Electronics,4279.0,1,0,0,0,0.0
U10570,S10570,2026-03-21,Tablet,Instagram,Clothing,425.0,1,0,0,0,0.0
U00380,S00380,2026-03-21,Desktop,Google,Clothing,1090.0,1,0,0,0,0.0
U05527,S05527,2026-03-21,Mobile,Facebook,Home,3091.0,1,0,0,0,0.0
U08733,S08733,2026-03-21,Mobile,Direct,Shoes,2485.0,1,0,0,0,0.0
U04522,S04522,2026-03-21,Mobile,Google,Clothing,4355.0,1,1,0,0,0.0
U07329,S07329,2026-03-21,Mobile,Google,Beauty,1390.0,1,0,0,0,0.0
U03972,S03972,2026-03-21,Mobile,Direct,Shoes,1137.0,1,1,1,0,0.0
U01002,S01002,2026-03-21,Mobile,Direct,Home,3771.0,1,1,0,0,0.0
U06438,S06438,2026-03-21,Mobile,Facebook,Clothing,1669.0,1,0,0,0,0.0
U02407,S02407,2026-03-21,Mobile,Google,Clothing,2397.0,1,0,0,0,0.0
U08692,S08692,2026-03-21,Mobile,Google,Home,1071.0,1,0,0,0,0.0
U02670,S02670,2026-03-21,Mobile,Google,Clothing,1349.0,1,0,0,0,0.0
U11041,S11041,2026-03-21,Tablet,Google,Clothing,949.0,1,1,1,1,949.0
U05501,S05501,2026-03-21,Mobile,Instagram,Beauty,1875.0,1,0,0,0,0.0
U03236,S03236,2026-03-21,Mobile,Facebook,Beauty,8270.0,1,1,1,1,8270.0
U11038,S11038,2026-03-21,Mobile,Email,Beauty,2684.0,1,0,0,0,0.0
U10902,S10902,2026-03-21,Mobile,Google,Shoes,964.0,1,1,1,0,0.0
U07910,S07910,2026-03-21,Mobile,Instagram,Clothing,961.0,1,0,0,0,0.0
U11037,S11037,2026-03-21,Mobile,Facebook,Clothing,1291.0,1,0,0,0,0.0
U02041,S02041,2026-03-21,Mobile,Email,Electronics,1298.0,1,1,0,0,0.0
U04306,S04306,2026-03-21,Mobile,Direct,Shoes,603.0,1,1,1,0,0.0
U07185,S07185,2026-03-21,Mobile,Direct,Beauty,1332.0,1,0,0,0,0.0
U09323,S09323,2026-03-21,Mobile,Email,Shoes,11363.0,1,0,0,0,0.0
U08771,S08771,2026-03-21,Mobile,Google,Clothing,3495.0,1,0,0,0,0.0
U01362,S01362,2026-03-21,Mobile,Google,Clothing,5285.0,1,0,0,0,0.0
U00279,S00279,2026-03-21,Desktop,Instagram,Home,1705.0,1,0,0,0,0.0
U08600,S08600,2026-03-21,Mobile,Email,Home,5450.0,1,1,1,0,0.0
U11612,S11612,2026-03-21,Mobile,Google,Shoes,11559.0,1,0,0,0,0.0
U08595,S08595,2026-03-21,Mobile,Instagram,Home,9800.0,1,0,0,0,0.0
U03128,S03128,2026-03-21,Mobile,Google,Electronics,23178.0,1,1,0,0,0.0
U06278,S06278,2026-03-21,Desktop,Direct,Clothing,2789.0,1,1,0,0,0.0
U11346,S11346,2026-03-21,Mobile,Facebook,Shoes,2621.0,1,0,0,0,0.0
U04321,S04321,2026-03-21,Desktop,Direct,Beauty,3192.0,1,0,0,0,0.0
U09232,S09232,2026-03-21,Desktop,Google,Home,2090.0,1,1,1,0,0.0
U05445,S05445,2026-03-21,Tablet,Direct,Electronics,3843.0,1,1,1,1,3843.0
U03094,S03094,2026-03-21,Tablet,Direct,Clothing,1499.0,1,1,1,1,1499.0
U09053,S09053,2026-03-21,Desktop,Direct,Clothing,10976.0,1,0,0,0,0.0
U07634,S07634,2026-03-21,Mobile,Google,Shoes,6002.0,1,0,0,0,0.0
U11126,S11126,2026-03-21,Mobile,Google,Shoes,1161.0,1,1,1,1,1161.0
U01602,S01602,2026-03-21,Mobile,Google,Electronics,1294.0,1,1,1,1,1294.0
U11863,S11863,2026-03-21,Desktop,Direct,Shoes,9178.0,1,1,0,0,0.0
U03848,S03848,2026-03-21,Desktop,Google,Beauty,619.0,1,1,0,0,0.0
U00828,S00828,2026-03-21,Mobile,Google,Clothing,4079.0,1,1,1,1,4079.0
U03062,S03062,2026-03-21,Mobile,Facebook,Beauty,4830.0,1,1,1,1,4830.0
U00448,S00448,2026-03-21,Mobile,Email,Home,2027.0,1,0,0,0,0.0
U05653,S05653,2026-03-21,Mobile,Google,Home,2313.0,1,0,0,0,0.0
U02056,S02056,2026-03-21,Mobile,Google,Electronics,2273.0,1,0,0,0,0.0
U01156,S01156,2026-03-21,Mobile,Direct,Electronics,1944.0,1,0,0,0,0.0
U00898,S00898,2026-03-21,Mobile,Email,Home,4653.0,1,0,0,0,0.0
U07929,S07929,2026-03-21,Mobile,Email,Clothing,2941.0,1,1,1,1,2941.0
U08542,S08542,2026-03-21,Mobile,Instagram,Electronics,3243.0,1,0,0,0,0.0
U05627,S05627,2026-03-21,Desktop,Instagram,Beauty,4440.0,1,0,0,0,0.0
U01291,S01291,2026-03-21,Mobile,Direct,Shoes,754.0,1,1,1,1,754.0
U02236,S02236,2026-03-22,Desktop,Instagram,Clothing,1823.0,1,1,0,0,0.0
U08573,S08573,2026-03-22,Desktop,Instagram,Home,1513.0,1,0,0,0,0.0
U03920,S03920,2026-03-22,Mobile,Facebook,Electronics,1148.0,1,0,0,0,0.0
U06448,S06448,2026-03-22,Mobile,Google,Home,798.0,1,1,0,0,0.0
U04868,S04868,2026-03-22,Mobile,Email,Clothing,2352.0,1,1,1,1,2352.0
U08752,S08752,2026-03-22,Mobile,Facebook,Home,1833.0,1,0,0,0,0.0
U03597,S03597,2026-03-22,Desktop,Google,Clothing,3758.0,1,1,1,1,3758.0
U10333,S10333,2026-03-22,Mobile,Email,Beauty,3733.0,1,0,0,0,0.0
U10586,S10586,2026-03-22,Desktop,Instagram,Shoes,21564.0,1,1,1,1,21564.0
U09283,S09283,2026-03-22,Mobile,Facebook,Shoes,2650.0,1,0,0,0,0.0
U05830,S05830,2026-03-22,Desktop,Instagram,Beauty,20501.0,1,0,0,0,0.0
U07728,S07728,2026-03-22,Mobile,Google,Beauty,3211.0,1,1,0,0,0.0
U03296,S03296,2026-03-22,Tablet,Google,Shoes,5995.0,1,1,0,0,0.0
U03840,S03840,2026-03-22,Mobile,Direct,Electronics,2066.0,1,1,0,0,0.0
U10987,S10987,2026-03-22,Mobile,Google,Shoes,559.0,1,1,1,1,559.0
U01813,S01813,2026-03-22,Desktop,Direct,Shoes,1824.0,1,1,0,0,0.0
U08114,S08114,2026-03-22,Desktop,Instagram,Clothing,729.0,1,0,0,0,0.0
U08527,S08527,2026-03-22,Desktop,Direct,Electronics,2701.0,1,0,0,0,0.0
U08997,S08997,2026-03-22,Desktop,Facebook,Clothing,6383.0,1,1,1,1,6383.0
U10213,S10213,2026-03-22,Mobile,Google,Shoes,14582.0,1,0,0,0,0.0
U11930,S11930,2026-03-22,Desktop,Instagram,Home,1058.0,1,1,1,1,1058.0
U02327,S02327,2026-03-22,Mobile,Google,Electronics,9824.0,1,1,0,0,0.0
U09671,S09671,2026-03-22,Mobile,Instagram,Shoes,5155.0,1,0,0,0,0.0
U09745,S09745,2026-03-22,Desktop,Instagram,Clothing,5312.0,1,0,0,0,0.0
U07853,S07853,2026-03-22,Mobile,Instagram,Shoes,1318.0,1,1,1,0,0.0
U04089,S04089,2026-03-22,Mobile,Email,Shoes,681.0,1,0,0,0,0.0
U08938,S08938,2026-03-22,Mobile,Facebook,Clothing,5074.0,1,1,0,0,0.0
U11770,S11770,2026-03-22,Mobile,Facebook,Clothing,2365.0,1,1,1,0,0.0
U09275,S09275,2026-03-22,Mobile,Instagram,Shoes,1805.0,1,0,0,0,0.0
U10568,S10568,2026-03-22,Desktop,Google,Clothing,2208.0,1,1,1,0,0.0
U09536,S09536,2026-03-22,Mobile,Instagram,Electronics,3371.0,1,1,0,0,0.0
U01420,S01420,2026-03-22,Tablet,Instagram,Shoes,3369.0,1,1,1,1,3369.0
U06641,S06641,2026-03-22,Mobile,Google,Home,4725.0,1,0,0,0,0.0
U06474,S06474,2026-03-22,Mobile,Instagram,Electronics,7395.0,1,0,0,0,0.0
U05872,S05872,2026-03-22,Mobile,Facebook,Beauty,1708.0,1,1,0,0,0.0
U04294,S04294,2026-03-22,Mobile,Email,Shoes,8874.0,1,0,0,0,0.0
U06468,S06468,2026-03-22,Desktop,Google,Home,2336.0,1,1,1,1,2336.0
U01489,S01489,2026-03-22,Desktop,Instagram,Clothing,4134.0,1,0,0,0,0.0
U11150,S11150,2026-03-22,Desktop,Instagram,Beauty,1665.0,1,1,1,0,0.0
U00527,S00527,2026-03-22,Tablet,Direct,Clothing,1218.0,1,0,0,0,0.0
U01154,S01154,2026-03-22,Mobile,Email,Clothing,302.0,1,1,1,0,0.0
U01386,S01386,2026-03-22,Mobile,Instagram,Shoes,2945.0,1,1,1,1,2945.0
U01451,S01451,2026-03-22,Desktop,Instagram,Electronics,18017.0,1,0,0,0,0.0
U09376,S09376,2026-03-22,Mobile,Email,Beauty,338.0,1,0,0,0,0.0
U00640,S00640,2026-03-22,Desktop,Instagram,Clothing,2111.0,1,1,0,0,0.0
U11913,S11913,2026-03-22,Tablet,Direct,Clothing,6210.0,1,1,1,1,6210.0
U08230,S08230,2026-03-22,Desktop,Instagram,Electronics,3748.0,1,0,0,0,0.0
U03404,S03404,2026-03-22,Desktop,Direct,Beauty,3983.0,1,1,1,1,3983.0
U07568,S07568,2026-03-22,Desktop,Google,Clothing,2330.0,1,0,0,0,0.0
U05583,S05583,2026-03-22,Mobile,Instagram,Home,3438.0,1,0,0,0,0.0
U05100,S05100,2026-03-22,Desktop,Facebook,Clothing,1746.0,1,0,0,0,0.0
U10180,S10180,2026-03-22,Desktop,Email,Home,5042.0,1,0,0,0,0.0
U04698,S04698,2026-03-22,Mobile,Google,Home,633.0,1,1,0,0,0.0
U02729,S02729,2026-03-22,Mobile,Facebook,Home,2201.0,1,0,0,0,0.0
U09490,S09490,2026-03-22,Desktop,Facebook,Shoes,3072.0,1,0,0,0,0.0
U08238,S08238,2026-03-22,Mobile,Facebook,Home,567.0,1,0,0,0,0.0
U09815,S09815,2026-03-22,Tablet,Instagram,Home,3208.0,1,0,0,0,0.0
U02362,S02362,2026-03-22,Mobile,Google,Shoes,5300.0,1,1,0,0,0.0
U09839,S09839,2026-03-22,Desktop,Email,Electronics,5959.0,1,0,0,0,0.0
U05204,S05204,2026-03-22,Mobile,Google,Clothing,824.0,1,0,0,0,0.0
U08142,S08142,2026-03-22,Mobile,Google,Shoes,3887.0,1,0,0,0,0.0
U11881,S11881,2026-03-22,Mobile,Instagram,Shoes,1059.0,1,0,0,0,0.0
U03683,S03683,2026-03-22,Mobile,Google,Home,10239.0,1,0,0,0,0.0
U01053,S01053,2026-03-22,Mobile,Google,Shoes,1648.0,1,0,0,0,0.0
U05555,S05555,2026-03-22,Desktop,Google,Home,4666.0,1,0,0,0,0.0
U06384,S06384,2026-03-22,Desktop,Email,Beauty,535.0,1,1,1,1,535.0
U06173,S06173,2026-03-22,Mobile,Facebook,Beauty,703.0,1,0,0,0,0.0
U04944,S04944,2026-03-22,Tablet,Facebook,Clothing,2347.0,1,0,0,0,0.0
U06950,S06950,2026-03-22,Desktop,Direct,Shoes,8653.0,1,0,0,0,0.0
U01160,S01160,2026-03-23,Desktop,Google,Beauty,4663.0,1,1,1,1,4663.0
U01330,S01330,2026-03-23,Mobile,Instagram,Beauty,858.0,1,0,0,0,0.0
U11443,S11443,2026-03-23,Mobile,Facebook,Home,2993.0,1,1,0,0,0.0
U01449,S01449,2026-03-23,Desktop,Facebook,Clothing,6052.0,1,1,1,1,6052.0
U00375,S00375,2026-03-23,Mobile,Google,Home,2504.0,1,0,0,0,0.0
U07270,S07270,2026-03-23,Mobile,Google,Clothing,14444.0,1,0,0,0,0.0
U05967,S05967,2026-03-23,Desktop,Facebook,Shoes,2590.0,1,0,0,0,0.0
U06999,S06999,2026-03-23,Desktop,Email,Shoes,1149.0,1,1,1,0,0.0
U10076,S10076,2026-03-23,Desktop,Instagram,Clothing,15825.0,1,1,1,1,15825.0
U10527,S10527,2026-03-23,Tablet,Direct,Home,4842.0,1,0,0,0,0.0
U10931,S10931,2026-03-23,Mobile,Google,Clothing,759.0,1,0,0,0,0.0
U04837,S04837,2026-03-23,Mobile,Instagram,Beauty,2263.0,1,0,0,0,0.0
U06221,S06221,2026-03-23,Mobile,Direct,Shoes,2422.0,1,0,0,0,0.0
U11851,S11851,2026-03-23,Mobile,Google,Shoes,1126.0,1,1,1,0,0.0
U08978,S08978,2026-03-23,Desktop,Email,Electronics,1187.0,1,1,0,0,0.0
U10698,S10698,2026-03-23,Mobile,Google,Beauty,17932.0,1,1,1,1,17932.0
U07239,S07239,2026-03-23,Mobile,Instagram,Shoes,2066.0,1,1,1,1,2066.0
U08126,S08126,2026-03-23,Mobile,Facebook,Home,3255.0,1,1,0,0,0.0
U06204,S06204,2026-03-23,Mobile,Google,Electronics,484.0,1,1,0,0,0.0
U02879,S02879,2026-03-23,Mobile,Google,Clothing,5058.0,1,1,0,0,0.0
U00865,S00865,2026-03-23,Mobile,Email,Clothing,1978.0,1,1,0,0,0.0
U03030,S03030,2026-03-23,Mobile,Email,Shoes,3166.0,1,1,0,0,0.0
U06937,S06937,2026-03-23,Desktop,Google,Clothing,3331.0,1,1,0,0,0.0
U04489,S04489,2026-03-23,Mobile,Instagram,Shoes,537.0,1,0,0,0,0.0
U06833,S06833,2026-03-23,Mobile,Direct,Shoes,1709.0,1,0,0,0,0.0
U00989,S00989,2026-03-23,Mobile,Email,Electronics,2774.0,1,0,0,0,0.0
U04742,S04742,2026-03-23,Mobile,Email,Electronics,5175.0,1,1,0,0,0.0
U08760,S08760,2026-03-23,Mobile,Google,Home,2120.0,1,1,1,1,2120.0
U00545,S00545,2026-03-23,Mobile,Instagram,Shoes,4179.0,1,1,1,1,4179.0
U00052,S00052,2026-03-23,Mobile,Google,Home,5785.0,1,0,0,0,0.0
U01633,S01633,2026-03-23,Desktop,Facebook,Clothing,2148.0,1,0,0,0,0.0
U03231,S03231,2026-03-23,Mobile,Email,Electronics,1810.0,1,0,0,0,0.0
U09242,S09242,2026-03-23,Mobile,Email,Shoes,3187.0,1,1,1,1,3187.0
U03340,S03340,2026-03-23,Mobile,Email,Electronics,10610.0,1,0,0,0,0.0
U01387,S01387,2026-03-23,Desktop,Google,Shoes,9831.0,1,1,0,0,0.0
U11506,S11506,2026-03-23,Mobile,Direct,Electronics,1199.0,1,0,0,0,0.0
U05858,S05858,2026-03-23,Mobile,Email,Clothing,922.0,1,0,0,0,0.0
U09620,S09620,2026-03-23,Desktop,Instagram,Clothing,9912.0,1,0,0,0,0.0
U06337,S06337,2026-03-23,Mobile,Google,Home,1831.0,1,0,0,0,0.0
U10947,S10947,2026-03-23,Tablet,Instagram,Shoes,13248.0,1,0,0,0,0.0
U00278,S00278,2026-03-23,Mobile,Direct,Beauty,3318.0,1,0,0,0,0.0
U11835,S11835,2026-03-23,Mobile,Email,Home,970.0,1,0,0,0,0.0
U11944,S11944,2026-03-23,Mobile,Google,Shoes,2283.0,1,0,0,0,0.0
U04904,S04904,2026-03-23,Desktop,Direct,Shoes,2990.0,1,1,1,1,2990.0
U06304,S06304,2026-03-23,Mobile,Instagram,Shoes,7750.0,1,1,1,0,0.0
U10651,S10651,2026-03-23,Desktop,Direct,Home,524.0,1,1,1,1,524.0
U09039,S09039,2026-03-23,Mobile,Google,Clothing,3866.0,1,0,0,0,0.0
U07033,S07033,2026-03-23,Mobile,Direct,Home,3180.0,1,0,0,0,0.0
U02814,S02814,2026-03-23,Mobile,Google,Electronics,1118.0,1,0,0,0,0.0
U03427,S03427,2026-03-23,Mobile,Facebook,Electronics,1715.0,1,1,1,1,1715.0
U03981,S03981,2026-03-24,Mobile,Google,Electronics,4463.0,1,1,1,0,0.0
U00632,S00632,2026-03-24,Desktop,Direct,Home,4135.0,1,0,0,0,0.0
U10523,S10523,2026-03-24,Mobile,Email,Electronics,1602.0,1,1,1,0,0.0
U00471,S00471,2026-03-24,Mobile,Direct,Electronics,898.0,1,0,0,0,0.0
U11787,S11787,2026-03-24,Desktop,Instagram,Beauty,9626.0,1,0,0,0,0.0
U01087,S01087,2026-03-24,Desktop,Instagram,Electronics,6363.0,1,0,0,0,0.0
U07011,S07011,2026-03-24,Mobile,Google,Home,391.0,1,1,1,1,391.0
U08318,S08318,2026-03-24,Desktop,Email,Electronics,2746.0,1,0,0,0,0.0
U05917,S05917,2026-03-24,Desktop,Instagram,Shoes,836.0,1,1,0,0,0.0
U09739,S09739,2026-03-24,Desktop,Google,Beauty,12462.0,1,0,0,0,0.0
U10943,S10943,2026-03-24,Mobile,Google,Shoes,1384.0,1,0,0,0,0.0
U05954,S05954,2026-03-24,Mobile,Instagram,Beauty,2172.0,1,1,0,0,0.0
U01340,S01340,2026-03-24,Mobile,Google,Clothing,2962.0,1,0,0,0,0.0
U05973,S05973,2026-03-24,Mobile,Google,Electronics,2983.0,1,0,0,0,0.0
U00511,S00511,2026-03-24,Mobile,Google,Beauty,1324.0,1,0,0,0,0.0
U00512,S00512,2026-03-24,Desktop,Google,Beauty,1574.0,1,1,0,0,0.0
U01277,S01277,2026-03-24,Mobile,Instagram,Home,537.0,1,0,0,0,0.0
U05772,S05772,2026-03-24,Desktop,Instagram,Electronics,1028.0,1,1,1,1,1028.0
U06671,S06671,2026-03-24,Mobile,Facebook,Home,1376.0,1,1,0,0,0.0
U08290,S08290,2026-03-24,Mobile,Instagram,Home,1013.0,1,0,0,0,0.0
U02545,S02545,2026-03-24,Mobile,Google,Clothing,8073.0,1,0,0,0,0.0
U06085,S06085,2026-03-24,Mobile,Facebook,Clothing,2066.0,1,0,0,0,0.0
U09754,S09754,2026-03-24,Mobile,Google,Home,4180.0,1,0,0,0,0.0
U10402,S10402,2026-03-24,Mobile,Instagram,Clothing,1677.0,1,0,0,0,0.0
U02722,S02722,2026-03-24,Desktop,Google,Electronics,1792.0,1,0,0,0,0.0
U00744,S00744,2026-03-24,Mobile,Email,Shoes,3689.0,1,1,1,0,0.0
U00746,S00746,2026-03-24,Mobile,Google,Beauty,444.0,1,0,0,0,0.0
U03644,S03644,2026-03-24,Mobile,Google,Home,2352.0,1,1,0,0,0.0
U00575,S00575,2026-03-24,Desktop,Email,Clothing,484.0,1,1,1,0,0.0
U05598,S05598,2026-03-24,Mobile,Facebook,Home,1032.0,1,0,0,0,0.0
U00432,S00432,2026-03-24,Desktop,Direct,Electronics,309.0,1,0,0,0,0.0
U00592,S00592,2026-03-24,Mobile,Direct,Electronics,3369.0,1,0,0,0,0.0
U10641,S10641,2026-03-24,Desktop,Direct,Shoes,5989.0,1,1,1,1,5989.0
U03517,S03517,2026-03-24,Mobile,Email,Clothing,1828.0,1,0,0,0,0.0
U02836,S02836,2026-03-24,Desktop,Instagram,Electronics,2142.0,1,1,1,0,0.0
U06605,S06605,2026-03-24,Desktop,Instagram,Home,7459.0,1,1,1,0,0.0
U03841,S03841,2026-03-24,Desktop,Instagram,Beauty,5353.0,1,0,0,0,0.0
U11476,S11476,2026-03-24,Mobile,Google,Clothing,3699.0,1,0,0,0,0.0
U11379,S11379,2026-03-24,Mobile,Google,Electronics,4358.0,1,0,0,0,0.0
U00771,S00771,2026-03-24,Mobile,Email,Home,3086.0,1,0,0,0,0.0
U11496,S11496,2026-03-24,Mobile,Google,Electronics,2459.0,1,1,0,0,0.0
U08620,S08620,2026-03-24,Desktop,Instagram,Shoes,1224.0,1,0,0,0,0.0
U01890,S01890,2026-03-24,Mobile,Google,Home,4663.0,1,1,1,1,4663.0
U05383,S05383,2026-03-24,Desktop,Facebook,Beauty,4944.0,1,1,0,0,0.0
U07720,S07720,2026-03-24,Mobile,Google,Beauty,1648.0,1,1,1,1,1648.0
U07816,S07816,2026-03-24,Mobile,Google,Electronics,8290.0,1,0,0,0,0.0
U00141,S00141,2026-03-24,Mobile,Instagram,Beauty,5724.0,1,0,0,0,0.0
U11244,S11244,2026-03-24,Desktop,Direct,Electronics,2709.0,1,0,0,0,0.0
U10079,S10079,2026-03-24,Desktop,Facebook,Clothing,1058.0,1,1,1,1,1058.0
U01080,S01080,2026-03-24,Mobile,Facebook,Shoes,5658.0,1,1,1,1,5658.0
U00774,S00774,2026-03-24,Desktop,Google,Electronics,4322.0,1,0,0,0,0.0
U07980,S07980,2026-03-24,Mobile,Instagram,Clothing,1572.0,1,1,1,1,1572.0
U04890,S04890,2026-03-24,Tablet,Direct,Clothing,9158.0,1,1,1,1,9158.0
U07577,S07577,2026-03-24,Desktop,Direct,Beauty,4623.0,1,0,0,0,0.0
U00290,S00290,2026-03-24,Mobile,Instagram,Electronics,1112.0,1,1,0,0,0.0
U00281,S00281,2026-03-24,Mobile,Google,Electronics,3063.0,1,0,0,0,0.0
U04390,S04390,2026-03-24,Mobile,Instagram,Electronics,3516.0,1,0,0,0,0.0
U07291,S07291,2026-03-24,Mobile,Google,Shoes,12508.0,1,1,1,0,0.0
U10120,S10120,2026-03-24,Mobile,Email,Clothing,6224.0,1,1,1,1,6224.0
U09973,S09973,2026-03-24,Tablet,Instagram,Electronics,3808.0,1,0,0,0,0.0
U09581,S09581,2026-03-24,Desktop,Instagram,Shoes,1950.0,1,0,0,0,0.0
U01867,S01867,2026-03-24,Tablet,Email,Shoes,5034.0,1,1,1,1,5034.0
U03141,S03141,2026-03-24,Mobile,Email,Beauty,11303.0,1,0,0,0,0.0
U07447,S07447,2026-03-24,Desktop,Google,Shoes,30000.0,1,1,1,1,30000.0
U07795,S07795,2026-03-24,Desktop,Direct,Beauty,4161.0,1,0,0,0,0.0
U03266,S03266,2026-03-24,Mobile,Google,Clothing,4337.0,1,1,1,0,0.0
U07807,S07807,2026-03-24,Desktop,Google,Home,1048.0,1,0,0,0,0.0
U11412,S11412,2026-03-24,Mobile,Instagram,Electronics,5317.0,1,1,1,1,5317.0
U04147,S04147,2026-03-24,Mobile,Google,Shoes,1382.0,1,0,0,0,0.0
U02991,S02991,2026-03-24,Desktop,Facebook,Clothing,5936.0,1,0,0,0,0.0
U01997,S01997,2026-03-24,Mobile,Google,Beauty,2008.0,1,1,1,1,2008.0
U02059,S02059,2026-03-24,Mobile,Google,Home,5442.0,1,1,0,0,0.0
U01244,S01244,2026-03-25,Mobile,Google,Clothing,1265.0,1,1,0,0,0.0
U00951,S00951,2026-03-25,Mobile,Instagram,Clothing,11066.0,1,1,1,1,11066.0
U09910,S09910,2026-03-25,Desktop,Google,Shoes,5468.0,1,1,1,1,5468.0
U05796,S05796,2026-03-25,Desktop,Instagram,Home,2621.0,1,1,0,0,0.0
U03220,S03220,2026-03-25,Mobile,Instagram,Shoes,798.0,1,1,0,0,0.0
U05099,S05099,2026-03-25,Desktop,Direct,Home,10229.0,1,1,0,0,0.0
U08638,S08638,2026-03-25,Mobile,Google,Shoes,4163.0,1,0,0,0,0.0
U06318,S06318,2026-03-25,Desktop,Facebook,Clothing,1238.0,1,0,0,0,0.0
U01827,S01827,2026-03-25,Mobile,Instagram,Electronics,2742.0,1,1,0,0,0.0
U07333,S07333,2026-03-25,Mobile,Direct,Home,4334.0,1,1,1,1,4334.0
U03730,S03730,2026-03-25,Desktop,Facebook,Electronics,1331.0,1,0,0,0,0.0
U03907,S03907,2026-03-25,Desktop,Email,Home,1795.0,1,0,0,0,0.0
U03044,S03044,2026-03-25,Mobile,Instagram,Clothing,831.0,1,0,0,0,0.0
U02679,S02679,2026-03-25,Desktop,Google,Electronics,5688.0,1,1,1,0,0.0
U09783,S09783,2026-03-25,Desktop,Instagram,Electronics,1271.0,1,0,0,0,0.0
U11439,S11439,2026-03-25,Desktop,Instagram,Home,1784.0,1,1,1,1,1784.0
U00355,S00355,2026-03-25,Mobile,Google,Home,1075.0,1,0,0,0,0.0
U01913,S01913,2026-03-25,Desktop,Direct,Shoes,9430.0,1,1,1,0,0.0
U10274,S10274,2026-03-25,Mobile,Google,Home,2269.0,1,0,0,0,0.0
U01749,S01749,2026-03-25,Mobile,Google,Electronics,7089.0,1,0,0,0,0.0
U01882,S01882,2026-03-25,Desktop,Google,Clothing,2883.0,1,1,1,0,0.0
U05687,S05687,2026-03-25,Mobile,Google,Electronics,1709.0,1,0,0,0,0.0
U07945,S07945,2026-03-25,Mobile,Google,Clothing,1159.0,1,0,0,0,0.0
U10278,S10278,2026-03-25,Mobile,Direct,Shoes,2084.0,1,0,0,0,0.0
U06850,S06850,2026-03-25,Tablet,Google,Shoes,387.0,1,1,1,1,387.0
U03117,S03117,2026-03-25,Mobile,Google,Clothing,2086.0,1,0,0,0,0.0
U08067,S08067,2026-03-25,Mobile,Instagram,Beauty,4342.0,1,0,0,0,0.0
U05715,S05715,2026-03-25,Mobile,Email,Shoes,3700.0,1,0,0,0,0.0
U02006,S02006,2026-03-25,Desktop,Direct,Electronics,737.0,1,0,0,0,0.0
U10743,S10743,2026-03-25,Mobile,Facebook,Shoes,1575.0,1,0,0,0,0.0
U11751,S11751,2026-03-25,Desktop,Facebook,Shoes,1372.0,1,0,0,0,0.0
U06785,S06785,2026-03-25,Desktop,Google,Clothing,835.0,1,1,0,0,0.0
U06068,S06068,2026-03-25,Mobile,Instagram,Home,2501.0,1,1,1,1,2501.0
U08960,S08960,2026-03-25,Mobile,Direct,Home,1532.0,1,0,0,0,0.0
U09030,S09030,2026-03-25,Mobile,Direct,Home,1515.0,1,0,0,0,0.0
U00003,S00003,2026-03-25,Desktop,Google,Electronics,1218.0,1,0,0,0,0.0
U00088,S00088,2026-03-25,Mobile,Google,Beauty,2226.0,1,0,0,0,0.0
U10434,S10434,2026-03-25,Mobile,Direct,Home,4183.0,1,1,1,1,4183.0
U03333,S03333,2026-03-25,Mobile,Google,Shoes,3837.0,1,0,0,0,0.0
U02895,S02895,2026-03-25,Tablet,Instagram,Home,753.0,1,0,0,0,0.0
U07346,S07346,2026-03-25,Mobile,Instagram,Electronics,8240.0,1,0,0,0,0.0
U00987,S00987,2026-03-25,Mobile,Facebook,Shoes,738.0,1,1,0,0,0.0
U00614,S00614,2026-03-25,Tablet,Direct,Clothing,5373.0,1,1,0,0,0.0
U10162,S10162,2026-03-25,Mobile,Email,Home,986.0,1,1,0,0,0.0
U02358,S02358,2026-03-25,Mobile,Facebook,Clothing,7000.0,1,0,0,0,0.0
U07828,S07828,2026-03-25,Mobile,Google,Electronics,1147.0,1,0,0,0,0.0
U10920,S10920,2026-03-25,Mobile,Google,Electronics,5777.0,1,0,0,0,0.0
U03752,S03752,2026-03-25,Mobile,Direct,Clothing,7082.0,1,1,1,1,7082.0
U05016,S05016,2026-03-25,Mobile,Google,Clothing,1736.0,1,0,0,0,0.0
U01931,S01931,2026-03-25,Desktop,Direct,Electronics,1184.0,1,1,1,1,1184.0
U06677,S06677,2026-03-25,Mobile,Email,Home,1363.0,1,0,0,0,0.0
U10890,S10890,2026-03-25,Mobile,Instagram,Shoes,4493.0,1,0,0,0,0.0
U00204,S00204,2026-03-25,Mobile,Facebook,Electronics,4800.0,1,0,0,0,0.0
U03940,S03940,2026-03-25,Mobile,Google,Clothing,3153.0,1,1,1,1,3153.0
U07843,S07843,2026-03-25,Mobile,Facebook,Shoes,5880.0,1,1,0,0,0.0
U02066,S02066,2026-03-25,Tablet,Email,Electronics,2065.0,1,0,0,0,0.0
U06596,S06596,2026-03-25,Mobile,Google,Electronics,1712.0,1,0,0,0,0.0
U10882,S10882,2026-03-25,Desktop,Facebook,Beauty,4890.0,1,1,1,1,4890.0
U05844,S05844,2026-03-25,Mobile,Instagram,Home,760.0,1,0,0,0,0.0
U06597,S06597,2026-03-25,Mobile,Google,Shoes,1543.0,1,1,1,1,1543.0
U07975,S07975,2026-03-25,Desktop,Google,Electronics,5815.0,1,0,0,0,0.0
U06747,S06747,2026-03-26,Mobile,Instagram,Clothing,1810.0,1,0,0,0,0.0
U02211,S02211,2026-03-26,Tablet,Direct,Beauty,1920.0,1,1,0,0,0.0
U05002,S05002,2026-03-26,Desktop,Google,Beauty,4132.0,1,1,1,1,4132.0
U06777,S06777,2026-03-26,Mobile,Google,Electronics,4082.0,1,0,0,0,0.0
U07131,S07131,2026-03-26,Mobile,Instagram,Electronics,2950.0,1,0,0,0,0.0
U08011,S08011,2026-03-26,Tablet,Instagram,Shoes,5894.0,1,0,0,0,0.0
U07158,S07158,2026-03-26,Tablet,Direct,Clothing,4250.0,1,0,0,0,0.0
U00893,S00893,2026-03-26,Mobile,Google,Beauty,1777.0,1,0,0,0,0.0
U08050,S08050,2026-03-26,Desktop,Email,Clothing,7324.0,1,1,1,1,7324.0
U03377,S03377,2026-03-26,Mobile,Facebook,Clothing,4883.0,1,0,0,0,0.0
U02553,S02553,2026-03-26,Desktop,Instagram,Home,5558.0,1,0,0,0,0.0
U09785,S09785,2026-03-26,Mobile,Direct,Clothing,1421.0,1,1,0,0,0.0
U09138,S09138,2026-03-26,Desktop,Facebook,Shoes,8681.0,1,0,0,0,0.0
U11006,S11006,2026-03-26,Mobile,Facebook,Home,1922.0,1,0,0,0,0.0
U00775,S00775,2026-03-26,Mobile,Instagram,Home,5835.0,1,0,0,0,0.0
U11668,S11668,2026-03-26,Desktop,Direct,Shoes,2072.0,1,1,1,1,2072.0
U08666,S08666,2026-03-26,Desktop,Direct,Beauty,17074.0,1,0,0,0,0.0
U08628,S08628,2026-03-26,Desktop,Facebook,Shoes,13124.0,1,0,0,0,0.0
U08738,S08738,2026-03-26,Mobile,Instagram,Clothing,1693.0,1,0,0,0,0.0
U06793,S06793,2026-03-26,Desktop,Email,Beauty,3391.0,1,1,1,1,3391.0
U10292,S10292,2026-03-26,Desktop,Direct,Electronics,4802.0,1,0,0,0,0.0
U08497,S08497,2026-03-26,Mobile,Facebook,Beauty,2664.0,1,0,0,0,0.0
U05896,S05896,2026-03-26,Desktop,Facebook,Clothing,4330.0,1,1,1,0,0.0
U06015,S06015,2026-03-26,Mobile,Google,Shoes,1608.0,1,0,0,0,0.0
U10845,S10845,2026-03-26,Mobile,Direct,Beauty,5404.0,1,0,0,0,0.0
U01371,S01371,2026-03-26,Mobile,Google,Beauty,7863.0,1,0,0,0,0.0
U04672,S04672,2026-03-26,Mobile,Facebook,Clothing,1488.0,1,0,0,0,0.0
U01615,S01615,2026-03-26,Desktop,Direct,Home,465.0,1,1,0,0,0.0
U02979,S02979,2026-03-26,Desktop,Facebook,Shoes,18585.0,1,0,0,0,0.0
U10388,S10388,2026-03-26,Mobile,Email,Electronics,2935.0,1,1,1,0,0.0
U08099,S08099,2026-03-26,Mobile,Google,Electronics,6155.0,1,1,1,0,0.0
U08632,S08632,2026-03-26,Mobile,Instagram,Shoes,1458.0,1,0,0,0,0.0
U09932,S09932,2026-03-26,Desktop,Instagram,Clothing,1262.0,1,0,0,0,0.0
U04412,S04412,2026-03-26,Mobile,Direct,Shoes,771.0,1,0,0,0,0.0
U08828,S08828,2026-03-26,Tablet,Direct,Beauty,2602.0,1,0,0,0,0.0
U09225,S09225,2026-03-26,Mobile,Direct,Beauty,3365.0,1,0,0,0,0.0
U11339,S11339,2026-03-26,Mobile,Direct,Clothing,2047.0,1,1,1,1,2047.0
U04367,S04367,2026-03-26,Mobile,Instagram,Beauty,1842.0,1,0,0,0,0.0
U00016,S00016,2026-03-26,Mobile,Google,Home,2107.0,1,0,0,0,0.0
U07716,S07716,2026-03-26,Mobile,Google,Electronics,1340.0,1,1,0,0,0.0
U06616,S06616,2026-03-26,Mobile,Instagram,Electronics,987.0,1,1,0,0,0.0
U10056,S10056,2026-03-26,Mobile,Google,Beauty,2383.0,1,0,0,0,0.0
U05179,S05179,2026-03-26,Mobile,Direct,Beauty,1319.0,1,0,0,0,0.0
U02150,S02150,2026-03-26,Mobile,Direct,Home,2070.0,1,0,0,0,0.0
U08209,S08209,2026-03-26,Desktop,Google,Electronics,7876.0,1,0,0,0,0.0
U03975,S03975,2026-03-26,Mobile,Instagram,Beauty,1616.0,1,0,0,0,0.0
U00988,S00988,2026-03-26,Mobile,Google,Beauty,950.0,1,0,0,0,0.0
U10871,S10871,2026-03-26,Mobile,Facebook,Home,5597.0,1,0,0,0,0.0
U01119,S01119,2026-03-26,Mobile,Instagram,Clothing,3797.0,1,1,1,1,3797.0
U03614,S03614,2026-03-26,Desktop,Google,Electronics,393.0,1,1,1,1,393.0
U08969,S08969,2026-03-26,Desktop,Google,Electronics,3002.0,1,1,1,1,3002.0
U05434,S05434,2026-03-26,Mobile,Instagram,Clothing,6830.0,1,1,0,0,0.0
U09132,S09132,2026-03-26,Desktop,Instagram,Home,3650.0,1,0,0,0,0.0
U07826,S07826,2026-03-26,Mobile,Email,Clothing,2672.0,1,0,0,0,0.0
U02418,S02418,2026-03-26,Mobile,Direct,Electronics,8589.0,1,0,0,0,0.0
U08694,S08694,2026-03-26,Mobile,Direct,Shoes,2744.0,1,1,1,1,2744.0
U10626,S10626,2026-03-26,Desktop,Google,Clothing,950.0,1,0,0,0,0.0
U11843,S11843,2026-03-26,Desktop,Instagram,Home,1147.0,1,0,0,0,0.0
U11849,S11849,2026-03-26,Mobile,Instagram,Electronics,1367.0,1,1,1,1,1367.0
U02826,S02826,2026-03-26,Desktop,Direct,Clothing,1272.0,1,1,0,0,0.0
U07605,S07605,2026-03-26,Desktop,Google,Clothing,9994.0,1,1,0,0,0.0
U00496,S00496,2026-03-26,Mobile,Facebook,Beauty,5139.0,1,0,0,0,0.0
U02209,S02209,2026-03-26,Mobile,Google,Shoes,784.0,1,0,0,0,0.0
U07170,S07170,2026-03-26,Mobile,Instagram,Shoes,766.0,1,1,1,0,0.0
U01478,S01478,2026-03-26,Tablet,Email,Electronics,705.0,1,0,0,0,0.0
U08570,S08570,2026-03-26,Desktop,Facebook,Shoes,1119.0,1,1,1,0,0.0
U10272,S10272,2026-03-26,Desktop,Google,Beauty,1006.0,1,1,1,1,1006.0
U11239,S11239,2026-03-26,Desktop,Facebook,Home,9277.0,1,0,0,0,0.0
U08003,S08003,2026-03-26,Mobile,Google,Clothing,3066.0,1,1,0,0,0.0
U04083,S04083,2026-03-26,Desktop,Direct,Beauty,1930.0,1,0,0,0,0.0
U08265,S08265,2026-03-26,Desktop,Direct,Electronics,3735.0,1,1,1,1,3735.0
U06854,S06854,2026-03-26,Mobile,Direct,Clothing,12632.0,1,0,0,0,0.0
U06924,S06924,2026-03-26,Mobile,Google,Shoes,2690.0,1,0,0,0,0.0
U06723,S06723,2026-03-26,Mobile,Direct,Clothing,728.0,1,1,1,0,0.0
U02157,S02157,2026-03-26,Mobile,Direct,Shoes,2892.0,1,0,0,0,0.0
U10251,S10251,2026-03-26,Desktop,Email,Clothing,2784.0,1,1,1,0,0.0
U10937,S10937,2026-03-27,Desktop,Instagram,Home,2507.0,1,1,1,0,0.0
U04819,S04819,2026-03-27,Mobile,Facebook,Beauty,1273.0,1,0,0,0,0.0
U08418,S08418,2026-03-27,Desktop,Facebook,Beauty,6425.0,1,0,0,0,0.0
U01766,S01766,2026-03-27,Mobile,Email,Clothing,5601.0,1,1,0,0,0.0
U07699,S07699,2026-03-27,Mobile,Google,Clothing,3461.0,1,0,0,0,0.0
U01481,S01481,2026-03-27,Mobile,Instagram,Clothing,1318.0,1,0,0,0,0.0
U10407,S10407,2026-03-27,Desktop,Direct,Beauty,2266.0,1,0,0,0,0.0
U11401,S11401,2026-03-27,Desktop,Instagram,Shoes,3754.0,1,0,0,0,0.0
U05184,S05184,2026-03-27,Desktop,Google,Shoes,2809.0,1,0,0,0,0.0
U10532,S10532,2026-03-27,Mobile,Direct,Clothing,609.0,1,0,0,0,0.0
U07997,S07997,2026-03-27,Mobile,Instagram,Home,802.0,1,0,0,0,0.0
U07103,S07103,2026-03-27,Mobile,Email,Clothing,2842.0,1,0,0,0,0.0
U05193,S05193,2026-03-27,Mobile,Google,Beauty,1081.0,1,1,1,0,0.0
U08363,S08363,2026-03-27,Mobile,Facebook,Shoes,1404.0,1,0,0,0,0.0
U02133,S02133,2026-03-27,Tablet,Direct,Beauty,1168.0,1,0,0,0,0.0
U03360,S03360,2026-03-27,Desktop,Google,Electronics,1733.0,1,0,0,0,0.0
U10418,S10418,2026-03-27,Mobile,Google,Clothing,611.0,1,0,0,0,0.0
U05712,S05712,2026-03-27,Mobile,Instagram,Home,6448.0,1,0,0,0,0.0
U10320,S10320,2026-03-27,Mobile,Email,Clothing,739.0,1,1,0,0,0.0
U01978,S01978,2026-03-27,Tablet,Facebook,Shoes,3477.0,1,0,0,0,0.0
U03090,S03090,2026-03-27,Desktop,Instagram,Shoes,1942.0,1,0,0,0,0.0
U09230,S09230,2026-03-27,Mobile,Instagram,Electronics,10536.0,1,0,0,0,0.0
U06642,S06642,2026-03-27,Desktop,Google,Electronics,1175.0,1,1,0,0,0.0
U05410,S05410,2026-03-27,Desktop,Direct,Shoes,792.0,1,1,1,0,0.0
U05062,S05062,2026-03-27,Mobile,Google,Electronics,9580.0,1,0,0,0,0.0
U03998,S03998,2026-03-27,Mobile,Instagram,Clothing,3544.0,1,1,0,0,0.0
U03201,S03201,2026-03-27,Desktop,Google,Shoes,837.0,1,0,0,0,0.0
U03207,S03207,2026-03-27,Mobile,Email,Electronics,513.0,1,0,0,0,0.0
U04840,S04840,2026-03-27,Mobile,Direct,Beauty,700.0,1,0,0,0,0.0
U08338,S08338,2026-03-27,Mobile,Google,Shoes,1175.0,1,1,1,0,0.0
U10455,S10455,2026-03-27,Mobile,Google,Electronics,5420.0,1,1,1,0,0.0
U04409,S04409,2026-03-27,Desktop,Direct,Home,1147.0,1,0,0,0,0.0
U05120,S05120,2026-03-27,Mobile,Direct,Home,1508.0,1,1,1,1,1508.0
U10460,S10460,2026-03-27,Desktop,Facebook,Shoes,2390.0,1,1,1,1,2390.0
U01915,S01915,2026-03-27,Mobile,Facebook,Clothing,300.0,1,1,0,0,0.0
U00596,S00596,2026-03-27,Mobile,Direct,Beauty,12948.0,1,0,0,0,0.0
U02429,S02429,2026-03-27,Desktop,Instagram,Clothing,8299.0,1,1,1,1,8299.0
U01101,S01101,2026-03-27,Mobile,Google,Shoes,4318.0,1,1,1,1,4318.0
U11165,S11165,2026-03-27,Desktop,Google,Beauty,1708.0,1,0,0,0,0.0
U07788,S07788,2026-03-27,Desktop,Facebook,Electronics,14200.0,1,0,0,0,0.0
U00348,S00348,2026-03-27,Mobile,Google,Home,1362.0,1,0,0,0,0.0
U06473,S06473,2026-03-27,Tablet,Direct,Shoes,2600.0,1,1,0,0,0.0
U01710,S01710,2026-03-27,Mobile,Google,Home,1673.0,1,0,0,0,0.0
U08453,S08453,2026-03-27,Mobile,Google,Electronics,11207.0,1,0,0,0,0.0
U04478,S04478,2026-03-27,Mobile,Instagram,Electronics,2501.0,1,0,0,0,0.0
U10861,S10861,2026-03-27,Mobile,Facebook,Electronics,8164.0,1,0,0,0,0.0
U11067,S11067,2026-03-27,Desktop,Instagram,Beauty,6002.0,1,0,0,0,0.0
U06406,S06406,2026-03-27,Desktop,Direct,Electronics,1712.0,1,0,0,0,0.0
U00322,S00322,2026-03-27,Mobile,Instagram,Shoes,2463.0,1,0,0,0,0.0
U10248,S10248,2026-03-27,Mobile,Instagram,Clothing,16040.0,1,0,0,0,0.0
U05506,S05506,2026-03-27,Mobile,Email,Shoes,14663.0,1,0,0,0,0.0
U11039,S11039,2026-03-27,Mobile,Google,Clothing,1261.0,1,0,0,0,0.0
U05355,S05355,2026-03-27,Desktop,Email,Clothing,1630.0,1,0,0,0,0.0
U06741,S06741,2026-03-27,Mobile,Direct,Electronics,1259.0,1,0,0,0,0.0
U08668,S08668,2026-03-27,Desktop,Facebook,Clothing,574.0,1,1,1,1,574.0
U04970,S04970,2026-03-27,Desktop,Instagram,Clothing,823.0,1,0,0,0,0.0
U07480,S07480,2026-03-27,Desktop,Instagram,Shoes,10041.0,1,0,0,0,0.0
U03566,S03566,2026-03-27,Desktop,Direct,Shoes,6660.0,1,1,0,0,0.0
U09558,S09558,2026-03-27,Desktop,Google,Beauty,438.0,1,0,0,0,0.0
U05921,S05921,2026-03-27,Mobile,Google,Electronics,1137.0,1,0,0,0,0.0
U11456,S11456,2026-03-27,Mobile,Google,Home,745.0,1,1,1,1,745.0
U06665,S06665,2026-03-27,Mobile,Instagram,Clothing,2097.0,1,0,0,0,0.0
U04296,S04296,2026-03-27,Mobile,Instagram,Home,2609.0,1,0,0,0,0.0
U02825,S02825,2026-03-27,Tablet,Instagram,Shoes,1500.0,1,0,0,0,0.0
U05374,S05374,2026-03-27,Mobile,Instagram,Shoes,22269.0,1,1,1,1,22269.0
U04011,S04011,2026-03-27,Mobile,Instagram,Electronics,323.0,1,0,0,0,0.0
U01113,S01113,2026-03-27,Mobile,Google,Shoes,5312.0,1,0,0,0,0.0
U07353,S07353,2026-03-27,Tablet,Direct,Clothing,2208.0,1,0,0,0,0.0
U09261,S09261,2026-03-27,Tablet,Instagram,Home,4584.0,1,0,0,0,0.0
U01588,S01588,2026-03-27,Mobile,Direct,Home,2152.0,1,1,1,1,2152.0
U02455,S02455,2026-03-27,Desktop,Direct,Clothing,699.0,1,1,0,0,0.0
U10842,S10842,2026-03-27,Desktop,Direct,Home,1477.0,1,1,1,0,0.0
U02086,S02086,2026-03-27,Mobile,Instagram,Clothing,1698.0,1,0,0,0,0.0
U01551,S01551,2026-03-27,Mobile,Google,Electronics,1672.0,1,0,0,0,0.0
U01888,S01888,2026-03-28,Mobile,Facebook,Shoes,9397.0,1,0,0,0,0.0
U00142,S00142,2026-03-28,Mobile,Email,Home,1260.0,1,0,0,0,0.0
U02965,S02965,2026-03-28,Mobile,Instagram,Shoes,492.0,1,1,0,0,0.0
U01506,S01506,2026-03-28,Mobile,Direct,Electronics,6602.0,1,0,0,0,0.0
U00482,S00482,2026-03-28,Mobile,Email,Clothing,2156.0,1,1,1,1,2156.0
U05125,S05125,2026-03-28,Mobile,Google,Clothing,8039.0,1,0,0,0,0.0
U09538,S09538,2026-03-28,Mobile,Instagram,Clothing,2197.0,1,0,0,0,0.0
U03099,S03099,2026-03-28,Mobile,Direct,Home,675.0,1,0,0,0,0.0
U00462,S00462,2026-03-28,Mobile,Instagram,Electronics,3573.0,1,1,1,1,3573.0
U00321,S00321,2026-03-28,Desktop,Instagram,Clothing,9043.0,1,0,0,0,0.0
U07988,S07988,2026-03-28,Tablet,Email,Clothing,1267.0,1,1,1,1,1267.0
U10145,S10145,2026-03-28,Mobile,Facebook,Home,2854.0,1,1,1,1,2854.0
U05987,S05987,2026-03-28,Mobile,Google,Clothing,2685.0,1,0,0,0,0.0
U08492,S08492,2026-03-28,Tablet,Email,Electronics,1047.0,1,0,0,0,0.0
U05025,S05025,2026-03-28,Desktop,Google,Electronics,1449.0,1,1,1,1,1449.0
U08353,S08353,2026-03-28,Desktop,Instagram,Home,1304.0,1,0,0,0,0.0
U07063,S07063,2026-03-28,Mobile,Instagram,Beauty,3959.0,1,1,0,0,0.0
U08307,S08307,2026-03-28,Desktop,Google,Home,1277.0,1,0,0,0,0.0
U09431,S09431,2026-03-28,Mobile,Direct,Electronics,6303.0,1,1,0,0,0.0
U04993,S04993,2026-03-28,Desktop,Direct,Clothing,7141.0,1,0,0,0,0.0
U05827,S05827,2026-03-28,Desktop,Google,Clothing,1241.0,1,0,0,0,0.0
U05735,S05735,2026-03-28,Mobile,Facebook,Electronics,2212.0,1,1,1,0,0.0
U03896,S03896,2026-03-28,Desktop,Direct,Shoes,3041.0,1,0,0,0,0.0
U06113,S06113,2026-03-28,Mobile,Direct,Electronics,850.0,1,0,0,0,0.0
U07368,S07368,2026-03-28,Desktop,Facebook,Electronics,683.0,1,1,0,0,0.0
U09107,S09107,2026-03-28,Mobile,Facebook,Electronics,4865.0,1,1,0,0,0.0
U05363,S05363,2026-03-28,Mobile,Google,Clothing,2613.0,1,0,0,0,0.0
U01835,S01835,2026-03-28,Mobile,Direct,Shoes,11818.0,1,1,0,0,0.0
U06455,S06455,2026-03-28,Desktop,Facebook,Home,3704.0,1,1,1,1,3704.0
U06264,S06264,2026-03-28,Desktop,Instagram,Clothing,927.0,1,0,0,0,0.0
U02806,S02806,2026-03-28,Mobile,Direct,Electronics,15019.0,1,0,0,0,0.0
U02466,S02466,2026-03-28,Desktop,Direct,Home,1382.0,1,1,1,1,1382.0
U01848,S01848,2026-03-28,Desktop,Google,Beauty,766.0,1,1,0,0,0.0
U05027,S05027,2026-03-28,Mobile,Facebook,Home,1022.0,1,1,0,0,0.0
U03172,S03172,2026-03-28,Desktop,Direct,Electronics,1252.0,1,0,0,0,0.0
U09692,S09692,2026-03-28,Mobile,Instagram,Clothing,2975.0,1,1,0,0,0.0
U05315,S05315,2026-03-28,Mobile,Instagram,Home,1609.0,1,0,0,0,0.0
U11183,S11183,2026-03-28,Mobile,Instagram,Beauty,4520.0,1,1,1,0,0.0
U02283,S02283,2026-03-28,Mobile,Direct,Beauty,16777.0,1,0,0,0,0.0
U11051,S11051,2026-03-28,Mobile,Instagram,Electronics,1534.0,1,0,0,0,0.0
U02881,S02881,2026-03-28,Mobile,Google,Electronics,2438.0,1,0,0,0,0.0
U09990,S09990,2026-03-28,Mobile,Google,Shoes,2123.0,1,0,0,0,0.0
U01069,S01069,2026-03-28,Mobile,Google,Home,5998.0,1,1,1,1,5998.0
U10665,S10665,2026-03-28,Mobile,Google,Clothing,1187.0,1,1,0,0,0.0
U02420,S02420,2026-03-28,Tablet,Google,Electronics,11301.0,1,0,0,0,0.0
U07868,S07868,2026-03-28,Mobile,Google,Beauty,6751.0,1,0,0,0,0.0
U04404,S04404,2026-03-28,Mobile,Email,Clothing,2856.0,1,0,0,0,0.0
U11785,S11785,2026-03-28,Desktop,Email,Home,3407.0,1,0,0,0,0.0
U11857,S11857,2026-03-28,Mobile,Instagram,Beauty,1419.0,1,0,0,0,0.0
U09904,S09904,2026-03-28,Mobile,Facebook,Electronics,2148.0,1,0,0,0,0.0
U11602,S11602,2026-03-28,Mobile,Email,Electronics,4722.0,1,0,0,0,0.0
U01237,S01237,2026-03-28,Mobile,Google,Beauty,7807.0,1,0,0,0,0.0
U04721,S04721,2026-03-28,Mobile,Google,Clothing,4570.0,1,0,0,0,0.0
U07899,S07899,2026-03-28,Tablet,Google,Beauty,927.0,1,0,0,0,0.0
U06581,S06581,2026-03-28,Desktop,Google,Shoes,6475.0,1,0,0,0,0.0
U09758,S09758,2026-03-28,Mobile,Instagram,Shoes,3216.0,1,1,1,1,3216.0
U06561,S06561,2026-03-28,Mobile,Instagram,Clothing,5365.0,1,0,0,0,0.0
U11598,S11598,2026-03-28,Mobile,Instagram,Home,4873.0,1,0,0,0,0.0
U08734,S08734,2026-03-28,Mobile,Direct,Electronics,1420.0,1,0,0,0,0.0
U05694,S05694,2026-03-28,Desktop,Email,Electronics,2430.0,1,1,0,0,0.0
U06591,S06591,2026-03-28,Mobile,Instagram,Home,897.0,1,0,0,0,0.0
U03547,S03547,2026-03-29,Mobile,Email,Clothing,6453.0,1,0,0,0,0.0
U09005,S09005,2026-03-29,Mobile,Direct,Home,662.0,1,0,0,0,0.0
U01922,S01922,2026-03-29,Mobile,Instagram,Clothing,2648.0,1,0,0,0,0.0
U02635,S02635,2026-03-29,Mobile,Google,Clothing,6361.0,1,0,0,0,0.0
U01970,S01970,2026-03-29,Mobile,Direct,Home,4499.0,1,0,0,0,0.0
U02950,S02950,2026-03-29,Desktop,Instagram,Shoes,2484.0,1,0,0,0,0.0
U01242,S01242,2026-03-29,Mobile,Google,Shoes,799.0,1,0,0,0,0.0
U10359,S10359,2026-03-29,Desktop,Direct,Beauty,1281.0,1,0,0,0,0.0
U11885,S11885,2026-03-29,Mobile,Direct,Shoes,1663.0,1,0,0,0,0.0
U10253,S10253,2026-03-29,Desktop,Direct,Electronics,3297.0,1,0,0,0,0.0
U03217,S03217,2026-03-29,Mobile,Instagram,Beauty,7343.0,1,0,0,0,0.0
U07893,S07893,2026-03-29,Mobile,Direct,Clothing,2107.0,1,1,0,0,0.0
U01579,S01579,2026-03-29,Tablet,Direct,Home,1712.0,1,0,0,0,0.0
U01115,S01115,2026-03-29,Tablet,Google,Clothing,4822.0,1,0,0,0,0.0
U06528,S06528,2026-03-29,Mobile,Google,Home,1250.0,1,1,0,0,0.0
U00488,S00488,2026-03-29,Mobile,Instagram,Shoes,3290.0,1,1,0,0,0.0
U11889,S11889,2026-03-29,Desktop,Direct,Clothing,304.0,1,0,0,0,0.0
U08156,S08156,2026-03-29,Tablet,Direct,Shoes,4907.0,1,0,0,0,0.0
U07517,S07517,2026-03-29,Desktop,Google,Clothing,763.0,1,0,0,0,0.0
U05372,S05372,2026-03-29,Tablet,Instagram,Clothing,5776.0,1,0,0,0,0.0
U01646,S01646,2026-03-29,Mobile,Direct,Shoes,6335.0,1,0,0,0,0.0
U03757,S03757,2026-03-29,Mobile,Google,Clothing,2112.0,1,0,0,0,0.0
U07508,S07508,2026-03-29,Desktop,Email,Shoes,3125.0,1,0,0,0,0.0
U05095,S05095,2026-03-29,Tablet,Direct,Beauty,3417.0,1,1,1,1,3417.0
U02159,S02159,2026-03-29,Mobile,Direct,Electronics,11483.0,1,1,0,0,0.0
U00492,S00492,2026-03-29,Desktop,Google,Electronics,4504.0,1,0,0,0,0.0
U07548,S07548,2026-03-29,Mobile,Instagram,Clothing,1639.0,1,1,1,1,1639.0
U02311,S02311,2026-03-29,Tablet,Google,Clothing,2181.0,1,0,0,0,0.0
U06472,S06472,2026-03-29,Mobile,Direct,Home,1707.0,1,0,0,0,0.0
U08148,S08148,2026-03-29,Mobile,Instagram,Clothing,2753.0,1,1,0,0,0.0
U11540,S11540,2026-03-29,Desktop,Direct,Shoes,2025.0,1,0,0,0,0.0
U02360,S02360,2026-03-29,Mobile,Instagram,Home,718.0,1,0,0,0,0.0
U07967,S07967,2026-03-29,Mobile,Direct,Beauty,896.0,1,1,1,1,896.0
U05931,S05931,2026-03-29,Tablet,Instagram,Shoes,1193.0,1,0,0,0,0.0
U01590,S01590,2026-03-29,Mobile,Instagram,Electronics,6168.0,1,0,0,0,0.0
U11938,S11938,2026-03-29,Tablet,Google,Shoes,2549.0,1,0,0,0,0.0
U08720,S08720,2026-03-29,Mobile,Google,Home,1397.0,1,1,0,0,0.0
U10258,S10258,2026-03-29,Mobile,Google,Electronics,3614.0,1,1,0,0,0.0
U05623,S05623,2026-03-29,Desktop,Direct,Beauty,2630.0,1,0,0,0,0.0
U01222,S01222,2026-03-29,Mobile,Direct,Clothing,2289.0,1,0,0,0,0.0
U08954,S08954,2026-03-29,Tablet,Google,Home,1883.0,1,0,0,0,0.0
U01706,S01706,2026-03-29,Tablet,Direct,Home,1476.0,1,0,0,0,0.0
U04785,S04785,2026-03-29,Tablet,Instagram,Clothing,2870.0,1,1,1,1,2870.0
U07604,S07604,2026-03-29,Mobile,Email,Electronics,608.0,1,0,0,0,0.0
U02260,S02260,2026-03-29,Mobile,Direct,Shoes,807.0,1,0,0,0,0.0
U05663,S05663,2026-03-29,Mobile,Google,Electronics,6105.0,1,0,0,0,0.0
U06022,S06022,2026-03-29,Desktop,Direct,Electronics,25108.0,1,1,1,0,0.0
U06795,S06795,2026-03-29,Desktop,Google,Clothing,465.0,1,1,0,0,0.0
U02109,S02109,2026-03-29,Mobile,Instagram,Shoes,841.0,1,0,0,0,0.0
U03157,S03157,2026-03-29,Mobile,Google,Beauty,1491.0,1,1,0,0,0.0
U08463,S08463,2026-03-29,Desktop,Direct,Clothing,1934.0,1,0,0,0,0.0
U10803,S10803,2026-03-29,Mobile,Instagram,Beauty,1542.0,1,0,0,0,0.0
U02527,S02527,2026-03-29,Desktop,Facebook,Clothing,300.0,1,1,1,1,300.0
U01677,S01677,2026-03-29,Desktop,Instagram,Home,1665.0,1,0,0,0,0.0
U01729,S01729,2026-03-29,Mobile,Google,Beauty,3145.0,1,0,0,0,0.0
U06764,S06764,2026-03-29,Desktop,Google,Electronics,1236.0,1,0,0,0,0.0
U03181,S03181,2026-03-29,Tablet,Instagram,Electronics,1713.0,1,0,0,0,0.0
U02521,S02521,2026-03-29,Mobile,Google,Beauty,1730.0,1,1,1,1,1730.0
U03679,S03679,2026-03-29,Mobile,Direct,Clothing,1946.0,1,0,0,0,0.0
U06872,S06872,2026-03-29,Mobile,Google,Clothing,599.0,1,1,0,0,0.0
U09205,S09205,2026-03-29,Mobile,Facebook,Electronics,12908.0,1,1,0,0,0.0
U03053,S03053,2026-03-29,Desktop,Instagram,Electronics,3603.0,1,1,1,0,0.0
U00578,S00578,2026-03-29,Mobile,Facebook,Clothing,1871.0,1,1,1,0,0.0
U05767,S05767,2026-03-29,Mobile,Instagram,Clothing,508.0,1,0,0,0,0.0
U09575,S09575,2026-03-30,Mobile,Direct,Shoes,3254.0,1,0,0,0,0.0
U01147,S01147,2026-03-30,Desktop,Facebook,Electronics,3628.0,1,1,1,1,3628.0
U04382,S04382,2026-03-30,Mobile,Instagram,Home,4976.0,1,1,0,0,0.0
U08154,S08154,2026-03-30,Desktop,Direct,Electronics,2628.0,1,1,0,0,0.0
U09576,S09576,2026-03-30,Mobile,Google,Home,954.0,1,0,0,0,0.0
U03967,S03967,2026-03-30,Mobile,Email,Electronics,2655.0,1,0,0,0,0.0
U09944,S09944,2026-03-30,Mobile,Instagram,Shoes,1187.0,1,0,0,0,0.0
U00033,S00033,2026-03-30,Mobile,Direct,Beauty,5828.0,1,0,0,0,0.0
U10922,S10922,2026-03-30,Desktop,Google,Beauty,8079.0,1,1,1,0,0.0
U01485,S01485,2026-03-30,Desktop,Instagram,Electronics,1232.0,1,0,0,0,0.0
U11874,S11874,2026-03-30,Mobile,Google,Electronics,1855.0,1,0,0,0,0.0
U10043,S10043,2026-03-30,Desktop,Google,Shoes,1032.0,1,0,0,0,0.0
U10547,S10547,2026-03-30,Mobile,Google,Beauty,929.0,1,0,0,0,0.0
U01862,S01862,2026-03-30,Tablet,Direct,Beauty,1671.0,1,0,0,0,0.0
U05879,S05879,2026-03-30,Desktop,Google,Shoes,5371.0,1,0,0,0,0.0
U09052,S09052,2026-03-30,Mobile,Google,Shoes,8695.0,1,0,0,0,0.0
U08706,S08706,2026-03-30,Mobile,Direct,Beauty,1412.0,1,1,1,1,1412.0
U09812,S09812,2026-03-30,Mobile,Google,Beauty,863.0,1,1,0,0,0.0
U11307,S11307,2026-03-30,Mobile,Instagram,Electronics,889.0,1,0,0,0,0.0
U00558,S00558,2026-03-30,Mobile,Google,Electronics,7268.0,1,0,0,0,0.0
U06198,S06198,2026-03-30,Mobile,Google,Beauty,4610.0,1,1,1,0,0.0
U06151,S06151,2026-03-30,Desktop,Direct,Electronics,2023.0,1,1,1,1,2023.0
U08182,S08182,2026-03-30,Desktop,Direct,Clothing,4435.0,1,0,0,0,0.0
U05939,S05939,2026-03-30,Desktop,Instagram,Home,1120.0,1,0,0,0,0.0
U02554,S02554,2026-03-30,Tablet,Direct,Clothing,9172.0,1,1,1,1,9172.0
U00702,S00702,2026-03-30,Mobile,Direct,Clothing,4278.0,1,1,1,1,4278.0
U06717,S06717,2026-03-30,Desktop,Instagram,Beauty,624.0,1,0,0,0,0.0
U10834,S10834,2026-03-30,Desktop,Instagram,Electronics,1992.0,1,0,0,0,0.0
U03222,S03222,2026-03-30,Desktop,Email,Shoes,1828.0,1,1,0,0,0.0
U10628,S10628,2026-03-30,Mobile,Instagram,Beauty,2799.0,1,1,0,0,0.0
U04220,S04220,2026-03-30,Desktop,Email,Beauty,3166.0,1,0,0,0,0.0
U06286,S06286,2026-03-30,Mobile,Instagram,Electronics,3873.0,1,0,0,0,0.0
U10464,S10464,2026-03-30,Desktop,Direct,Home,2202.0,1,1,1,1,2202.0
U04512,S04512,2026-03-30,Mobile,Google,Electronics,1660.0,1,1,1,0,0.0
U01618,S01618,2026-03-30,Mobile,Facebook,Home,755.0,1,1,0,0,0.0
U00954,S00954,2026-03-30,Mobile,Instagram,Beauty,613.0,1,1,0,0,0.0
U08584,S08584,2026-03-30,Mobile,Google,Beauty,2054.0,1,0,0,0,0.0
U00894,S00894,2026-03-30,Mobile,Google,Home,1271.0,1,0,0,0,0.0
U03372,S03372,2026-03-30,Mobile,Google,Electronics,5528.0,1,1,1,1,5528.0
U05428,S05428,2026-03-30,Desktop,Google,Home,454.0,1,1,1,1,454.0
U09924,S09924,2026-03-30,Mobile,Facebook,Shoes,1774.0,1,0,0,0,0.0
U09808,S09808,2026-03-30,Mobile,Instagram,Shoes,1182.0,1,0,0,0,0.0
U04204,S04204,2026-03-30,Mobile,Direct,Electronics,1707.0,1,1,0,0,0.0
U02478,S02478,2026-03-30,Mobile,Direct,Beauty,4019.0,1,0,0,0,0.0
U08993,S08993,2026-03-30,Mobile,Google,Beauty,10504.0,1,0,0,0,0.0
U04413,S04413,2026-03-30,Desktop,Direct,Electronics,1013.0,1,0,0,0,0.0
U00101,S00101,2026-03-30,Desktop,Google,Clothing,1827.0,1,0,0,0,0.0
U08540,S08540,2026-03-30,Mobile,Google,Home,1040.0,1,0,0,0,0.0
U09287,S09287,2026-03-30,Desktop,Direct,Electronics,7493.0,1,0,0,0,0.0
U02458,S02458,2026-03-30,Mobile,Google,Shoes,2819.0,1,0,0,0,0.0
U04440,S04440,2026-03-30,Mobile,Instagram,Clothing,1109.0,1,1,0,0,0.0
U09000,S09000,2026-03-30,Desktop,Google,Home,1978.0,1,0,0,0,0.0
U10437,S10437,2026-03-30,Mobile,Instagram,Electronics,721.0,1,0,0,0,0.0
U02596,S02596,2026-03-30,Desktop,Email,Clothing,3579.0,1,0,0,0,0.0
U03575,S03575,2026-03-30,Mobile,Instagram,Shoes,489.0,1,1,0,0,0.0
U04931,S04931,2026-03-30,Desktop,Facebook,Electronics,4013.0,1,0,0,0,0.0
U01753,S01753,2026-03-30,Desktop,Facebook,Shoes,3555.0,1,1,1,1,3555.0
U02224,S02224,2026-03-30,Mobile,Facebook,Electronics,2839.0,1,1,1,1,2839.0
U08647,S08647,2026-03-30,Desktop,Direct,Electronics,1277.0,1,0,0,0,0.0
U10371,S10371,2026-03-30,Mobile,Google,Shoes,1356.0,1,0,0,0,0.0
U03455,S03455,2026-03-30,Tablet,Google,Beauty,1812.0,1,0,0,0,0.0
U00397,S00397,2026-03-30,Desktop,Google,Clothing,5365.0,1,0,0,0,0.0
U02158,S02158,2026-03-30,Mobile,Direct,Home,978.0,1,1,1,0,0.0
U00725,S00725,2026-03-30,Mobile,Google,Clothing,3949.0,1,0,0,0,0.0
U01132,S01132,2026-03-30,Mobile,Direct,Home,6987.0,1,1,0,0,0.0
U05801,S05801,2026-03-30,Mobile,Email,Clothing,8049.0,1,1,1,0,0.0
U07293,S07293,2026-03-30,Desktop,Email,Clothing,4899.0,1,0,0,0,0.0
U10308,S10308,2026-03-30,Mobile,Facebook,Clothing,4613.0,1,1,1,0,0.0
U09474,S09474,2026-03-30,Mobile,Google,Shoes,3849.0,1,0,0,0,0.0
U00986,S00986,2026-03-30,Tablet,Direct,Shoes,6094.0,1,0,0,0,0.0
U08333,S08333,2026-03-30,Mobile,Instagram,Beauty,4710.0,1,0,0,0,0.0
U11173,S11173,2026-03-30,Desktop,Direct,Home,5208.0,1,1,1,1,5208.0
U11017,S11017,2026-03-30,Mobile,Google,Shoes,1140.0,1,0,0,0,0.0
U11013,S11013,2026-03-30,Desktop,Direct,Electronics,1709.0,1,0,0,0,0.0
U05766,S05766,2026-03-30,Mobile,Instagram,Beauty,4344.0,1,0,0,0,0.0
U01974,S01974,2026-03-30,Mobile,Instagram,Shoes,3318.0,1,0,0,0,0.0
U10158,S10158,2026-03-30,Desktop,Google,Shoes,927.0,1,0,0,0,0.0
U08061,S08061,2026-03-30,Desktop,Direct,Shoes,2036.0,1,1,1,1,2036.0
U05171,S05171,2026-03-30,Desktop,Direct,Shoes,1547.0,1,1,1,1,1547.0
U01118,S01118,2026-03-30,Desktop,Facebook,Shoes,2524.0,1,0,0,0,0.0
U05721,S05721,2026-03-30,Desktop,Direct,Shoes,17332.0,1,1,0,0,0.0
U08915,S08915,2026-03-30,Mobile,Instagram,Beauty,5079.0,1,0,0,0,0.0
U04181,S04181,2026-03-30,Desktop,Facebook,Shoes,6403.0,1,0,0,0,0.0
U00758,S00758,2026-03-30,Tablet,Google,Electronics,1398.0,1,0,0,0,0.0
U02883,S02883,2026-03-30,Mobile,Google,Beauty,1328.0,1,1,0,0,0.0
U08897,S08897,2026-03-30,Mobile,Instagram,Clothing,2968.0,1,0,0,0,0.0
U04195,S04195,2026-03-30,Mobile,Instagram,Home,28685.0,1,1,1,0,0.0
U11049,S11049,2026-03-30,Mobile,Direct,Home,2439.0,1,1,1,1,2439.0
U10930,S10930,2026-03-30,Mobile,Instagram,Clothing,1330.0,1,0,0,0,0.0
U08181,S08181,2026-03-31,Mobile,Google,Clothing,1396.0,1,0,0,0,0.0
U06451,S06451,2026-03-31,Mobile,Google,Clothing,4105.0,1,1,1,1,4105.0
U05087,S05087,2026-03-31,Desktop,Instagram,Beauty,11991.0,1,0,0,0,0.0
U10226,S10226,2026-03-31,Desktop,Google,Clothing,4732.0,1,1,1,1,4732.0
U04935,S04935,2026-03-31,Desktop,Email,Home,2692.0,1,1,0,0,0.0
U07026,S07026,2026-03-31,Mobile,Instagram,Home,1562.0,1,1,1,0,0.0
U02509,S02509,2026-03-31,Mobile,Email,Shoes,2989.0,1,1,0,0,0.0
U06666,S06666,2026-03-31,Desktop,Instagram,Beauty,1607.0,1,0,0,0,0.0
U07733,S07733,2026-03-31,Mobile,Google,Electronics,1350.0,1,1,0,0,0.0
U09780,S09780,2026-03-31,Desktop,Instagram,Beauty,2645.0,1,1,1,0,0.0
U01111,S01111,2026-03-31,Mobile,Instagram,Beauty,1864.0,1,1,0,0,0.0
U09731,S09731,2026-03-31,Mobile,Email,Electronics,8156.0,1,1,0,0,0.0
U06280,S06280,2026-03-31,Mobile,Google,Clothing,15167.0,1,0,0,0,0.0
U07888,S07888,2026-03-31,Mobile,Email,Shoes,2247.0,1,0,0,0,0.0
U00718,S00718,2026-03-31,Mobile,Direct,Shoes,5234.0,1,0,0,0,0.0
U01321,S01321,2026-03-31,Mobile,Google,Beauty,4518.0,1,1,1,1,4518.0
U03381,S03381,2026-03-31,Mobile,Google,Clothing,5020.0,1,1,0,0,0.0
U11269,S11269,2026-03-31,Mobile,Instagram,Shoes,5646.0,1,0,0,0,0.0
U07010,S07010,2026-03-31,Mobile,Direct,Shoes,1866.0,1,1,0,0,0.0
U06944,S06944,2026-03-31,Mobile,Email,Electronics,3850.0,1,1,1,0,0.0
U07454,S07454,2026-03-31,Mobile,Google,Home,1365.0,1,0,0,0,0.0
U06282,S06282,2026-03-31,Mobile,Instagram,Shoes,2860.0,1,0,0,0,0.0
U01971,S01971,2026-03-31,Mobile,Direct,Clothing,3892.0,1,1,0,0,0.0
U06555,S06555,2026-03-31,Mobile,Direct,Home,1515.0,1,0,0,0,0.0
U06556,S06556,2026-03-31,Mobile,Direct,Shoes,2191.0,1,1,0,0,0.0
U06549,S06549,2026-03-31,Desktop,Instagram,Beauty,6412.0,1,0,0,0,0.0
U11979,S11979,2026-03-31,Mobile,Google,Electronics,766.0,1,0,0,0,0.0
U02779,S02779,2026-03-31,Mobile,Facebook,Clothing,15571.0,1,0,0,0,0.0
U08071,S08071,2026-03-31,Mobile,Google,Clothing,1370.0,1,0,0,0,0.0
U03041,S03041,2026-03-31,Mobile,Instagram,Home,6511.0,1,0,0,0,0.0
U01419,S01419,2026-03-31,Desktop,Google,Clothing,670.0,1,0,0,0,0.0
U11911,S11911,2026-03-31,Desktop,Facebook,Clothing,5372.0,1,0,0,0,0.0
U07198,S07198,2026-03-31,Desktop,Email,Clothing,5732.0,1,1,0,0,0.0
U07686,S07686,2026-03-31,Desktop,Google,Shoes,1468.0,1,1,1,1,1468.0
U04638,S04638,2026-03-31,Desktop,Direct,Clothing,1512.0,1,1,0,0,0.0
U07132,S07132,2026-03-31,Desktop,Direct,Electronics,2075.0,1,0,0,0,0.0
U00649,S00649,2026-03-31,Desktop,Google,Shoes,8658.0,1,0,0,0,0.0
U00933,S00933,2026-03-31,Mobile,Instagram,Electronics,2588.0,1,0,0,0,0.0
U07176,S07176,2026-03-31,Mobile,Google,Clothing,4607.0,1,0,0,0,0.0
U04920,S04920,2026-03-31,Mobile,Google,Shoes,884.0,1,1,1,0,0.0
U10948,S10948,2026-03-31,Desktop,Email,Clothing,1440.0,1,0,0,0,0.0
U05015,S05015,2026-03-31,Mobile,Direct,Shoes,4326.0,1,0,0,0,0.0
U06625,S06625,2026-03-31,Mobile,Instagram,Home,3994.0,1,1,0,0,0.0
U11791,S11791,2026-03-31,Desktop,Direct,Shoes,23233.0,1,1,1,0,0.0
U11582,S11582,2026-03-31,Desktop,Google,Home,1145.0,1,0,0,0,0.0
U02859,S02859,2026-03-31,Desktop,Google,Home,6247.0,1,0,0,0,0.0
U02978,S02978,2026-03-31,Desktop,Email,Shoes,4910.0,1,0,0,0,0.0
U00023,S00023,2026-03-31,Tablet,Instagram,Shoes,518.0,1,0,0,0,0.0
U07245,S07245,2026-03-31,Mobile,Email,Electronics,3745.0,1,0,0,0,0.0
U06710,S06710,2026-03-31,Mobile,Direct,Clothing,560.0,1,0,0,0,0.0
U01526,S01526,2026-03-31,Mobile,Google,Electronics,3026.0,1,0,0,0,0.0
U11172,S11172,2026-03-31,Desktop,Email,Shoes,4002.0,1,0,0,0,0.0
U09337,S09337,2026-03-31,Mobile,Instagram,Home,5485.0,1,0,0,0,0.0
U11997,S11997,2026-03-31,Mobile,Instagram,Electronics,4958.0,1,1,0,0,0.0
U01334,S01334,2026-03-31,Tablet,Google,Clothing,300.0,1,0,0,0,0.0
U00736,S00736,2026-03-31,Desktop,Facebook,Shoes,1880.0,1,0,0,0,0.0
U08310,S08310,2026-03-31,Tablet,Google,Beauty,1041.0,1,0,0,0,0.0
U00104,S00104,2026-03-31,Tablet,Email,Clothing,1776.0,1,1,1,1,1776.0
U02981,S02981,2026-03-31,Mobile,Google,Electronics,5042.0,1,1,0,0,0.0
U01399,S01399,2026-03-31,Mobile,Email,Clothing,10762.0,1,1,1,1,10762.0
U10673,S10673,2026-03-31,Mobile,Google,Clothing,2471.0,1,0,0,0,0.0
U07535,S07535,2026-03-31,Mobile,Facebook,Electronics,1768.0,1,0,0,0,0.0
U00077,S00077,2026-03-31,Mobile,Instagram,Beauty,8883.0,1,1,1,0,0.0
U11179,S11179,2026-03-31,Tablet,Facebook,Electronics,2544.0,1,0,0,0,0.0
U08966,S08966,2026-03-31,Mobile,Email,Electronics,1478.0,1,1,0,0,0.0
U10015,S10015,2026-03-31,Tablet,Google,Clothing,3527.0,1,1,1,1,3527.0
U07168,S07168,2026-03-31,Mobile,Instagram,Electronics,1805.0,1,0,0,0,0.0
U00646,S00646,2026-03-31,Desktop,Facebook,Home,2779.0,1,0,0,0,0.0
U11794,S11794,2026-03-31,Mobile,Google,Clothing,1467.0,1,0,0,0,0.0
U10474,S10474,2026-03-31,Desktop,Google,Shoes,2772.0,1,1,1,1,2772.0
U09608,S09608,2026-03-31,Mobile,Facebook,Shoes,18057.0,1,0,0,0,0.0
U08275,S08275,2026-03-31,Mobile,Direct,Beauty,3544.0,1,1,1,0,0.0
U10512,S10512,2026-03-31,Desktop,Facebook,Shoes,1347.0,1,0,0,0,0.0
U02650,S02650,2026-03-31,Desktop,Email,Clothing,577.0,1,0,0,0,0.0
U09435,S09435,2026-03-31,Desktop,Instagram,Clothing,3706.0,1,1,1,0,0.0
U01955,S01955,2026-04-01,Desktop,Facebook,Clothing,16139.0,1,0,0,0,0.0
U11959,S11959,2026-04-01,Desktop,Email,Electronics,2121.0,1,1,1,1,2121.0
U08160,S08160,2026-04-01,Mobile,Direct,Electronics,3361.0,1,0,0,0,0.0
U06906,S06906,2026-04-01,Desktop,Direct,Electronics,3051.0,1,0,0,0,0.0
U01728,S01728,2026-04-01,Desktop,Direct,Shoes,3743.0,1,1,0,0,0.0
U10739,S10739,2026-04-01,Desktop,Google,Shoes,1049.0,1,0,0,0,0.0
U10425,S10425,2026-04-01,Mobile,Direct,Clothing,2426.0,1,0,0,0,0.0
U07174,S07174,2026-04-01,Desktop,Google,Clothing,2465.0,1,1,1,0,0.0
U07692,S07692,2026-04-01,Mobile,Facebook,Home,2243.0,1,0,0,0,0.0
U04402,S04402,2026-04-01,Desktop,Google,Clothing,1600.0,1,0,0,0,0.0
U03849,S03849,2026-04-01,Mobile,Facebook,Home,9329.0,1,1,1,1,9329.0
U00089,S00089,2026-04-01,Mobile,Google,Electronics,10785.0,1,1,0,0,0.0
U10521,S10521,2026-04-01,Desktop,Google,Clothing,639.0,1,0,0,0,0.0
U11408,S11408,2026-04-01,Mobile,Instagram,Home,6611.0,1,1,1,1,6611.0
U03356,S03356,2026-04-01,Mobile,Instagram,Shoes,2888.0,1,1,0,0,0.0
U08817,S08817,2026-04-01,Desktop,Direct,Clothing,6392.0,1,1,0,0,0.0
U02820,S02820,2026-04-01,Tablet,Instagram,Shoes,795.0,1,1,1,1,795.0
U07603,S07603,2026-04-01,Mobile,Facebook,Beauty,962.0,1,1,1,1,962.0
U08478,S08478,2026-04-01,Mobile,Email,Clothing,1146.0,1,0,0,0,0.0
U03133,S03133,2026-04-01,Mobile,Direct,Beauty,2142.0,1,0,0,0,0.0
U03139,S03139,2026-04-01,Desktop,Direct,Electronics,6577.0,1,1,1,0,0.0
U00981,S00981,2026-04-01,Tablet,Google,Clothing,10350.0,1,1,1,0,0.0
U09497,S09497,2026-04-01,Mobile,Email,Electronics,1638.0,1,0,0,0,0.0
U02506,S02506,2026-04-01,Mobile,Direct,Home,5286.0,1,0,0,0,0.0
U01889,S01889,2026-04-01,Desktop,Direct,Electronics,3644.0,1,0,0,0,0.0
U03742,S03742,2026-04-01,Mobile,Instagram,Shoes,3389.0,1,1,0,0,0.0
U05480,S05480,2026-04-01,Tablet,Email,Beauty,2757.0,1,0,0,0,0.0
U08501,S08501,2026-04-01,Mobile,Facebook,Beauty,2664.0,1,0,0,0,0.0
U01263,S01263,2026-04-01,Mobile,Google,Shoes,1164.0,1,0,0,0,0.0
U05309,S05309,2026-04-01,Mobile,Direct,Shoes,921.0,1,0,0,0,0.0
U03097,S03097,2026-04-01,Mobile,Direct,Shoes,300.0,1,1,1,1,300.0
U04042,S04042,2026-04-01,Desktop,Instagram,Home,9293.0,1,1,1,0,0.0
U01012,S01012,2026-04-01,Mobile,Email,Electronics,2342.0,1,1,1,1,2342.0
U11646,S11646,2026-04-01,Mobile,Instagram,Shoes,2339.0,1,0,0,0,0.0
U11524,S11524,2026-04-01,Mobile,Instagram,Electronics,14439.0,1,0,0,0,0.0
U11478,S11478,2026-04-01,Desktop,Google,Clothing,4061.0,1,1,0,0,0.0
U00497,S00497,2026-04-01,Mobile,Instagram,Clothing,4703.0,1,1,1,0,0.0
U07555,S07555,2026-04-01,Desktop,Google,Shoes,1523.0,1,1,1,1,1523.0
U05946,S05946,2026-04-01,Mobile,Direct,Beauty,1888.0,1,1,1,1,1888.0
U05325,S05325,2026-04-01,Mobile,Google,Home,1264.0,1,0,0,0,0.0
U10131,S10131,2026-04-01,Desktop,Facebook,Electronics,2054.0,1,0,0,0,0.0
U05435,S05435,2026-04-01,Desktop,Google,Shoes,5373.0,1,1,0,0,0.0
U03200,S03200,2026-04-01,Tablet,Email,Electronics,4068.0,1,1,0,0,0.0
U05060,S05060,2026-04-01,Mobile,Instagram,Electronics,2257.0,1,0,0,0,0.0
U10517,S10517,2026-04-01,Mobile,Email,Home,1040.0,1,0,0,0,0.0
U09929,S09929,2026-04-01,Desktop,Instagram,Clothing,490.0,1,1,1,1,490.0
U07341,S07341,2026-04-01,Mobile,Email,Shoes,2221.0,1,0,0,0,0.0
U07811,S07811,2026-04-01,Mobile,Instagram,Clothing,755.0,1,1,1,0,0.0
U03610,S03610,2026-04-01,Mobile,Email,Electronics,1888.0,1,0,0,0,0.0
U00429,S00429,2026-04-01,Mobile,Facebook,Home,2556.0,1,1,1,0,0.0
U02194,S02194,2026-04-01,Mobile,Facebook,Electronics,4198.0,1,1,1,0,0.0
U02409,S02409,2026-04-01,Mobile,Instagram,Beauty,2635.0,1,1,1,0,0.0
U00170,S00170,2026-04-01,Tablet,Email,Shoes,1024.0,1,1,0,0,0.0
U08639,S08639,2026-04-01,Mobile,Google,Clothing,2926.0,1,0,0,0,0.0
U11304,S11304,2026-04-01,Desktop,Google,Clothing,1415.0,1,0,0,0,0.0
U05551,S05551,2026-04-01,Mobile,Instagram,Home,2608.0,1,1,0,0,0.0
U11447,S11447,2026-04-01,Desktop,Google,Clothing,2044.0,1,1,1,1,2044.0
U08616,S08616,2026-04-01,Desktop,Google,Clothing,952.0,1,1,0,0,0.0
U04342,S04342,2026-04-01,Mobile,Direct,Beauty,1842.0,1,1,1,1,1842.0
U02361,S02361,2026-04-01,Desktop,Google,Clothing,16425.0,1,0,0,0,0.0
U10520,S10520,2026-04-01,Tablet,Instagram,Electronics,3946.0,1,1,1,1,3946.0
U08965,S08965,2026-04-01,Mobile,Direct,Electronics,5832.0,1,0,0,0,0.0
U05102,S05102,2026-04-01,Mobile,Email,Electronics,2327.0,1,1,0,0,0.0
U06912,S06912,2026-04-01,Mobile,Instagram,Clothing,2618.0,1,1,0,0,0.0
U03361,S03361,2026-04-01,Mobile,Direct,Beauty,320.0,1,0,0,0,0.0
U05057,S05057,2026-04-01,Mobile,Direct,Home,728.0,1,0,0,0,0.0
U05631,S05631,2026-04-01,Mobile,Email,Clothing,1517.0,1,1,1,1,1517.0
U02405,S02405,2026-04-01,Desktop,Facebook,Home,3509.0,1,0,0,0,0.0
U11723,S11723,2026-04-01,Mobile,Google,Clothing,4913.0,1,0,0,0,0.0
U00621,S00621,2026-04-01,Desktop,Direct,Clothing,1823.0,1,1,1,1,1823.0
U04554,S04554,2026-04-02,Desktop,Facebook,Beauty,2281.0,1,1,0,0,0.0
U01039,S01039,2026-04-02,Mobile,Google,Electronics,14327.0,1,1,1,1,14327.0
U06750,S06750,2026-04-02,Desktop,Instagram,Clothing,2280.0,1,0,0,0,0.0
U06115,S06115,2026-04-02,Mobile,Google,Shoes,1075.0,1,1,1,0,0.0
U01817,S01817,2026-04-02,Desktop,Instagram,Clothing,3678.0,1,0,0,0,0.0
U07760,S07760,2026-04-02,Mobile,Email,Home,3407.0,1,0,0,0,0.0
U07092,S07092,2026-04-02,Mobile,Email,Beauty,1164.0,1,0,0,0,0.0
U10458,S10458,2026-04-02,Mobile,Google,Electronics,1944.0,1,1,0,0,0.0
U09507,S09507,2026-04-02,Mobile,Instagram,Beauty,1546.0,1,0,0,0,0.0
U11737,S11737,2026-04-02,Desktop,Facebook,Electronics,1306.0,1,0,0,0,0.0
U01236,S01236,2026-04-02,Mobile,Google,Beauty,3806.0,1,0,0,0,0.0
U02271,S02271,2026-04-02,Desktop,Facebook,Shoes,876.0,1,1,0,0,0.0
U06091,S06091,2026-04-02,Mobile,Direct,Shoes,1112.0,1,0,0,0,0.0
U07263,S07263,2026-04-02,Mobile,Email,Clothing,915.0,1,0,0,0,0.0
U08139,S08139,2026-04-02,Desktop,Email,Beauty,6660.0,1,1,1,1,6660.0
U07166,S07166,2026-04-02,Mobile,Instagram,Home,4325.0,1,0,0,0,0.0
U03329,S03329,2026-04-02,Mobile,Email,Shoes,466.0,1,1,1,1,466.0
U03454,S03454,2026-04-02,Mobile,Google,Electronics,3170.0,1,1,1,1,3170.0
U08698,S08698,2026-04-02,Mobile,Instagram,Beauty,1859.0,1,0,0,0,0.0
U09127,S09127,2026-04-02,Mobile,Direct,Home,1138.0,1,1,0,0,0.0
U10635,S10635,2026-04-02,Desktop,Email,Clothing,1518.0,1,0,0,0,0.0
U00937,S00937,2026-04-02,Tablet,Instagram,Beauty,2042.0,1,1,1,0,0.0
U06194,S06194,2026-04-02,Mobile,Instagram,Home,1240.0,1,1,0,0,0.0
U10240,S10240,2026-04-02,Mobile,Google,Electronics,2559.0,1,0,0,0,0.0
U06228,S06228,2026-04-02,Mobile,Instagram,Shoes,1913.0,1,1,1,1,1913.0
U00936,S00936,2026-04-02,Mobile,Google,Shoes,2281.0,1,0,0,0,0.0
U09500,S09500,2026-04-02,Mobile,Instagram,Clothing,2119.0,1,0,0,0,0.0
U06484,S06484,2026-04-02,Desktop,Direct,Beauty,445.0,1,1,1,1,445.0
U07787,S07787,2026-04-02,Desktop,Instagram,Beauty,6672.0,1,1,0,0,0.0
U07914,S07914,2026-04-02,Desktop,Direct,Beauty,855.0,1,1,1,1,855.0
U06167,S06167,2026-04-02,Mobile,Facebook,Electronics,2586.0,1,0,0,0,0.0
U03167,S03167,2026-04-02,Mobile,Google,Clothing,2875.0,1,1,0,0,0.0
U03332,S03332,2026-04-02,Mobile,Direct,Shoes,1894.0,1,0,0,0,0.0
U03806,S03806,2026-04-02,Mobile,Direct,Shoes,1681.0,1,0,0,0,0.0
U05485,S05485,2026-04-02,Desktop,Facebook,Home,498.0,1,0,0,0,0.0
U08468,S08468,2026-04-02,Mobile,Google,Electronics,926.0,1,0,0,0,0.0
U08590,S08590,2026-04-02,Desktop,Google,Electronics,1045.0,1,0,0,0,0.0
U04736,S04736,2026-04-02,Desktop,Facebook,Clothing,990.0,1,1,1,1,990.0
U10031,S10031,2026-04-02,Mobile,Direct,Clothing,2457.0,1,1,1,0,0.0
U05187,S05187,2026-04-02,Mobile,Instagram,Clothing,9490.0,1,1,1,0,0.0
U06836,S06836,2026-04-02,Mobile,Direct,Beauty,3778.0,1,0,0,0,0.0
U00233,S00233,2026-04-02,Tablet,Google,Shoes,8734.0,1,1,0,0,0.0
U04483,S04483,2026-04-02,Desktop,Email,Shoes,5905.0,1,0,0,0,0.0
U05581,S05581,2026-04-02,Desktop,Google,Electronics,2793.0,1,0,0,0,0.0
U02896,S02896,2026-04-02,Mobile,Direct,Shoes,2920.0,1,0,0,0,0.0
U06126,S06126,2026-04-02,Mobile,Instagram,Electronics,2486.0,1,0,0,0,0.0
U09622,S09622,2026-04-02,Desktop,Google,Beauty,2082.0,1,1,0,0,0.0
U11131,S11131,2026-04-02,Mobile,Direct,Clothing,2080.0,1,0,0,0,0.0
U06058,S06058,2026-04-02,Mobile,Instagram,Shoes,1985.0,1,0,0,0,0.0
U11755,S11755,2026-04-02,Desktop,Direct,Home,2808.0,1,1,1,1,2808.0
U00465,S00465,2026-04-02,Mobile,Direct,Electronics,1015.0,1,1,0,0,0.0
U02228,S02228,2026-04-02,Mobile,Instagram,Electronics,2033.0,1,1,1,1,2033.0
U02692,S02692,2026-04-02,Mobile,Google,Clothing,2657.0,1,1,1,1,2657.0
U05436,S05436,2026-04-02,Mobile,Direct,Home,1917.0,1,0,0,0,0.0
U00015,S00015,2026-04-02,Mobile,Instagram,Shoes,3368.0,1,0,0,0,0.0
U11330,S11330,2026-04-02,Tablet,Direct,Shoes,1953.0,1,1,1,0,0.0
U03071,S03071,2026-04-02,Mobile,Google,Clothing,7056.0,1,0,0,0,0.0
U08745,S08745,2026-04-02,Mobile,Google,Shoes,906.0,1,0,0,0,0.0
U08292,S08292,2026-04-02,Tablet,Email,Electronics,3509.0,1,0,0,0,0.0
U09271,S09271,2026-04-02,Mobile,Instagram,Home,2504.0,1,0,0,0,0.0
U07538,S07538,2026-04-02,Desktop,Google,Clothing,7607.0,1,0,0,0,0.0
U05739,S05739,2026-04-02,Desktop,Instagram,Clothing,1662.0,1,0,0,0,0.0
U00731,S00731,2026-04-02,Mobile,Facebook,Home,3014.0,1,0,0,0,0.0
U00313,S00313,2026-04-02,Mobile,Google,Clothing,9278.0,1,1,1,0,0.0
U02055,S02055,2026-04-02,Mobile,Instagram,Shoes,2551.0,1,0,0,0,0.0
U00698,S00698,2026-04-02,Mobile,Direct,Home,536.0,1,0,0,0,0.0
U11138,S11138,2026-04-02,Desktop,Google,Electronics,809.0,1,1,1,1,809.0
U04359,S04359,2026-04-02,Mobile,Instagram,Shoes,1212.0,1,0,0,0,0.0
U02992,S02992,2026-04-02,Desktop,Google,Clothing,6044.0,1,0,0,0,0.0
U07437,S07437,2026-04-02,Mobile,Email,Clothing,3095.0,1,0,0,0,0.0
U01747,S01747,2026-04-02,Desktop,Direct,Home,4147.0,1,1,1,1,4147.0
U02372,S02372,2026-04-02,Mobile,Instagram,Electronics,1027.0,1,0,0,0,0.0
U00727,S00727,2026-04-02,Mobile,Direct,Electronics,1505.0,1,0,0,0,0.0
U09214,S09214,2026-04-02,Mobile,Google,Clothing,7117.0,1,1,1,1,7117.0
U03748,S03748,2026-04-03,Desktop,Direct,Clothing,2852.0,1,1,1,1,2852.0
U05926,S05926,2026-04-03,Mobile,Instagram,Shoes,4959.0,1,1,1,0,0.0
U08495,S08495,2026-04-03,Mobile,Google,Clothing,760.0,1,1,1,1,760.0
U10964,S10964,2026-04-03,Desktop,Google,Electronics,1605.0,1,0,0,0,0.0
U03589,S03589,2026-04-03,Desktop,Google,Shoes,2692.0,1,1,1,1,2692.0
U01620,S01620,2026-04-03,Mobile,Direct,Clothing,9128.0,1,0,0,0,0.0
U02370,S02370,2026-04-03,Mobile,Facebook,Electronics,1286.0,1,1,1,1,1286.0
U00277,S00277,2026-04-03,Mobile,Facebook,Home,372.0,1,0,0,0,0.0
U05154,S05154,2026-04-03,Mobile,Instagram,Clothing,10015.0,1,1,0,0,0.0
U05224,S05224,2026-04-03,Mobile,Google,Home,9933.0,1,0,0,0,0.0
U00613,S00613,2026-04-03,Tablet,Google,Electronics,895.0,1,1,1,0,0.0
U02667,S02667,2026-04-03,Desktop,Google,Electronics,442.0,1,0,0,0,0.0
U08933,S08933,2026-04-03,Mobile,Direct,Clothing,25118.0,1,1,1,0,0.0
U06824,S06824,2026-04-03,Mobile,Instagram,Beauty,1722.0,1,0,0,0,0.0
U10718,S10718,2026-04-03,Desktop,Instagram,Home,11078.0,1,1,0,0,0.0
U03945,S03945,2026-04-03,Mobile,Google,Electronics,2029.0,1,1,1,1,2029.0
U06774,S06774,2026-04-03,Tablet,Email,Beauty,2150.0,1,1,1,1,2150.0
U05619,S05619,2026-04-03,Mobile,Facebook,Home,2086.0,1,0,0,0,0.0
U10593,S10593,2026-04-03,Mobile,Google,Shoes,381.0,1,0,0,0,0.0
U09923,S09923,2026-04-03,Mobile,Direct,Shoes,726.0,1,0,0,0,0.0
U11352,S11352,2026-04-03,Mobile,Google,Clothing,657.0,1,1,0,0,0.0
U02042,S02042,2026-04-03,Desktop,Direct,Clothing,1510.0,1,0,0,0,0.0
U10424,S10424,2026-04-03,Mobile,Instagram,Beauty,3541.0,1,1,1,0,0.0
U08740,S08740,2026-04-03,Desktop,Google,Home,1691.0,1,0,0,0,0.0
U10268,S10268,2026-04-03,Mobile,Google,Beauty,1199.0,1,0,0,0,0.0
U08598,S08598,2026-04-03,Desktop,Instagram,Shoes,2068.0,1,1,0,0,0.0
U00440,S00440,2026-04-03,Desktop,Instagram,Electronics,1022.0,1,0,0,0,0.0
U05615,S05615,2026-04-03,Desktop,Instagram,Beauty,805.0,1,1,1,1,805.0
U10873,S10873,2026-04-03,Desktop,Facebook,Shoes,3762.0,1,0,0,0,0.0
U07426,S07426,2026-04-03,Mobile,Google,Electronics,4669.0,1,0,0,0,0.0
U03175,S03175,2026-04-03,Desktop,Google,Electronics,24934.0,1,1,1,1,24934.0
U00910,S00910,2026-04-03,Mobile,Google,Electronics,11771.0,1,0,0,0,0.0
U09970,S09970,2026-04-03,Mobile,Google,Shoes,13718.0,1,0,0,0,0.0
U09708,S09708,2026-04-03,Tablet,Direct,Clothing,8926.0,1,1,1,1,8926.0
U04763,S04763,2026-04-03,Tablet,Google,Beauty,1825.0,1,1,1,1,1825.0
U10465,S10465,2026-04-03,Mobile,Google,Beauty,1858.0,1,0,0,0,0.0
U11640,S11640,2026-04-03,Tablet,Direct,Electronics,24420.0,1,0,0,0,0.0
U02425,S02425,2026-04-03,Desktop,Google,Shoes,9356.0,1,0,0,0,0.0
U03256,S03256,2026-04-03,Desktop,Google,Beauty,1943.0,1,1,1,1,1943.0
U09397,S09397,2026-04-03,Mobile,Google,Home,2985.0,1,1,0,0,0.0
U01739,S01739,2026-04-03,Mobile,Facebook,Beauty,945.0,1,0,0,0,0.0
U00801,S00801,2026-04-03,Desktop,Facebook,Clothing,1630.0,1,0,0,0,0.0
U04998,S04998,2026-04-03,Mobile,Direct,Home,6367.0,1,1,1,1,6367.0
U03985,S03985,2026-04-03,Mobile,Google,Shoes,3158.0,1,0,0,0,0.0
U01453,S01453,2026-04-03,Desktop,Instagram,Clothing,1532.0,1,0,0,0,0.0
U10163,S10163,2026-04-03,Mobile,Google,Clothing,1155.0,1,0,0,0,0.0
U11042,S11042,2026-04-03,Mobile,Instagram,Shoes,631.0,1,1,0,0,0.0
U00074,S00074,2026-04-03,Mobile,Google,Beauty,3096.0,1,0,0,0,0.0
U11884,S11884,2026-04-03,Tablet,Instagram,Home,1301.0,1,0,0,0,0.0
U07613,S07613,2026-04-03,Desktop,Instagram,Clothing,2778.0,1,0,0,0,0.0
U07745,S07745,2026-04-03,Desktop,Google,Beauty,6924.0,1,0,0,0,0.0
U04965,S04965,2026-04-03,Mobile,Email,Beauty,5117.0,1,1,1,1,5117.0
U03519,S03519,2026-04-03,Mobile,Google,Home,2000.0,1,0,0,0,0.0
U09335,S09335,2026-04-03,Desktop,Facebook,Home,2424.0,1,0,0,0,0.0
U09307,S09307,2026-04-03,Desktop,Direct,Electronics,10858.0,1,1,1,0,0.0
U11679,S11679,2026-04-03,Mobile,Google,Beauty,666.0,1,0,0,0,0.0
U02559,S02559,2026-04-03,Mobile,Google,Home,4430.0,1,0,0,0,0.0
U01933,S01933,2026-04-03,Desktop,Email,Clothing,364.0,1,0,0,0,0.0
U00110,S00110,2026-04-03,Desktop,Google,Electronics,9128.0,1,0,0,0,0.0
U03212,S03212,2026-04-04,Desktop,Google,Clothing,4172.0,1,0,0,0,0.0
U03295,S03295,2026-04-04,Mobile,Facebook,Shoes,9187.0,1,1,1,0,0.0
U09984,S09984,2026-04-04,Mobile,Direct,Home,1988.0,1,0,0,0,0.0
U00099,S00099,2026-04-04,Mobile,Direct,Beauty,5833.0,1,0,0,0,0.0
U02631,S02631,2026-04-04,Mobile,Google,Electronics,2950.0,1,0,0,0,0.0
U11781,S11781,2026-04-04,Mobile,Direct,Home,419.0,1,0,0,0,0.0
U02445,S02445,2026-04-04,Mobile,Email,Clothing,1469.0,1,0,0,0,0.0
U11461,S11461,2026-04-04,Mobile,Instagram,Shoes,3461.0,1,0,0,0,0.0
U02900,S02900,2026-04-04,Mobile,Email,Home,900.0,1,1,0,0,0.0
U03980,S03980,2026-04-04,Desktop,Facebook,Home,12311.0,1,1,0,0,0.0
U11275,S11275,2026-04-04,Mobile,Instagram,Shoes,8193.0,1,0,0,0,0.0
U08214,S08214,2026-04-04,Mobile,Facebook,Electronics,1867.0,1,0,0,0,0.0
U11054,S11054,2026-04-04,Mobile,Direct,Clothing,5205.0,1,1,1,1,5205.0
U02791,S02791,2026-04-04,Desktop,Direct,Shoes,6850.0,1,1,1,1,6850.0
U10314,S10314,2026-04-04,Tablet,Direct,Electronics,4337.0,1,0,0,0,0.0
U04652,S04652,2026-04-04,Desktop,Direct,Beauty,2826.0,1,1,0,0,0.0
U07321,S07321,2026-04-04,Mobile,Google,Shoes,14969.0,1,0,0,0,0.0
U05995,S05995,2026-04-04,Mobile,Google,Home,5593.0,1,1,1,1,5593.0
U04155,S04155,2026-04-04,Mobile,Instagram,Clothing,3019.0,1,0,0,0,0.0
U11191,S11191,2026-04-04,Mobile,Instagram,Shoes,15628.0,1,0,0,0,0.0
U11063,S11063,2026-04-04,Mobile,Direct,Electronics,3814.0,1,0,0,0,0.0
U06945,S06945,2026-04-04,Mobile,Instagram,Shoes,4748.0,1,0,0,0,0.0
U01625,S01625,2026-04-04,Mobile,Google,Shoes,6836.0,1,0,0,0,0.0
U10341,S10341,2026-04-04,Desktop,Google,Clothing,1443.0,1,0,0,0,0.0
U05832,S05832,2026-04-04,Mobile,Google,Home,4947.0,1,0,0,0,0.0
U00151,S00151,2026-04-04,Desktop,Google,Clothing,2459.0,1,1,1,1,2459.0
U02081,S02081,2026-04-04,Mobile,Instagram,Clothing,11460.0,1,0,0,0,0.0
U08755,S08755,2026-04-04,Mobile,Email,Clothing,1711.0,1,0,0,0,0.0
U02888,S02888,2026-04-04,Tablet,Direct,Beauty,2715.0,1,1,1,1,2715.0
U11613,S11613,2026-04-04,Mobile,Facebook,Clothing,1175.0,1,1,1,1,1175.0
U09373,S09373,2026-04-04,Desktop,Direct,Home,893.0,1,0,0,0,0.0
U02278,S02278,2026-04-04,Mobile,Google,Clothing,3231.0,1,1,0,0,0.0
U06333,S06333,2026-04-04,Mobile,Instagram,Clothing,4411.0,1,0,0,0,0.0
U08661,S08661,2026-04-04,Mobile,Instagram,Shoes,2947.0,1,1,1,1,2947.0
U05616,S05616,2026-04-04,Mobile,Direct,Shoes,1190.0,1,0,0,0,0.0
U04012,S04012,2026-04-04,Mobile,Instagram,Shoes,2904.0,1,1,1,0,0.0
U03787,S03787,2026-04-04,Tablet,Facebook,Shoes,603.0,1,0,0,0,0.0
U10932,S10932,2026-04-04,Desktop,Direct,Beauty,1474.0,1,0,0,0,0.0
U03768,S03768,2026-04-04,Mobile,Direct,Shoes,1704.0,1,1,0,0,0.0
U11448,S11448,2026-04-04,Mobile,Instagram,Home,1706.0,1,0,0,0,0.0
U02449,S02449,2026-04-04,Mobile,Email,Shoes,574.0,1,0,0,0,0.0
U04476,S04476,2026-04-04,Desktop,Direct,Shoes,2390.0,1,0,0,0,0.0
U01940,S01940,2026-04-04,Mobile,Facebook,Clothing,696.0,1,1,1,0,0.0
U01166,S01166,2026-04-04,Desktop,Email,Clothing,8269.0,1,0,0,0,0.0
U05030,S05030,2026-04-04,Mobile,Direct,Clothing,5622.0,1,1,1,1,5622.0
U02215,S02215,2026-04-04,Tablet,Instagram,Shoes,2607.0,1,0,0,0,0.0
U03820,S03820,2026-04-04,Desktop,Direct,Clothing,811.0,1,0,0,0,0.0
U06184,S06184,2026-04-04,Desktop,Direct,Home,4300.0,1,0,0,0,0.0
U00867,S00867,2026-04-04,Desktop,Google,Clothing,1966.0,1,0,0,0,0.0
U11220,S11220,2026-04-04,Desktop,Google,Electronics,10611.0,1,0,0,0,0.0
U05345,S05345,2026-04-04,Mobile,Google,Beauty,3793.0,1,0,0,0,0.0
U00529,S00529,2026-04-04,Desktop,Email,Clothing,5650.0,1,0,0,0,0.0
U07070,S07070,2026-04-04,Desktop,Instagram,Shoes,667.0,1,0,0,0,0.0
U05168,S05168,2026-04-04,Desktop,Google,Home,2924.0,1,1,0,0,0.0
U11860,S11860,2026-04-04,Mobile,Facebook,Home,1384.0,1,0,0,0,0.0
U03084,S03084,2026-04-04,Desktop,Direct,Electronics,1043.0,1,1,0,0,0.0
U08440,S08440,2026-04-04,Mobile,Google,Beauty,4668.0,1,0,0,0,0.0
U00887,S00887,2026-04-04,Mobile,Instagram,Beauty,390.0,1,0,0,0,0.0
U01476,S01476,2026-04-04,Mobile,Email,Electronics,1113.0,1,1,1,0,0.0
U01886,S01886,2026-04-04,Mobile,Email,Clothing,3385.0,1,0,0,0,0.0
U09427,S09427,2026-04-04,Mobile,Google,Electronics,371.0,1,1,0,0,0.0
U09051,S09051,2026-04-04,Mobile,Instagram,Electronics,300.0,1,1,1,1,300.0
U11812,S11812,2026-04-05,Mobile,Direct,Home,3232.0,1,0,0,0,0.0
U06618,S06618,2026-04-05,Desktop,Email,Clothing,5737.0,1,0,0,0,0.0
U09221,S09221,2026-04-05,Tablet,Google,Home,6575.0,1,1,0,0,0.0
U04392,S04392,2026-04-05,Desktop,Facebook,Clothing,4119.0,1,0,0,0,0.0
U08881,S08881,2026-04-05,Desktop,Instagram,Clothing,3221.0,1,0,0,0,0.0
U05523,S05523,2026-04-05,Mobile,Email,Home,1409.0,1,0,0,0,0.0
U04406,S04406,2026-04-05,Mobile,Google,Clothing,1694.0,1,1,0,0,0.0
U10010,S10010,2026-04-05,Mobile,Facebook,Clothing,740.0,1,0,0,0,0.0
U01778,S01778,2026-04-05,Mobile,Direct,Clothing,2784.0,1,0,0,0,0.0
U04725,S04725,2026-04-05,Mobile,Direct,Electronics,2103.0,1,0,0,0,0.0
U10829,S10829,2026-04-05,Mobile,Instagram,Electronics,8127.0,1,0,0,0,0.0
U06427,S06427,2026-04-05,Mobile,Facebook,Home,1315.0,1,0,0,0,0.0
U03049,S03049,2026-04-05,Desktop,Email,Home,3439.0,1,1,0,0,0.0
U09913,S09913,2026-04-05,Desktop,Instagram,Shoes,1346.0,1,0,0,0,0.0
U01122,S01122,2026-04-05,Mobile,Email,Beauty,4867.0,1,0,0,0,0.0
U02031,S02031,2026-04-05,Mobile,Instagram,Shoes,3399.0,1,0,0,0,0.0
U11761,S11761,2026-04-05,Mobile,Email,Shoes,11371.0,1,1,1,1,11371.0
U00152,S00152,2026-04-05,Desktop,Facebook,Electronics,1128.0,1,1,0,0,0.0
U04723,S04723,2026-04-05,Mobile,Instagram,Clothing,761.0,1,0,0,0,0.0
U01331,S01331,2026-04-05,Desktop,Google,Home,9836.0,1,1,0,0,0.0
U00642,S00642,2026-04-05,Desktop,Instagram,Home,1320.0,1,0,0,0,0.0
U02344,S02344,2026-04-05,Mobile,Instagram,Shoes,2510.0,1,0,0,0,0.0
U08578,S08578,2026-04-05,Mobile,Direct,Electronics,1092.0,1,1,1,1,1092.0
U08679,S08679,2026-04-05,Desktop,Email,Electronics,6948.0,1,0,0,0,0.0
U07073,S07073,2026-04-05,Mobile,Facebook,Electronics,4637.0,1,0,0,0,0.0
U05856,S05856,2026-04-05,Desktop,Google,Beauty,1026.0,1,1,1,1,1026.0
U02700,S02700,2026-04-05,Desktop,Email,Beauty,1826.0,1,1,1,0,0.0
U11291,S11291,2026-04-05,Desktop,Instagram,Beauty,890.0,1,1,1,1,890.0
U00996,S00996,2026-04-05,Mobile,Instagram,Electronics,2157.0,1,0,0,0,0.0
U02995,S02995,2026-04-05,Mobile,Direct,Electronics,6004.0,1,0,0,0,0.0
U01596,S01596,2026-04-05,Desktop,Instagram,Electronics,2081.0,1,0,0,0,0.0
U09249,S09249,2026-04-05,Desktop,Google,Electronics,964.0,1,0,0,0,0.0
U03098,S03098,2026-04-05,Mobile,Email,Shoes,1721.0,1,1,1,0,0.0
U11394,S11394,2026-04-05,Mobile,Google,Beauty,1455.0,1,0,0,0,0.0
U04815,S04815,2026-04-05,Mobile,Facebook,Shoes,2387.0,1,0,0,0,0.0
U09877,S09877,2026-04-05,Desktop,Direct,Clothing,727.0,1,0,0,0,0.0
U01816,S01816,2026-04-05,Mobile,Facebook,Electronics,4798.0,1,0,0,0,0.0
U11968,S11968,2026-04-05,Mobile,Email,Clothing,1237.0,1,1,1,0,0.0
U10315,S10315,2026-04-05,Desktop,Instagram,Electronics,4590.0,1,0,0,0,0.0
U01945,S01945,2026-04-05,Desktop,Google,Beauty,11442.0,1,1,1,1,11442.0
U09602,S09602,2026-04-05,Mobile,Instagram,Home,26978.0,1,0,0,0,0.0
U01384,S01384,2026-04-05,Tablet,Google,Electronics,2876.0,1,0,0,0,0.0
U11921,S11921,2026-04-05,Desktop,Google,Home,6645.0,1,0,0,0,0.0
U07320,S07320,2026-04-05,Mobile,Google,Electronics,2562.0,1,0,0,0,0.0
U06959,S06959,2026-04-05,Mobile,Direct,Shoes,3275.0,1,1,0,0,0.0
U09534,S09534,2026-04-05,Mobile,Instagram,Beauty,9542.0,1,1,0,0,0.0
U07235,S07235,2026-04-05,Mobile,Facebook,Shoes,905.0,1,1,0,0,0.0
U09027,S09027,2026-04-05,Desktop,Direct,Beauty,642.0,1,1,1,1,642.0
U09073,S09073,2026-04-05,Desktop,Direct,Shoes,1164.0,1,1,1,1,1164.0
U02303,S02303,2026-04-05,Mobile,Email,Electronics,5485.0,1,1,1,0,0.0
U05661,S05661,2026-04-05,Mobile,Instagram,Electronics,1846.0,1,0,0,0,0.0
U07567,S07567,2026-04-05,Mobile,Facebook,Electronics,1365.0,1,0,0,0,0.0
U11005,S11005,2026-04-05,Desktop,Google,Clothing,2806.0,1,0,0,0,0.0
U03807,S03807,2026-04-05,Desktop,Direct,Beauty,1930.0,1,0,0,0,0.0
U07119,S07119,2026-04-05,Mobile,Direct,Clothing,300.0,1,0,0,0,0.0
U06020,S06020,2026-04-05,Tablet,Email,Shoes,2964.0,1,1,0,0,0.0
U02676,S02676,2026-04-05,Mobile,Google,Clothing,2860.0,1,0,0,0,0.0
U05510,S05510,2026-04-05,Mobile,Google,Clothing,5937.0,1,0,0,0,0.0
U00875,S00875,2026-04-05,Desktop,Instagram,Home,2517.0,1,0,0,0,0.0
U10293,S10293,2026-04-05,Desktop,Google,Shoes,719.0,1,1,1,0,0.0
U01230,S01230,2026-04-05,Mobile,Direct,Electronics,1779.0,1,0,0,0,0.0
U11914,S11914,2026-04-05,Mobile,Instagram,Electronics,1187.0,1,0,0,0,0.0
U00106,S00106,2026-04-05,Desktop,Email,Shoes,2475.0,1,0,0,0,0.0
U05945,S05945,2026-04-05,Mobile,Direct,Beauty,1880.0,1,0,0,0,0.0
U02842,S02842,2026-04-05,Mobile,Instagram,Clothing,2318.0,1,0,0,0,0.0
U09802,S09802,2026-04-05,Mobile,Direct,Clothing,2268.0,1,0,0,0,0.0
U08908,S08908,2026-04-05,Desktop,Direct,Shoes,2351.0,1,1,1,1,2351.0
U01612,S01612,2026-04-05,Desktop,Instagram,Clothing,2682.0,1,0,0,0,0.0
U05347,S05347,2026-04-06,Desktop,Email,Shoes,2789.0,1,0,0,0,0.0
U09573,S09573,2026-04-06,Mobile,Direct,Home,587.0,1,0,0,0,0.0
U07804,S07804,2026-04-06,Mobile,Direct,Clothing,1356.0,1,0,0,0,0.0
U06009,S06009,2026-04-06,Desktop,Google,Clothing,5121.0,1,1,1,0,0.0
U05126,S05126,2026-04-06,Mobile,Facebook,Clothing,8965.0,1,1,0,0,0.0
U05574,S05574,2026-04-06,Desktop,Direct,Clothing,7749.0,1,0,0,0,0.0
U04761,S04761,2026-04-06,Mobile,Facebook,Shoes,2544.0,1,1,1,1,2544.0
U08643,S08643,2026-04-06,Mobile,Email,Beauty,2387.0,1,0,0,0,0.0
U04877,S04877,2026-04-06,Mobile,Direct,Shoes,2779.0,1,0,0,0,0.0
U00528,S00528,2026-04-06,Tablet,Google,Shoes,1303.0,1,0,0,0,0.0
U02305,S02305,2026-04-06,Mobile,Facebook,Electronics,1386.0,1,0,0,0,0.0
U06806,S06806,2026-04-06,Desktop,Email,Beauty,16597.0,1,0,0,0,0.0
U02028,S02028,2026-04-06,Mobile,Direct,Electronics,1828.0,1,0,0,0,0.0
U05611,S05611,2026-04-06,Mobile,Google,Clothing,4731.0,1,0,0,0,0.0
U11584,S11584,2026-04-06,Mobile,Instagram,Beauty,3927.0,1,0,0,0,0.0
U08701,S08701,2026-04-06,Mobile,Facebook,Clothing,5858.0,1,0,0,0,0.0
U06913,S06913,2026-04-06,Desktop,Facebook,Beauty,1729.0,1,1,0,0,0.0
U09976,S09976,2026-04-06,Mobile,Direct,Beauty,4876.0,1,0,0,0,0.0
U04018,S04018,2026-04-06,Mobile,Direct,Electronics,3116.0,1,1,1,1,3116.0
U08430,S08430,2026-04-06,Mobile,Google,Home,3727.0,1,1,1,1,3727.0
U01467,S01467,2026-04-06,Mobile,Google,Home,550.0,1,1,1,1,550.0
U06678,S06678,2026-04-06,Desktop,Google,Home,5636.0,1,1,0,0,0.0
U02173,S02173,2026-04-06,Mobile,Email,Home,2589.0,1,1,0,0,0.0
U02205,S02205,2026-04-06,Mobile,Facebook,Beauty,3331.0,1,1,1,1,3331.0
U00424,S00424,2026-04-06,Mobile,Google,Beauty,3036.0,1,0,0,0,0.0
U08506,S08506,2026-04-06,Mobile,Direct,Beauty,8844.0,1,1,1,1,8844.0
U02828,S02828,2026-04-06,Mobile,Google,Home,8628.0,1,1,0,0,0.0
U08682,S08682,2026-04-06,Mobile,Direct,Home,3400.0,1,0,0,0,0.0
U02368,S02368,2026-04-06,Mobile,Facebook,Shoes,6543.0,1,1,1,0,0.0
U09013,S09013,2026-04-06,Desktop,Direct,Clothing,10266.0,1,1,0,0,0.0
U11639,S11639,2026-04-06,Desktop,Email,Electronics,4047.0,1,1,0,0,0.0
U10352,S10352,2026-04-06,Mobile,Email,Beauty,2993.0,1,0,0,0,0.0
U01616,S01616,2026-04-06,Mobile,Google,Home,1441.0,1,0,0,0,0.0
U11600,S11600,2026-04-06,Mobile,Instagram,Beauty,1029.0,1,1,0,0,0.0
U10818,S10818,2026-04-06,Desktop,Instagram,Beauty,3989.0,1,1,1,1,3989.0
U07201,S07201,2026-04-06,Mobile,Direct,Beauty,3903.0,1,1,1,0,0.0
U04245,S04245,2026-04-06,Desktop,Google,Clothing,1044.0,1,1,0,0,0.0
U03684,S03684,2026-04-06,Mobile,Direct,Clothing,1095.0,1,0,0,0,0.0
U04959,S04959,2026-04-06,Mobile,Direct,Electronics,2152.0,1,1,0,0,0.0
U01054,S01054,2026-04-06,Mobile,Instagram,Electronics,778.0,1,0,0,0,0.0
U02419,S02419,2026-04-06,Mobile,Instagram,Beauty,5714.0,1,0,0,0,0.0
U01660,S01660,2026-04-06,Mobile,Google,Beauty,9542.0,1,0,0,0,0.0
U05350,S05350,2026-04-06,Mobile,Google,Electronics,1193.0,1,1,0,0,0.0
U07388,S07388,2026-04-06,Mobile,Instagram,Beauty,3624.0,1,0,0,0,0.0
U08629,S08629,2026-04-06,Mobile,Direct,Beauty,452.0,1,1,0,0,0.0
U02732,S02732,2026-04-06,Mobile,Google,Beauty,948.0,1,0,0,0,0.0
U07557,S07557,2026-04-06,Mobile,Google,Beauty,3104.0,1,1,0,0,0.0
U00675,S00675,2026-04-06,Mobile,Google,Clothing,4595.0,1,0,0,0,0.0
U07149,S07149,2026-04-06,Desktop,Instagram,Clothing,2463.0,1,1,1,1,2463.0
U11991,S11991,2026-04-06,Tablet,Direct,Electronics,2790.0,1,0,0,0,0.0
U04158,S04158,2026-04-06,Mobile,Facebook,Home,1621.0,1,0,0,0,0.0
U00742,S00742,2026-04-06,Mobile,Google,Electronics,1080.0,1,0,0,0,0.0
U04450,S04450,2026-04-06,Mobile,Google,Shoes,14058.0,1,1,1,0,0.0
U11730,S11730,2026-04-06,Mobile,Google,Beauty,2759.0,1,0,0,0,0.0
U03621,S03621,2026-04-06,Desktop,Facebook,Clothing,12399.0,1,0,0,0,0.0
U04570,S04570,2026-04-06,Mobile,Google,Home,341.0,1,0,0,0,0.0
U04623,S04623,2026-04-06,Desktop,Direct,Clothing,300.0,1,0,0,0,0.0
U02110,S02110,2026-04-06,Mobile,Direct,Electronics,4696.0,1,1,0,0,0.0
U03619,S03619,2026-04-06,Mobile,Google,Electronics,5074.0,1,0,0,0,0.0
U04356,S04356,2026-04-06,Desktop,Instagram,Clothing,433.0,1,0,0,0,0.0
U05284,S05284,2026-04-06,Mobile,Google,Beauty,1441.0,1,1,1,1,1441.0
U01205,S01205,2026-04-06,Mobile,Instagram,Beauty,2324.0,1,0,0,0,0.0
U06139,S06139,2026-04-06,Mobile,Instagram,Shoes,1942.0,1,0,0,0,0.0
U08765,S08765,2026-04-06,Mobile,Google,Clothing,4499.0,1,0,0,0,0.0
U04966,S04966,2026-04-06,Mobile,Direct,Home,2035.0,1,1,1,1,2035.0
U08229,S08229,2026-04-06,Tablet,Google,Electronics,2059.0,1,1,1,1,2059.0
U05421,S05421,2026-04-06,Mobile,Email,Electronics,6753.0,1,0,0,0,0.0
U09410,S09410,2026-04-06,Desktop,Instagram,Home,4442.0,1,0,0,0,0.0
U04319,S04319,2026-04-07,Desktop,Instagram,Clothing,1103.0,1,1,1,1,1103.0
U08449,S08449,2026-04-07,Mobile,Direct,Shoes,2512.0,1,1,1,0,0.0
U07262,S07262,2026-04-07,Desktop,Email,Clothing,1553.0,1,0,0,0,0.0
U05404,S05404,2026-04-07,Mobile,Google,Home,2446.0,1,1,1,0,0.0
U10493,S10493,2026-04-07,Tablet,Direct,Beauty,4674.0,1,0,0,0,0.0
U03281,S03281,2026-04-07,Desktop,Direct,Electronics,561.0,1,1,1,1,561.0
U03991,S03991,2026-04-07,Tablet,Google,Shoes,1687.0,1,0,0,0,0.0
U06629,S06629,2026-04-07,Mobile,Google,Clothing,3540.0,1,0,0,0,0.0
U08789,S08789,2026-04-07,Mobile,Facebook,Beauty,3604.0,1,0,0,0,0.0
U04444,S04444,2026-04-07,Desktop,Direct,Home,2789.0,1,0,0,0,0.0
U10211,S10211,2026-04-07,Mobile,Google,Clothing,7543.0,1,0,0,0,0.0
U02058,S02058,2026-04-07,Mobile,Instagram,Electronics,2136.0,1,0,0,0,0.0
U09963,S09963,2026-04-07,Mobile,Google,Clothing,3143.0,1,0,0,0,0.0
U06423,S06423,2026-04-07,Desktop,Direct,Beauty,395.0,1,0,0,0,0.0
U03279,S03279,2026-04-07,Mobile,Direct,Clothing,3723.0,1,0,0,0,0.0
U00940,S00940,2026-04-07,Mobile,Instagram,Shoes,6701.0,1,0,0,0,0.0
U02381,S02381,2026-04-07,Desktop,Email,Shoes,10250.0,1,0,0,0,0.0
U10566,S10566,2026-04-07,Mobile,Google,Beauty,8626.0,1,0,0,0,0.0
U11654,S11654,2026-04-07,Mobile,Email,Shoes,3663.0,1,0,0,0,0.0
U04005,S04005,2026-04-07,Mobile,Google,Home,1290.0,1,1,1,1,1290.0
U10529,S10529,2026-04-07,Mobile,Google,Home,10259.0,1,0,0,0,0.0
U02809,S02809,2026-04-07,Mobile,Email,Clothing,2313.0,1,0,0,0,0.0
U02866,S02866,2026-04-07,Mobile,Google,Beauty,1377.0,1,0,0,0,0.0
U01356,S01356,2026-04-07,Mobile,Email,Home,2154.0,1,0,0,0,0.0
U09670,S09670,2026-04-07,Desktop,Instagram,Shoes,7538.0,1,0,0,0,0.0
U06673,S06673,2026-04-07,Mobile,Google,Beauty,1358.0,1,0,0,0,0.0
U11712,S11712,2026-04-07,Mobile,Instagram,Electronics,4419.0,1,0,0,0,0.0
U09927,S09927,2026-04-07,Desktop,Instagram,Shoes,557.0,1,0,0,0,0.0
U05111,S05111,2026-04-07,Mobile,Instagram,Home,1570.0,1,0,0,0,0.0
U00918,S00918,2026-04-07,Mobile,Direct,Electronics,1946.0,1,0,0,0,0.0
U02016,S02016,2026-04-07,Mobile,Instagram,Shoes,1181.0,1,0,0,0,0.0
U08548,S08548,2026-04-07,Mobile,Instagram,Home,4346.0,1,1,1,0,0.0
U02213,S02213,2026-04-07,Desktop,Google,Beauty,23130.0,1,0,0,0,0.0
U04614,S04614,2026-04-07,Mobile,Direct,Clothing,2078.0,1,1,1,1,2078.0
U02229,S02229,2026-04-07,Mobile,Direct,Electronics,1050.0,1,0,0,0,0.0
U00146,S00146,2026-04-07,Mobile,Google,Beauty,2031.0,1,0,0,0,0.0
U10288,S10288,2026-04-07,Desktop,Google,Clothing,1496.0,1,0,0,0,0.0
U04810,S04810,2026-04-07,Mobile,Instagram,Clothing,320.0,1,0,0,0,0.0
U02544,S02544,2026-04-07,Mobile,Facebook,Clothing,10558.0,1,1,1,0,0.0
U00295,S00295,2026-04-07,Desktop,Email,Shoes,2818.0,1,0,0,0,0.0
U08372,S08372,2026-04-07,Mobile,Google,Clothing,7577.0,1,1,1,0,0.0
U03808,S03808,2026-04-07,Desktop,Google,Clothing,1841.0,1,1,1,0,0.0
U00783,S00783,2026-04-07,Mobile,Email,Shoes,4240.0,1,1,1,1,4240.0
U06779,S06779,2026-04-07,Mobile,Google,Beauty,14296.0,1,0,0,0,0.0
U02906,S02906,2026-04-07,Desktop,Email,Beauty,4501.0,1,1,1,1,4501.0
U05034,S05034,2026-04-07,Mobile,Email,Clothing,951.0,1,1,0,0,0.0
U09875,S09875,2026-04-07,Mobile,Google,Clothing,3907.0,1,1,1,1,3907.0
U09770,S09770,2026-04-07,Mobile,Email,Electronics,4263.0,1,0,0,0,0.0
U10774,S10774,2026-04-07,Mobile,Google,Beauty,4812.0,1,1,1,0,0.0
U11790,S11790,2026-04-07,Mobile,Google,Electronics,3556.0,1,0,0,0,0.0
U08841,S08841,2026-04-07,Mobile,Instagram,Beauty,3409.0,1,1,0,0,0.0
U10173,S10173,2026-04-07,Desktop,Facebook,Electronics,1911.0,1,1,0,0,0.0
U02253,S02253,2026-04-07,Mobile,Direct,Clothing,533.0,1,0,0,0,0.0
U07688,S07688,2026-04-07,Desktop,Instagram,Home,6422.0,1,1,1,1,6422.0
U07672,S07672,2026-04-07,Mobile,Google,Clothing,1228.0,1,1,0,0,0.0
U00374,S00374,2026-04-07,Mobile,Google,Electronics,5241.0,1,0,0,0,0.0
U06178,S06178,2026-04-07,Mobile,Instagram,Shoes,3772.0,1,0,0,0,0.0
U10093,S10093,2026-04-07,Mobile,Direct,Beauty,1952.0,1,1,1,0,0.0
U08401,S08401,2026-04-07,Mobile,Google,Clothing,1047.0,1,0,0,0,0.0
U06033,S06033,2026-04-07,Mobile,Google,Beauty,1204.0,1,0,0,0,0.0
U11182,S11182,2026-04-07,Mobile,Google,Home,300.0,1,1,0,0,0.0
U07487,S07487,2026-04-07,Mobile,Direct,Clothing,6407.0,1,1,1,1,6407.0
U10639,S10639,2026-04-07,Mobile,Instagram,Home,847.0,1,0,0,0,0.0
U05853,S05853,2026-04-07,Mobile,Google,Clothing,1055.0,1,1,1,1,1055.0
U02982,S02982,2026-04-07,Mobile,Direct,Clothing,2823.0,1,1,1,1,2823.0
U04991,S04991,2026-04-07,Mobile,Instagram,Shoes,4866.0,1,1,0,0,0.0
U03003,S03003,2026-04-07,Mobile,Google,Clothing,971.0,1,0,0,0,0.0
U06975,S06975,2026-04-07,Mobile,Email,Clothing,13667.0,1,0,0,0,0.0
U01138,S01138,2026-04-07,Mobile,Google,Beauty,3403.0,1,0,0,0,0.0
U05592,S05592,2026-04-07,Desktop,Instagram,Clothing,5545.0,1,1,1,1,5545.0
U00590,S00590,2026-04-07,Mobile,Direct,Clothing,8801.0,1,1,0,0,0.0
U03835,S03835,2026-04-07,Mobile,Google,Clothing,7228.0,1,1,0,0,0.0
U05928,S05928,2026-04-07,Desktop,Facebook,Beauty,8551.0,1,1,1,0,0.0
U11321,S11321,2026-04-07,Mobile,Instagram,Clothing,1307.0,1,0,0,0,0.0
U07335,S07335,2026-04-07,Mobile,Direct,Beauty,2384.0,1,0,0,0,0.0
U00844,S00844,2026-04-07,Mobile,Google,Shoes,1400.0,1,1,0,0,0.0
U05580,S05580,2026-04-07,Desktop,Instagram,Shoes,1711.0,1,0,0,0,0.0
U05078,S05078,2026-04-07,Mobile,Direct,Beauty,967.0,1,0,0,0,0.0
U11324,S11324,2026-04-07,Desktop,Email,Shoes,7778.0,1,1,1,0,0.0
U07015,S07015,2026-04-08,Mobile,Google,Shoes,1311.0,1,1,0,0,0.0
U00458,S00458,2026-04-08,Mobile,Instagram,Shoes,1911.0,1,0,0,0,0.0
U11406,S11406,2026-04-08,Mobile,Instagram,Electronics,1991.0,1,1,1,1,1991.0
U06494,S06494,2026-04-08,Mobile,Facebook,Home,1079.0,1,0,0,0,0.0
U06144,S06144,2026-04-08,Desktop,Google,Home,884.0,1,0,0,0,0.0
U08695,S08695,2026-04-08,Desktop,Direct,Beauty,917.0,1,1,0,0,0.0
U04063,S04063,2026-04-08,Mobile,Email,Electronics,1234.0,1,0,0,0,0.0
U00498,S00498,2026-04-08,Desktop,Instagram,Electronics,1030.0,1,1,1,1,1030.0
U07502,S07502,2026-04-08,Desktop,Google,Home,1000.0,1,1,0,0,0.0
U02045,S02045,2026-04-08,Tablet,Direct,Clothing,13063.0,1,1,1,0,0.0
U11765,S11765,2026-04-08,Tablet,Google,Clothing,6006.0,1,0,0,0,0.0
U02593,S02593,2026-04-08,Desktop,Direct,Home,5589.0,1,0,0,0,0.0
U11416,S11416,2026-04-08,Desktop,Google,Clothing,1029.0,1,0,0,0,0.0
U02201,S02201,2026-04-08,Mobile,Instagram,Home,2948.0,1,0,0,0,0.0
U07499,S07499,2026-04-08,Desktop,Google,Clothing,3680.0,1,0,0,0,0.0
U02619,S02619,2026-04-08,Desktop,Instagram,Beauty,3400.0,1,0,0,0,0.0
U10775,S10775,2026-04-08,Mobile,Instagram,Home,4885.0,1,0,0,0,0.0
U04333,S04333,2026-04-08,Mobile,Facebook,Home,4164.0,1,0,0,0,0.0
U01893,S01893,2026-04-08,Mobile,Facebook,Home,2131.0,1,1,1,1,2131.0
U11599,S11599,2026-04-08,Desktop,Direct,Beauty,4695.0,1,1,0,0,0.0
U01652,S01652,2026-04-08,Mobile,Google,Beauty,1739.0,1,0,0,0,0.0
U05399,S05399,2026-04-08,Desktop,Direct,Home,4956.0,1,0,0,0,0.0
U03379,S03379,2026-04-08,Mobile,Instagram,Home,10990.0,1,0,0,0,0.0
U07860,S07860,2026-04-08,Desktop,Google,Home,300.0,1,1,1,1,300.0
U02710,S02710,2026-04-08,Desktop,Direct,Beauty,919.0,1,1,1,1,919.0
U02394,S02394,2026-04-08,Mobile,Facebook,Shoes,6674.0,1,0,0,0,0.0
U02533,S02533,2026-04-08,Desktop,Email,Clothing,5539.0,1,0,0,0,0.0
U00027,S00027,2026-04-08,Mobile,Facebook,Clothing,2962.0,1,0,0,0,0.0
U05139,S05139,2026-04-08,Mobile,Email,Clothing,2143.0,1,0,0,0,0.0
U05691,S05691,2026-04-08,Mobile,Google,Electronics,2355.0,1,0,0,0,0.0
U09859,S09859,2026-04-08,Mobile,Instagram,Clothing,2138.0,1,1,1,1,2138.0
U06969,S06969,2026-04-08,Mobile,Instagram,Clothing,2919.0,1,1,1,0,0.0
U09950,S09950,2026-04-08,Mobile,Direct,Home,3851.0,1,1,1,1,3851.0
U08415,S08415,2026-04-08,Mobile,Google,Home,2171.0,1,1,1,0,0.0
U07883,S07883,2026-04-08,Mobile,Google,Shoes,2126.0,1,1,1,1,2126.0
U02657,S02657,2026-04-08,Mobile,Facebook,Home,1830.0,1,1,1,0,0.0
U01243,S01243,2026-04-08,Mobile,Facebook,Electronics,1627.0,1,1,0,0,0.0
U10989,S10989,2026-04-08,Mobile,Instagram,Clothing,3263.0,1,0,0,0,0.0
U00612,S00612,2026-04-08,Desktop,Google,Beauty,5005.0,1,1,1,1,5005.0
U08450,S08450,2026-04-08,Desktop,Instagram,Electronics,5373.0,1,1,1,1,5373.0
U04436,S04436,2026-04-08,Mobile,Direct,Shoes,648.0,1,0,0,0,0.0
U10476,S10476,2026-04-08,Mobile,Instagram,Shoes,3535.0,1,0,0,0,0.0
U00664,S00664,2026-04-08,Mobile,Direct,Electronics,11587.0,1,1,1,0,0.0
U10468,S10468,2026-04-08,Mobile,Google,Home,1149.0,1,0,0,0,0.0
U05221,S05221,2026-04-08,Mobile,Direct,Electronics,2430.0,1,0,0,0,0.0
U08884,S08884,2026-04-08,Mobile,Google,Clothing,2963.0,1,0,0,0,0.0
U05567,S05567,2026-04-08,Desktop,Google,Shoes,11550.0,1,1,1,1,11550.0
U06313,S06313,2026-04-08,Tablet,Email,Shoes,2460.0,1,0,0,0,0.0
U00618,S00618,2026-04-08,Mobile,Instagram,Shoes,1204.0,1,1,0,0,0.0
U05322,S05322,2026-04-08,Desktop,Direct,Home,1188.0,1,0,0,0,0.0
U01023,S01023,2026-04-08,Tablet,Email,Beauty,644.0,1,0,0,0,0.0
U09659,S09659,2026-04-08,Tablet,Email,Beauty,1917.0,1,1,1,1,1917.0
U07379,S07379,2026-04-08,Mobile,Email,Shoes,8236.0,1,1,1,1,8236.0
U08792,S08792,2026-04-08,Desktop,Email,Electronics,2063.0,1,1,1,0,0.0
U08205,S08205,2026-04-08,Mobile,Email,Shoes,4832.0,1,1,0,0,0.0
U03812,S03812,2026-04-08,Mobile,Email,Clothing,1724.0,1,0,0,0,0.0
U08962,S08962,2026-04-08,Mobile,Google,Electronics,668.0,1,1,1,1,668.0
U02913,S02913,2026-04-08,Mobile,Email,Home,884.0,1,0,0,0,0.0
U06302,S06302,2026-04-08,Mobile,Google,Beauty,671.0,1,0,0,0,0.0
U08379,S08379,2026-04-08,Mobile,Email,Electronics,1076.0,1,0,0,0,0.0
U03794,S03794,2026-04-08,Mobile,Google,Shoes,312.0,1,1,1,0,0.0
U02917,S02917,2026-04-08,Mobile,Direct,Electronics,4052.0,1,0,0,0,0.0
U10440,S10440,2026-04-09,Mobile,Instagram,Clothing,12419.0,1,0,0,0,0.0
U06553,S06553,2026-04-09,Desktop,Google,Home,8274.0,1,0,0,0,0.0
U02949,S02949,2026-04-09,Tablet,Direct,Clothing,6831.0,1,0,0,0,0.0
U03602,S03602,2026-04-09,Mobile,Google,Beauty,688.0,1,0,0,0,0.0
U05586,S05586,2026-04-09,Tablet,Facebook,Clothing,2953.0,1,0,0,0,0.0
U03058,S03058,2026-04-09,Mobile,Direct,Electronics,6096.0,1,0,0,0,0.0
U08544,S08544,2026-04-09,Tablet,Direct,Shoes,9963.0,1,0,0,0,0.0
U08555,S08555,2026-04-09,Desktop,Google,Clothing,16151.0,1,0,0,0,0.0
U07230,S07230,2026-04-09,Tablet,Google,Home,857.0,1,0,0,0,0.0
U10599,S10599,2026-04-09,Mobile,Email,Electronics,300.0,1,0,0,0,0.0
U05524,S05524,2026-04-09,Desktop,Instagram,Clothing,1123.0,1,0,0,0,0.0
U06755,S06755,2026-04-09,Mobile,Google,Electronics,4832.0,1,0,0,0,0.0
U02172,S02172,2026-04-09,Mobile,Google,Shoes,6106.0,1,1,0,0,0.0
U00720,S00720,2026-04-09,Tablet,Google,Clothing,502.0,1,0,0,0,0.0
U09797,S09797,2026-04-09,Mobile,Direct,Shoes,1668.0,1,0,0,0,0.0
U02085,S02085,2026-04-09,Desktop,Direct,Home,1557.0,1,1,1,0,0.0
U11742,S11742,2026-04-09,Mobile,Direct,Shoes,647.0,1,0,0,0,0.0
U02997,S02997,2026-04-09,Desktop,Email,Shoes,3394.0,1,1,0,0,0.0
U05892,S05892,2026-04-09,Mobile,Instagram,Home,2237.0,1,0,0,0,0.0
U01825,S01825,2026-04-09,Desktop,Google,Electronics,3767.0,1,1,0,0,0.0
U02433,S02433,2026-04-09,Mobile,Direct,Clothing,30000.0,1,0,0,0,0.0
U08509,S08509,2026-04-09,Tablet,Direct,Clothing,1160.0,1,0,0,0,0.0
U11638,S11638,2026-04-09,Desktop,Direct,Clothing,2904.0,1,1,1,1,2904.0
U09852,S09852,2026-04-09,Desktop,Direct,Clothing,2134.0,1,0,0,0,0.0
U00224,S00224,2026-04-09,Tablet,Direct,Home,2066.0,1,0,0,0,0.0
U01159,S01159,2026-04-09,Mobile,Facebook,Electronics,1369.0,1,1,0,0,0.0
U09188,S09188,2026-04-09,Mobile,Direct,Home,1150.0,1,0,0,0,0.0
U10128,S10128,2026-04-09,Tablet,Google,Shoes,5185.0,1,1,1,1,5185.0
U08640,S08640,2026-04-09,Mobile,Instagram,Home,2946.0,1,0,0,0,0.0
U06025,S06025,2026-04-09,Desktop,Direct,Electronics,2366.0,1,1,1,0,0.0
U10225,S10225,2026-04-09,Desktop,Google,Home,1068.0,1,0,0,0,0.0
U01550,S01550,2026-04-09,Mobile,Google,Shoes,1323.0,1,1,1,0,0.0
U10650,S10650,2026-04-09,Mobile,Google,Clothing,6527.0,1,0,0,0,0.0
U11026,S11026,2026-04-09,Desktop,Google,Beauty,6296.0,1,0,0,0,0.0
U07309,S07309,2026-04-09,Mobile,Email,Electronics,2464.0,1,1,1,0,0.0
U00268,S00268,2026-04-09,Mobile,Google,Shoes,1273.0,1,1,0,0,0.0
U02861,S02861,2026-04-09,Mobile,Google,Home,1232.0,1,1,1,1,1232.0
U10736,S10736,2026-04-09,Mobile,Email,Shoes,3651.0,1,0,0,0,0.0
U02243,S02243,2026-04-09,Mobile,Direct,Beauty,1310.0,1,0,0,0,0.0
U10991,S10991,2026-04-09,Mobile,Instagram,Shoes,5544.0,1,1,0,0,0.0
U01533,S01533,2026-04-09,Mobile,Google,Electronics,2979.0,1,0,0,0,0.0
U11397,S11397,2026-04-09,Desktop,Instagram,Home,1472.0,1,1,1,1,1472.0
U02750,S02750,2026-04-09,Mobile,Facebook,Electronics,3177.0,1,0,0,0,0.0
U03162,S03162,2026-04-09,Tablet,Google,Electronics,778.0,1,0,0,0,0.0
U08255,S08255,2026-04-09,Desktop,Google,Beauty,2687.0,1,0,0,0,0.0
U03339,S03339,2026-04-09,Mobile,Facebook,Shoes,9316.0,1,0,0,0,0.0
U03956,S03956,2026-04-09,Mobile,Facebook,Beauty,758.0,1,0,0,0,0.0
U09578,S09578,2026-04-09,Desktop,Direct,Clothing,2335.0,1,1,0,0,0.0
U07994,S07994,2026-04-09,Desktop,Google,Shoes,553.0,1,1,1,1,553.0
U00544,S00544,2026-04-09,Tablet,Email,Clothing,300.0,1,0,0,0,0.0
U11845,S11845,2026-04-09,Mobile,Google,Electronics,3236.0,1,1,1,1,3236.0
U04047,S04047,2026-04-09,Mobile,Instagram,Home,3017.0,1,0,0,0,0.0
U10033,S10033,2026-04-09,Desktop,Direct,Clothing,1462.0,1,0,0,0,0.0
U00833,S00833,2026-04-09,Mobile,Google,Beauty,1457.0,1,1,1,0,0.0
U09407,S09407,2026-04-09,Mobile,Instagram,Home,768.0,1,1,1,1,768.0
U08396,S08396,2026-04-09,Mobile,Facebook,Shoes,4345.0,1,1,1,0,0.0
U10706,S10706,2026-04-09,Mobile,Facebook,Shoes,4457.0,1,1,0,0,0.0
U00967,S00967,2026-04-09,Tablet,Email,Electronics,2322.0,1,0,0,0,0.0
U06069,S06069,2026-04-09,Mobile,Facebook,Electronics,6021.0,1,1,0,0,0.0
U09700,S09700,2026-04-09,Mobile,Instagram,Shoes,747.0,1,0,0,0,0.0
U10975,S10975,2026-04-09,Mobile,Facebook,Shoes,18423.0,1,0,0,0,0.0
U04710,S04710,2026-04-09,Mobile,Email,Shoes,2326.0,1,0,0,0,0.0
U11998,S11998,2026-04-09,Mobile,Direct,Electronics,9579.0,1,0,0,0,0.0
U10740,S10740,2026-04-09,Mobile,Google,Clothing,1521.0,1,0,0,0,0.0
U02705,S02705,2026-04-09,Desktop,Google,Beauty,2999.0,1,0,0,0,0.0
U07211,S07211,2026-04-09,Mobile,Direct,Home,1852.0,1,0,0,0,0.0
U04753,S04753,2026-04-09,Mobile,Instagram,Clothing,1890.0,1,0,0,0,0.0
U02320,S02320,2026-04-10,Desktop,Instagram,Electronics,2605.0,1,0,0,0,0.0
U02184,S02184,2026-04-10,Mobile,Google,Clothing,1946.0,1,0,0,0,0.0
U07778,S07778,2026-04-10,Desktop,Google,Beauty,15531.0,1,0,0,0,0.0
U07396,S07396,2026-04-10,Desktop,Direct,Electronics,983.0,1,1,1,1,983.0
U07715,S07715,2026-04-10,Mobile,Google,Electronics,5953.0,1,1,1,1,5953.0
U03397,S03397,2026-04-10,Mobile,Direct,Home,726.0,1,0,0,0,0.0
U07173,S07173,2026-04-10,Desktop,Google,Clothing,2420.0,1,0,0,0,0.0
U06993,S06993,2026-04-10,Desktop,Email,Shoes,1499.0,1,0,0,0,0.0
U11964,S11964,2026-04-10,Mobile,Direct,Beauty,2527.0,1,0,0,0,0.0
U00663,S00663,2026-04-10,Mobile,Email,Shoes,11886.0,1,1,0,0,0.0
U08052,S08052,2026-04-10,Desktop,Email,Electronics,505.0,1,1,1,1,505.0
U07058,S07058,2026-04-10,Mobile,Instagram,Home,1690.0,1,0,0,0,0.0
U07880,S07880,2026-04-10,Tablet,Email,Shoes,4052.0,1,0,0,0,0.0
U00832,S00832,2026-04-10,Mobile,Instagram,Electronics,1657.0,1,0,0,0,0.0
U08961,S08961,2026-04-10,Mobile,Instagram,Electronics,1126.0,1,0,0,0,0.0
U10019,S10019,2026-04-10,Mobile,Direct,Shoes,3450.0,1,0,0,0,0.0
U10442,S10442,2026-04-10,Mobile,Facebook,Home,1935.0,1,0,0,0,0.0
U07055,S07055,2026-04-10,Mobile,Google,Shoes,1384.0,1,0,0,0,0.0
U06698,S06698,2026-04-10,Mobile,Direct,Beauty,1154.0,1,1,0,0,0.0
U09864,S09864,2026-04-10,Tablet,Google,Home,7844.0,1,1,1,1,7844.0
U08068,S08068,2026-04-10,Mobile,Direct,Shoes,2043.0,1,0,0,0,0.0
U10062,S10062,2026-04-10,Mobile,Google,Electronics,703.0,1,0,0,0,0.0
U03770,S03770,2026-04-10,Desktop,Direct,Electronics,1834.0,1,0,0,0,0.0
U01050,S01050,2026-04-10,Mobile,Google,Shoes,17590.0,1,1,1,1,17590.0
U09458,S09458,2026-04-10,Mobile,Facebook,Clothing,1103.0,1,0,0,0,0.0
U07722,S07722,2026-04-10,Desktop,Direct,Clothing,3106.0,1,1,1,1,3106.0
U10103,S10103,2026-04-10,Tablet,Facebook,Home,5279.0,1,1,1,1,5279.0
U07469,S07469,2026-04-10,Desktop,Direct,Beauty,6318.0,1,0,0,0,0.0
U07607,S07607,2026-04-10,Desktop,Facebook,Electronics,2685.0,1,1,1,1,2685.0
U06964,S06964,2026-04-10,Mobile,Google,Shoes,3811.0,1,0,0,0,0.0
U00816,S00816,2026-04-10,Desktop,Instagram,Electronics,577.0,1,1,1,0,0.0
U10038,S10038,2026-04-10,Desktop,Facebook,Electronics,1644.0,1,1,1,1,1644.0
U03672,S03672,2026-04-10,Mobile,Google,Home,2159.0,1,1,0,0,0.0
U02430,S02430,2026-04-10,Desktop,Direct,Shoes,10662.0,1,0,0,0,0.0
U06323,S06323,2026-04-10,Desktop,Direct,Electronics,1666.0,1,0,0,0,0.0
U04626,S04626,2026-04-10,Desktop,Direct,Electronics,399.0,1,1,1,1,399.0
U04454,S04454,2026-04-10,Desktop,Instagram,Clothing,2491.0,1,0,0,0,0.0
U08496,S08496,2026-04-10,Mobile,Direct,Shoes,2011.0,1,0,0,0,0.0
U05121,S05121,2026-04-10,Desktop,Instagram,Electronics,678.0,1,1,1,1,678.0
U11527,S11527,2026-04-10,Mobile,Direct,Beauty,2028.0,1,1,1,1,2028.0
U01308,S01308,2026-04-10,Desktop,Google,Beauty,3949.0,1,0,0,0,0.0
U03155,S03155,2026-04-10,Mobile,Email,Shoes,5835.0,1,0,0,0,0.0
U00948,S00948,2026-04-10,Desktop,Instagram,Clothing,1504.0,1,0,0,0,0.0
U01434,S01434,2026-04-10,Mobile,Direct,Beauty,849.0,1,0,0,0,0.0
U05854,S05854,2026-04-10,Mobile,Google,Home,9101.0,1,1,0,0,0.0
U02531,S02531,2026-04-10,Desktop,Google,Beauty,1054.0,1,0,0,0,0.0
U05006,S05006,2026-04-10,Mobile,Google,Home,1124.0,1,0,0,0,0.0
U06521,S06521,2026-04-10,Tablet,Instagram,Electronics,3771.0,1,0,0,0,0.0
U04997,S04997,2026-04-10,Mobile,Facebook,Electronics,4470.0,1,1,0,0,0.0
U01572,S01572,2026-04-10,Mobile,Google,Clothing,4025.0,1,0,0,0,0.0
U05906,S05906,2026-04-10,Desktop,Google,Electronics,331.0,1,1,0,0,0.0
U11940,S11940,2026-04-10,Desktop,Instagram,Beauty,701.0,1,0,0,0,0.0
U04813,S04813,2026-04-10,Mobile,Direct,Electronics,4215.0,1,0,0,0,0.0
U04651,S04651,2026-04-10,Desktop,Google,Home,2214.0,1,0,0,0,0.0
U09569,S09569,2026-04-10,Mobile,Email,Electronics,557.0,1,0,0,0,0.0
U02829,S02829,2026-04-10,Desktop,Instagram,Electronics,5353.0,1,1,0,0,0.0
U10525,S10525,2026-04-10,Desktop,Direct,Beauty,8576.0,1,0,0,0,0.0
U04666,S04666,2026-04-10,Mobile,Google,Shoes,1619.0,1,1,0,0,0.0
U11589,S11589,2026-04-10,Mobile,Google,Home,1686.0,1,1,0,0,0.0
U02471,S02471,2026-04-10,Mobile,Instagram,Electronics,1918.0,1,0,0,0,0.0
U05641,S05641,2026-04-10,Mobile,Direct,Clothing,7937.0,1,1,0,0,0.0
U02662,S02662,2026-04-10,Mobile,Instagram,Clothing,1480.0,1,0,0,0,0.0
U03197,S03197,2026-04-10,Mobile,Facebook,Shoes,2499.0,1,1,1,0,0.0
U11983,S11983,2026-04-10,Mobile,Instagram,Home,1012.0,1,0,0,0,0.0
U09218,S09218,2026-04-10,Tablet,Direct,Shoes,1850.0,1,0,0,0,0.0
U05240,S05240,2026-04-10,Mobile,Google,Shoes,1371.0,1,1,0,0,0.0
U06575,S06575,2026-04-10,Mobile,Email,Clothing,4235.0,1,0,0,0,0.0
U05776,S05776,2026-04-11,Mobile,Google,Shoes,968.0,1,1,1,1,968.0
U08945,S08945,2026-04-11,Desktop,Direct,Beauty,17044.0,1,0,0,0,0.0
U07048,S07048,2026-04-11,Mobile,Google,Shoes,1837.0,1,0,0,0,0.0
U04937,S04937,2026-04-11,Mobile,Direct,Electronics,1183.0,1,1,0,0,0.0
U04768,S04768,2026-04-11,Mobile,Direct,Electronics,526.0,1,1,1,1,526.0
U01484,S01484,2026-04-11,Mobile,Google,Electronics,4338.0,1,1,1,1,4338.0
U03069,S03069,2026-04-11,Desktop,Google,Shoes,1624.0,1,1,1,0,0.0
U06213,S06213,2026-04-11,Mobile,Google,Shoes,1879.0,1,0,0,0,0.0
U03962,S03962,2026-04-11,Mobile,Email,Home,1820.0,1,0,0,0,0.0
U02835,S02835,2026-04-11,Desktop,Facebook,Clothing,1449.0,1,0,0,0,0.0
U06088,S06088,2026-04-11,Mobile,Facebook,Shoes,3851.0,1,1,1,0,0.0
U07068,S07068,2026-04-11,Tablet,Direct,Home,2637.0,1,1,1,1,2637.0
U09628,S09628,2026-04-11,Mobile,Direct,Home,2767.0,1,1,0,0,0.0
U03762,S03762,2026-04-11,Mobile,Facebook,Clothing,1112.0,1,0,0,0,0.0
U04039,S04039,2026-04-11,Mobile,Instagram,Home,1862.0,1,0,0,0,0.0
U10719,S10719,2026-04-11,Mobile,Google,Shoes,300.0,1,0,0,0,0.0
U03872,S03872,2026-04-11,Mobile,Facebook,Shoes,2826.0,1,0,0,0,0.0
U09872,S09872,2026-04-11,Desktop,Facebook,Shoes,595.0,1,1,1,1,595.0
U08466,S08466,2026-04-11,Mobile,Direct,Shoes,9866.0,1,0,0,0,0.0
U09025,S09025,2026-04-11,Desktop,Instagram,Home,2180.0,1,0,0,0,0.0
U05256,S05256,2026-04-11,Desktop,Instagram,Shoes,1526.0,1,0,0,0,0.0
U02909,S02909,2026-04-11,Tablet,Instagram,Home,464.0,1,1,0,0,0.0
U10684,S10684,2026-04-11,Desktop,Google,Clothing,2732.0,1,1,1,1,2732.0
U00326,S00326,2026-04-11,Desktop,Google,Beauty,6939.0,1,0,0,0,0.0
U02000,S02000,2026-04-11,Mobile,Instagram,Electronics,4592.0,1,0,0,0,0.0
U08489,S08489,2026-04-11,Desktop,Email,Electronics,780.0,1,0,0,0,0.0
U07418,S07418,2026-04-11,Desktop,Google,Clothing,3105.0,1,1,1,1,3105.0
U01043,S01043,2026-04-11,Desktop,Google,Shoes,2336.0,1,0,0,0,0.0
U08411,S08411,2026-04-11,Desktop,Google,Home,384.0,1,0,0,0,0.0
U11267,S11267,2026-04-11,Mobile,Instagram,Electronics,2136.0,1,1,0,0,0.0
U11700,S11700,2026-04-11,Desktop,Instagram,Shoes,3052.0,1,0,0,0,0.0
U01197,S01197,2026-04-11,Mobile,Direct,Clothing,1946.0,1,0,0,0,0.0
U03004,S03004,2026-04-11,Desktop,Direct,Clothing,1558.0,1,0,0,0,0.0
U01936,S01936,2026-04-11,Mobile,Instagram,Clothing,2017.0,1,1,0,0,0.0
U11830,S11830,2026-04-11,Mobile,Google,Clothing,2646.0,1,1,1,1,2646.0
U05178,S05178,2026-04-11,Mobile,Direct,Shoes,854.0,1,0,0,0,0.0
U03658,S03658,2026-04-11,Mobile,Direct,Electronics,2004.0,1,0,0,0,0.0
U05528,S05528,2026-04-11,Mobile,Direct,Clothing,5458.0,1,0,0,0,0.0
U02198,S02198,2026-04-11,Mobile,Google,Clothing,4438.0,1,0,0,0,0.0
U04433,S04433,2026-04-11,Desktop,Direct,Beauty,2714.0,1,1,1,0,0.0
U10526,S10526,2026-04-11,Mobile,Email,Clothing,2527.0,1,1,0,0,0.0
U10018,S10018,2026-04-11,Desktop,Google,Electronics,3815.0,1,1,1,0,0.0
U04270,S04270,2026-04-11,Desktop,Direct,Home,2388.0,1,0,0,0,0.0
U05873,S05873,2026-04-11,Mobile,Instagram,Shoes,1127.0,1,0,0,0,0.0
U11452,S11452,2026-04-11,Tablet,Google,Beauty,1840.0,1,1,0,0,0.0
U07815,S07815,2026-04-11,Mobile,Direct,Beauty,1349.0,1,0,0,0,0.0
U03160,S03160,2026-04-11,Mobile,Google,Clothing,1299.0,1,1,0,0,0.0
U03495,S03495,2026-04-11,Mobile,Google,Shoes,1454.0,1,0,0,0,0.0
U04490,S04490,2026-04-11,Mobile,Instagram,Beauty,1449.0,1,0,0,0,0.0
U04080,S04080,2026-04-11,Mobile,Google,Home,4121.0,1,0,0,0,0.0
U07805,S07805,2026-04-11,Mobile,Google,Shoes,1581.0,1,1,0,0,0.0
U07195,S07195,2026-04-11,Desktop,Facebook,Clothing,3568.0,1,0,0,0,0.0
U07936,S07936,2026-04-11,Mobile,Facebook,Shoes,709.0,1,1,0,0,0.0
U02222,S02222,2026-04-11,Mobile,Google,Electronics,1170.0,1,0,0,0,0.0
U03198,S03198,2026-04-11,Mobile,Google,Shoes,2495.0,1,0,0,0,0.0
U10938,S10938,2026-04-11,Mobile,Google,Clothing,12775.0,1,0,0,0,0.0
U09596,S09596,2026-04-11,Mobile,Instagram,Beauty,731.0,1,0,0,0,0.0
U08044,S08044,2026-04-11,Mobile,Google,Home,4290.0,1,0,0,0,0.0
U00158,S00158,2026-04-11,Desktop,Direct,Clothing,2677.0,1,1,1,0,0.0
U09440,S09440,2026-04-11,Mobile,Instagram,Home,10264.0,1,0,0,0,0.0
U06530,S06530,2026-04-11,Mobile,Google,Electronics,519.0,1,0,0,0,0.0
U03969,S03969,2026-04-12,Mobile,Google,Clothing,1120.0,1,0,0,0,0.0
U01361,S01361,2026-04-12,Desktop,Google,Beauty,992.0,1,0,0,0,0.0
U06790,S06790,2026-04-12,Desktop,Direct,Shoes,2006.0,1,0,0,0,0.0
U07030,S07030,2026-04-12,Desktop,Direct,Shoes,10391.0,1,0,0,0,0.0
U00169,S00169,2026-04-12,Mobile,Google,Electronics,2603.0,1,1,1,0,0.0
U11768,S11768,2026-04-12,Desktop,Google,Electronics,3653.0,1,1,1,1,3653.0
U01982,S01982,2026-04-12,Mobile,Google,Shoes,1323.0,1,0,0,0,0.0
U07915,S07915,2026-04-12,Desktop,Google,Home,5476.0,1,0,0,0,0.0
U02113,S02113,2026-04-12,Mobile,Instagram,Home,2055.0,1,0,0,0,0.0
U02367,S02367,2026-04-12,Mobile,Direct,Clothing,5139.0,1,0,0,0,0.0
U01524,S01524,2026-04-12,Desktop,Google,Shoes,19946.0,1,0,0,0,0.0
U05101,S05101,2026-04-12,Mobile,Google,Beauty,1327.0,1,0,0,0,0.0
U08301,S08301,2026-04-12,Desktop,Facebook,Electronics,8644.0,1,0,0,0,0.0
U01805,S01805,2026-04-12,Desktop,Email,Shoes,2239.0,1,0,0,0,0.0
U09823,S09823,2026-04-12,Mobile,Google,Home,2154.0,1,1,0,0,0.0
U00367,S00367,2026-04-12,Desktop,Facebook,Electronics,10052.0,1,0,0,0,0.0
U04154,S04154,2026-04-12,Mobile,Instagram,Electronics,2279.0,1,1,0,0,0.0
U06914,S06914,2026-04-12,Desktop,Direct,Electronics,1768.0,1,0,0,0,0.0
U08262,S08262,2026-04-12,Mobile,Google,Beauty,3784.0,1,1,0,0,0.0
U04034,S04034,2026-04-12,Mobile,Google,Home,4314.0,1,0,0,0,0.0
U06781,S06781,2026-04-12,Mobile,Email,Clothing,1322.0,1,0,0,0,0.0
U07877,S07877,2026-04-12,Desktop,Facebook,Home,3352.0,1,1,1,1,3352.0
U02872,S02872,2026-04-12,Mobile,Facebook,Shoes,938.0,1,1,1,1,938.0
U02069,S02069,2026-04-12,Mobile,Email,Clothing,1796.0,1,0,0,0,0.0
U01246,S01246,2026-04-12,Mobile,Facebook,Home,3298.0,1,0,0,0,0.0
U04424,S04424,2026-04-12,Mobile,Instagram,Shoes,2293.0,1,0,0,0,0.0
U07901,S07901,2026-04-12,Mobile,Google,Clothing,6870.0,1,0,0,0,0.0
U02889,S02889,2026-04-12,Mobile,Direct,Clothing,629.0,1,0,0,0,0.0
U00637,S00637,2026-04-12,Desktop,Google,Clothing,5373.0,1,1,1,1,5373.0
U01654,S01654,2026-04-12,Mobile,Instagram,Clothing,983.0,1,0,0,0,0.0
U07864,S07864,2026-04-12,Mobile,Facebook,Clothing,13009.0,1,0,0,0,0.0
U00570,S00570,2026-04-12,Mobile,Instagram,Beauty,1507.0,1,1,1,0,0.0
U05258,S05258,2026-04-12,Mobile,Instagram,Beauty,9405.0,1,1,1,1,9405.0
U07863,S07863,2026-04-12,Mobile,Direct,Clothing,1068.0,1,0,0,0,0.0
U10858,S10858,2026-04-12,Desktop,Direct,Electronics,1725.0,1,1,0,0,0.0
U03457,S03457,2026-04-12,Tablet,Direct,Clothing,2646.0,1,0,0,0,0.0
U05303,S05303,2026-04-12,Desktop,Instagram,Shoes,3734.0,1,0,0,0,0.0
U05097,S05097,2026-04-12,Desktop,Google,Electronics,20988.0,1,1,0,0,0.0
U00683,S00683,2026-04-12,Mobile,Google,Clothing,8030.0,1,0,0,0,0.0
U02968,S02968,2026-04-12,Mobile,Instagram,Electronics,2355.0,1,0,0,0,0.0
U01015,S01015,2026-04-12,Mobile,Google,Electronics,1986.0,1,0,0,0,0.0
U11342,S11342,2026-04-12,Mobile,Google,Electronics,2254.0,1,0,0,0,0.0
U02501,S02501,2026-04-12,Mobile,Google,Beauty,25893.0,1,0,0,0,0.0
U06102,S06102,2026-04-12,Mobile,Email,Beauty,4469.0,1,1,0,0,0.0
U04218,S04218,2026-04-12,Mobile,Instagram,Clothing,2676.0,1,0,0,0,0.0
U07005,S07005,2026-04-12,Desktop,Email,Beauty,10388.0,1,0,0,0,0.0
U03072,S03072,2026-04-12,Tablet,Facebook,Home,2604.0,1,0,0,0,0.0
U07895,S07895,2026-04-12,Mobile,Direct,Clothing,1118.0,1,0,0,0,0.0
U10567,S10567,2026-04-12,Mobile,Instagram,Home,1365.0,1,0,0,0,0.0
U08408,S08408,2026-04-12,Desktop,Direct,Shoes,1288.0,1,1,0,0,0.0
U10956,S10956,2026-04-12,Tablet,Email,Shoes,488.0,1,0,0,0,0.0
U07632,S07632,2026-04-12,Desktop,Facebook,Electronics,4255.0,1,1,1,1,4255.0
U03931,S03931,2026-04-12,Mobile,Email,Shoes,7151.0,1,1,0,0,0.0
U10483,S10483,2026-04-12,Desktop,Email,Shoes,5574.0,1,1,0,0,0.0
U04793,S04793,2026-04-12,Mobile,Instagram,Shoes,1463.0,1,0,0,0,0.0
U01271,S01271,2026-04-12,Tablet,Google,Home,1498.0,1,1,1,1,1498.0
U08581,S08581,2026-04-12,Mobile,Google,Beauty,2666.0,1,0,0,0,0.0
U11675,S11675,2026-04-12,Mobile,Instagram,Home,543.0,1,1,1,1,543.0
U02402,S02402,2026-04-12,Desktop,Google,Home,1748.0,1,1,1,1,1748.0
U01692,S01692,2026-04-12,Desktop,Direct,Clothing,347.0,1,1,1,1,347.0
U08802,S08802,2026-04-12,Mobile,Facebook,Clothing,3771.0,1,0,0,0,0.0
U11333,S11333,2026-04-12,Mobile,Direct,Electronics,2298.0,1,1,1,1,2298.0
U06525,S06525,2026-04-12,Mobile,Email,Electronics,3459.0,1,0,0,0,0.0
U09981,S09981,2026-04-12,Mobile,Instagram,Electronics,3731.0,1,0,0,0,0.0
U02970,S02970,2026-04-12,Mobile,Facebook,Clothing,5645.0,1,0,0,0,0.0
U09145,S09145,2026-04-12,Mobile,Direct,Home,1895.0,1,0,0,0,0.0
U05069,S05069,2026-04-12,Mobile,Google,Home,5680.0,1,1,1,1,5680.0
U07481,S07481,2026-04-12,Mobile,Direct,Beauty,7075.0,1,0,0,0,0.0
U10988,S10988,2026-04-12,Tablet,Google,Electronics,3202.0,1,0,0,0,0.0
U00113,S00113,2026-04-12,Mobile,Direct,Home,2269.0,1,1,1,1,2269.0
U09830,S09830,2026-04-12,Mobile,Instagram,Electronics,950.0,1,1,1,1,950.0
U10966,S10966,2026-04-12,Mobile,Email,Shoes,426.0,1,1,1,0,0.0
U11834,S11834,2026-04-12,Mobile,Google,Home,2230.0,1,1,1,0,0.0
U02377,S02377,2026-04-12,Desktop,Google,Clothing,5324.0,1,0,0,0,0.0
U08537,S08537,2026-04-12,Mobile,Instagram,Home,5623.0,1,1,0,0,0.0
U04980,S04980,2026-04-12,Desktop,Facebook,Clothing,4328.0,1,0,0,0,0.0
U06049,S06049,2026-04-12,Mobile,Email,Electronics,6657.0,1,0,0,0,0.0
U11319,S11319,2026-04-12,Desktop,Google,Home,5705.0,1,1,0,0,0.0
U01703,S01703,2026-04-12,Mobile,Google,Beauty,3059.0,1,0,0,0,0.0
U03026,S03026,2026-04-12,Mobile,Direct,Home,2931.0,1,0,0,0,0.0
U03211,S03211,2026-04-12,Mobile,Direct,Clothing,1527.0,1,0,0,0,0.0
U11078,S11078,2026-04-13,Mobile,Facebook,Clothing,1190.0,1,0,0,0,0.0
U02812,S02812,2026-04-13,Desktop,Google,Shoes,412.0,1,1,1,0,0.0
U11732,S11732,2026-04-13,Mobile,Google,Home,1714.0,1,0,0,0,0.0
U10243,S10243,2026-04-13,Mobile,Google,Clothing,491.0,1,0,0,0,0.0
U03343,S03343,2026-04-13,Mobile,Email,Shoes,604.0,1,0,0,0,0.0
U11121,S11121,2026-04-13,Desktop,Facebook,Clothing,3720.0,1,0,0,0,0.0
U04114,S04114,2026-04-13,Mobile,Facebook,Shoes,8448.0,1,0,0,0,0.0
U10358,S10358,2026-04-13,Desktop,Instagram,Home,6703.0,1,1,0,0,0.0
U00491,S00491,2026-04-13,Desktop,Google,Shoes,639.0,1,0,0,0,0.0
U06998,S06998,2026-04-13,Mobile,Instagram,Shoes,5551.0,1,1,0,0,0.0
U02230,S02230,2026-04-13,Desktop,Instagram,Home,2434.0,1,1,1,0,0.0
U02235,S02235,2026-04-13,Desktop,Google,Clothing,2580.0,1,1,0,0,0.0
U09088,S09088,2026-04-13,Desktop,Google,Home,3103.0,1,0,0,0,0.0
U02084,S02084,2026-04-13,Mobile,Instagram,Clothing,9274.0,1,0,0,0,0.0
U01698,S01698,2026-04-13,Desktop,Instagram,Beauty,1324.0,1,1,1,1,1324.0
U11807,S11807,2026-04-13,Mobile,Direct,Electronics,2439.0,1,0,0,0,0.0
U00915,S00915,2026-04-13,Tablet,Google,Clothing,7492.0,1,0,0,0,0.0
U05684,S05684,2026-04-13,Mobile,Facebook,Electronics,3793.0,1,0,0,0,0.0
U00737,S00737,2026-04-13,Mobile,Google,Beauty,1784.0,1,0,0,0,0.0
U06137,S06137,2026-04-13,Tablet,Google,Shoes,4387.0,1,0,0,0,0.0
U02095,S02095,2026-04-13,Desktop,Google,Beauty,2761.0,1,0,0,0,0.0
U01349,S01349,2026-04-13,Mobile,Email,Shoes,3922.0,1,1,1,1,3922.0
U08279,S08279,2026-04-13,Tablet,Google,Home,4344.0,1,0,0,0,0.0
U10370,S10370,2026-04-13,Tablet,Facebook,Beauty,552.0,1,0,0,0,0.0
U09615,S09615,2026-04-13,Mobile,Instagram,Shoes,2276.0,1,0,0,0,0.0
U01474,S01474,2026-04-13,Mobile,Google,Clothing,659.0,1,1,0,0,0.0
U06339,S06339,2026-04-13,Mobile,Direct,Beauty,4683.0,1,0,0,0,0.0
U10649,S10649,2026-04-13,Mobile,Google,Home,3145.0,1,0,0,0,0.0
U02971,S02971,2026-04-13,Mobile,Direct,Home,3171.0,1,0,0,0,0.0
U08219,S08219,2026-04-13,Mobile,Direct,Shoes,12569.0,1,0,0,0,0.0
U09252,S09252,2026-04-13,Mobile,Instagram,Clothing,3314.0,1,0,0,0,0.0
U10467,S10467,2026-04-13,Mobile,Direct,Electronics,1630.0,1,1,1,1,1630.0
U06405,S06405,2026-04-13,Mobile,Google,Beauty,1597.0,1,0,0,0,0.0
U03476,S03476,2026-04-13,Mobile,Instagram,Beauty,1592.0,1,1,0,0,0.0
U07587,S07587,2026-04-13,Mobile,Google,Home,2666.0,1,0,0,0,0.0
U04884,S04884,2026-04-13,Mobile,Google,Home,872.0,1,0,0,0,0.0
U01305,S01305,2026-04-13,Desktop,Email,Electronics,1148.0,1,0,0,0,0.0
U10507,S10507,2026-04-13,Mobile,Instagram,Clothing,1780.0,1,0,0,0,0.0
U01639,S01639,2026-04-13,Mobile,Direct,Electronics,2326.0,1,1,0,0,0.0
U06691,S06691,2026-04-13,Mobile,Google,Clothing,1578.0,1,1,1,1,1578.0
U00266,S00266,2026-04-13,Mobile,Google,Clothing,5334.0,1,0,0,0,0.0
U10057,S10057,2026-04-13,Mobile,Facebook,Clothing,1349.0,1,1,1,1,1349.0
U09895,S09895,2026-04-13,Mobile,Facebook,Beauty,827.0,1,1,1,1,827.0
U11434,S11434,2026-04-13,Desktop,Email,Clothing,726.0,1,1,0,0,0.0
U06746,S06746,2026-04-13,Mobile,Facebook,Clothing,4249.0,1,1,0,0,0.0
U11528,S11528,2026-04-13,Desktop,Instagram,Electronics,839.0,1,1,1,0,0.0
U01823,S01823,2026-04-13,Mobile,Google,Shoes,4273.0,1,0,0,0,0.0
U06787,S06787,2026-04-13,Mobile,Direct,Electronics,1333.0,1,0,0,0,0.0
U07216,S07216,2026-04-13,Mobile,Facebook,Home,1738.0,1,0,0,0,0.0
U11096,S11096,2026-04-13,Desktop,Direct,Electronics,1914.0,1,1,1,1,1914.0
U04143,S04143,2026-04-13,Mobile,Google,Shoes,3108.0,1,0,0,0,0.0
U11724,S11724,2026-04-13,Mobile,Instagram,Home,2546.0,1,1,1,1,2546.0
U00395,S00395,2026-04-13,Mobile,Google,Clothing,1980.0,1,0,0,0,0.0
U05391,S05391,2026-04-13,Mobile,Email,Shoes,2561.0,1,1,1,1,2561.0
U04291,S04291,2026-04-13,Mobile,Instagram,Electronics,2130.0,1,0,0,0,0.0
U02043,S02043,2026-04-13,Desktop,Direct,Home,863.0,1,1,1,1,863.0
U07875,S07875,2026-04-13,Mobile,Google,Electronics,624.0,1,0,0,0,0.0
U04667,S04667,2026-04-13,Desktop,Direct,Clothing,13985.0,1,0,0,0,0.0
U07312,S07312,2026-04-13,Mobile,Direct,Beauty,2012.0,1,0,0,0,0.0
U03783,S03783,2026-04-13,Tablet,Instagram,Electronics,8883.0,1,0,0,0,0.0
U04410,S04410,2026-04-13,Mobile,Instagram,Beauty,5905.0,1,1,1,1,5905.0
U01998,S01998,2026-04-13,Mobile,Instagram,Electronics,367.0,1,1,1,1,367.0
U08676,S08676,2026-04-13,Desktop,Direct,Clothing,2589.0,1,0,0,0,0.0
U02187,S02187,2026-04-14,Desktop,Instagram,Shoes,3351.0,1,0,0,0,0.0
U10030,S10030,2026-04-14,Desktop,Instagram,Clothing,941.0,1,1,1,0,0.0
U03578,S03578,2026-04-14,Mobile,Google,Clothing,888.0,1,0,0,0,0.0
U01857,S01857,2026-04-14,Mobile,Facebook,Shoes,4676.0,1,0,0,0,0.0
U06011,S06011,2026-04-14,Desktop,Direct,Beauty,2018.0,1,0,0,0,0.0
U03262,S03262,2026-04-14,Desktop,Facebook,Clothing,2447.0,1,1,1,0,0.0
U02607,S02607,2026-04-14,Mobile,Google,Electronics,3575.0,1,0,0,0,0.0
U08823,S08823,2026-04-14,Desktop,Direct,Shoes,1176.0,1,1,1,1,1176.0
U01024,S01024,2026-04-14,Mobile,Google,Clothing,7581.0,1,0,0,0,0.0
U10338,S10338,2026-04-14,Tablet,Instagram,Electronics,2516.0,1,1,1,0,0.0
U04567,S04567,2026-04-14,Desktop,Google,Home,1161.0,1,1,1,1,1161.0
U09995,S09995,2026-04-14,Mobile,Facebook,Electronics,1442.0,1,1,0,0,0.0
U10860,S10860,2026-04-14,Mobile,Instagram,Electronics,444.0,1,1,1,0,0.0
U07920,S07920,2026-04-14,Mobile,Facebook,Home,2425.0,1,0,0,0,0.0
U10362,S10362,2026-04-14,Mobile,Direct,Clothing,2987.0,1,1,1,1,2987.0
U08098,S08098,2026-04-14,Mobile,Google,Electronics,1048.0,1,0,0,0,0.0
U02587,S02587,2026-04-14,Mobile,Direct,Shoes,2514.0,1,1,0,0,0.0
U10905,S10905,2026-04-14,Mobile,Instagram,Electronics,2264.0,1,0,0,0,0.0
U08836,S08836,2026-04-14,Mobile,Direct,Home,1938.0,1,0,0,0,0.0
U05942,S05942,2026-04-14,Mobile,Google,Electronics,300.0,1,0,0,0,0.0
U10236,S10236,2026-04-14,Mobile,Google,Clothing,1462.0,1,0,0,0,0.0
U05819,S05819,2026-04-14,Mobile,Instagram,Clothing,1602.0,1,0,0,0,0.0
U03900,S03900,2026-04-14,Mobile,Instagram,Electronics,757.0,1,0,0,0,0.0
U08041,S08041,2026-04-14,Mobile,Direct,Electronics,994.0,1,1,1,0,0.0
U02853,S02853,2026-04-14,Desktop,Direct,Clothing,683.0,1,0,0,0,0.0
U03609,S03609,2026-04-14,Mobile,Google,Electronics,11484.0,1,0,0,0,0.0
U05548,S05548,2026-04-14,Desktop,Direct,Shoes,2575.0,1,0,0,0,0.0
U01426,S01426,2026-04-14,Mobile,Instagram,Clothing,1382.0,1,1,1,1,1382.0
U11848,S11848,2026-04-14,Mobile,Google,Clothing,993.0,1,0,0,0,0.0
U11164,S11164,2026-04-14,Tablet,Email,Electronics,1743.0,1,1,0,0,0.0
U11708,S11708,2026-04-14,Mobile,Google,Electronics,5706.0,1,1,0,0,0.0
U05599,S05599,2026-04-14,Mobile,Google,Electronics,3542.0,1,1,1,1,3542.0
U04105,S04105,2026-04-14,Desktop,Email,Electronics,5495.0,1,1,1,1,5495.0
U00358,S00358,2026-04-14,Desktop,Google,Shoes,1621.0,1,0,0,0,0.0
U05156,S05156,2026-04-14,Mobile,Instagram,Clothing,3577.0,1,0,0,0,0.0
U01565,S01565,2026-04-14,Desktop,Direct,Clothing,1969.0,1,1,1,0,0.0
U02104,S02104,2026-04-14,Tablet,Facebook,Clothing,4275.0,1,1,0,0,0.0
U08377,S08377,2026-04-14,Desktop,Facebook,Beauty,619.0,1,0,0,0,0.0
U08742,S08742,2026-04-14,Desktop,Facebook,Home,681.0,1,1,1,1,681.0
U11422,S11422,2026-04-14,Mobile,Google,Clothing,1626.0,1,0,0,0,0.0
U08843,S08843,2026-04-14,Mobile,Google,Beauty,3081.0,1,0,0,0,0.0
U03110,S03110,2026-04-14,Tablet,Direct,Clothing,7041.0,1,1,0,0,0.0
U04786,S04786,2026-04-14,Desktop,Email,Clothing,338.0,1,1,0,0,0.0
U05741,S05741,2026-04-14,Desktop,Google,Shoes,4546.0,1,0,0,0,0.0
U11753,S11753,2026-04-14,Desktop,Facebook,Home,1135.0,1,0,0,0,0.0
U04668,S04668,2026-04-14,Mobile,Email,Shoes,809.0,1,0,0,0,0.0
U07208,S07208,2026-04-14,Mobile,Direct,Electronics,836.0,1,0,0,0,0.0
U03823,S03823,2026-04-14,Mobile,Instagram,Home,3155.0,1,0,0,0,0.0
U09616,S09616,2026-04-14,Mobile,Google,Beauty,4856.0,1,0,0,0,0.0
U08538,S08538,2026-04-14,Tablet,Instagram,Beauty,1836.0,1,0,0,0,0.0
U05019,S05019,2026-04-14,Mobile,Direct,Electronics,1203.0,1,0,0,0,0.0
U11960,S11960,2026-04-14,Mobile,Google,Beauty,4249.0,1,0,0,0,0.0
U08498,S08498,2026-04-14,Desktop,Direct,Electronics,3288.0,1,0,0,0,0.0
U03073,S03073,2026-04-14,Desktop,Google,Beauty,2613.0,1,0,0,0,0.0
U09645,S09645,2026-04-14,Desktop,Google,Clothing,2058.0,1,1,1,0,0.0
U02537,S02537,2026-04-14,Desktop,Instagram,Home,3318.0,1,0,0,0,0.0
U09046,S09046,2026-04-14,Mobile,Direct,Beauty,1475.0,1,1,1,0,0.0
U00627,S00627,2026-04-14,Desktop,Instagram,Shoes,3456.0,1,0,0,0,0.0
U01608,S01608,2026-04-14,Mobile,Facebook,Home,10092.0,1,0,0,0,0.0
U03393,S03393,2026-04-14,Tablet,Direct,Electronics,723.0,1,1,1,1,723.0
U06529,S06529,2026-04-14,Mobile,Email,Home,4882.0,1,0,0,0,0.0
U06507,S06507,2026-04-14,Tablet,Direct,Electronics,2519.0,1,1,1,1,2519.0
U03568,S03568,2026-04-14,Mobile,Instagram,Electronics,5222.0,1,0,0,0,0.0
U09414,S09414,2026-04-14,Tablet,Instagram,Clothing,3272.0,1,0,0,0,0.0
U06074,S06074,2026-04-14,Mobile,Instagram,Electronics,3651.0,1,0,0,0,0.0
U06492,S06492,2026-04-14,Desktop,Facebook,Beauty,1362.0,1,0,0,0,0.0
U10827,S10827,2026-04-14,Desktop,Email,Clothing,2057.0,1,0,0,0,0.0
U03144,S03144,2026-04-15,Mobile,Instagram,Clothing,1281.0,1,1,0,0,0.0
U04674,S04674,2026-04-15,Mobile,Instagram,Home,1924.0,1,1,1,1,1924.0
U00524,S00524,2026-04-15,Mobile,Google,Home,6344.0,1,0,0,0,0.0
U07694,S07694,2026-04-15,Mobile,Instagram,Electronics,2477.0,1,0,0,0,0.0
U11935,S11935,2026-04-15,Desktop,Instagram,Beauty,4314.0,1,0,0,0,0.0
U08022,S08022,2026-04-15,Mobile,Direct,Beauty,5023.0,1,0,0,0,0.0
U04632,S04632,2026-04-15,Mobile,Google,Shoes,746.0,1,0,0,0,0.0
U11792,S11792,2026-04-15,Desktop,Google,Shoes,1921.0,1,0,0,0,0.0
U10459,S10459,2026-04-15,Mobile,Google,Electronics,1291.0,1,0,0,0,0.0
U07440,S07440,2026-04-15,Desktop,Google,Home,3378.0,1,0,0,0,0.0
U09075,S09075,2026-04-15,Desktop,Google,Home,880.0,1,0,0,0,0.0
U09790,S09790,2026-04-15,Desktop,Facebook,Beauty,2818.0,1,0,0,0,0.0
U02387,S02387,2026-04-15,Tablet,Instagram,Beauty,1523.0,1,1,1,1,1523.0
U05417,S05417,2026-04-15,Mobile,Google,Beauty,1552.0,1,0,0,0,0.0
U09517,S09517,2026-04-15,Desktop,Direct,Shoes,696.0,1,0,0,0,0.0
U11283,S11283,2026-04-15,Mobile,Email,Shoes,13765.0,1,0,0,0,0.0
U00695,S00695,2026-04-15,Desktop,Instagram,Shoes,2163.0,1,0,0,0,0.0
U03032,S03032,2026-04-15,Mobile,Instagram,Shoes,1933.0,1,0,0,0,0.0
U07588,S07588,2026-04-15,Tablet,Google,Clothing,2412.0,1,0,0,0,0.0
U01500,S01500,2026-04-15,Desktop,Direct,Beauty,828.0,1,0,0,0,0.0
U10768,S10768,2026-04-15,Mobile,Facebook,Home,1205.0,1,0,0,0,0.0
U02642,S02642,2026-04-15,Desktop,Direct,Beauty,3250.0,1,1,1,1,3250.0
U11984,S11984,2026-04-15,Mobile,Facebook,Shoes,5109.0,1,0,0,0,0.0
U01928,S01928,2026-04-15,Desktop,Instagram,Electronics,2353.0,1,0,0,0,0.0
U04825,S04825,2026-04-15,Mobile,Google,Home,5240.0,1,1,1,1,5240.0
U07197,S07197,2026-04-15,Mobile,Google,Shoes,1955.0,1,0,0,0,0.0
U00474,S00474,2026-04-15,Mobile,Google,Shoes,836.0,1,1,0,0,0.0
U03303,S03303,2026-04-15,Mobile,Direct,Shoes,2575.0,1,1,1,1,2575.0
U09763,S09763,2026-04-15,Desktop,Google,Clothing,2987.0,1,0,0,0,0.0
U08212,S08212,2026-04-15,Tablet,Direct,Home,3893.0,1,1,1,0,0.0
U00835,S00835,2026-04-15,Desktop,Google,Electronics,2589.0,1,1,0,0,0.0
U02998,S02998,2026-04-15,Mobile,Google,Beauty,6649.0,1,1,1,0,0.0
U09321,S09321,2026-04-15,Desktop,Direct,Home,1630.0,1,0,0,0,0.0
U06089,S06089,2026-04-15,Mobile,Instagram,Electronics,6621.0,1,1,1,0,0.0
U01758,S01758,2026-04-15,Tablet,Instagram,Home,4274.0,1,0,0,0,0.0
U00494,S00494,2026-04-15,Mobile,Direct,Clothing,10003.0,1,0,0,0,0.0
U00466,S00466,2026-04-15,Desktop,Direct,Shoes,5862.0,1,0,0,0,0.0
U02123,S02123,2026-04-15,Mobile,Instagram,Home,7868.0,1,0,0,0,0.0
U10781,S10781,2026-04-15,Mobile,Google,Beauty,982.0,1,0,0,0,0.0
U06334,S06334,2026-04-15,Mobile,Facebook,Beauty,2084.0,1,0,0,0,0.0
U11168,S11168,2026-04-15,Desktop,Direct,Shoes,1534.0,1,1,0,0,0.0
U01421,S01421,2026-04-15,Desktop,Instagram,Clothing,2086.0,1,1,0,0,0.0
U09118,S09118,2026-04-15,Mobile,Google,Shoes,3910.0,1,1,0,0,0.0
U06288,S06288,2026-04-15,Tablet,Direct,Shoes,2611.0,1,0,0,0,0.0
U04098,S04098,2026-04-15,Desktop,Google,Clothing,1193.0,1,0,0,0,0.0
U08173,S08173,2026-04-15,Mobile,Email,Clothing,2255.0,1,0,0,0,0.0
U05213,S05213,2026-04-15,Tablet,Instagram,Clothing,2008.0,1,1,0,0,0.0
U09347,S09347,2026-04-15,Mobile,Email,Shoes,3252.0,1,0,0,0,0.0
U05202,S05202,2026-04-15,Mobile,Google,Home,3041.0,1,0,0,0,0.0
U00641,S00641,2026-04-15,Desktop,Email,Clothing,1042.0,1,0,0,0,0.0
U05302,S05302,2026-04-15,Mobile,Instagram,Electronics,1224.0,1,0,0,0,0.0
U10686,S10686,2026-04-15,Mobile,Direct,Electronics,4747.0,1,1,0,0,0.0
U07917,S07917,2026-04-15,Desktop,Google,Clothing,1491.0,1,1,0,0,0.0
U07870,S07870,2026-04-15,Desktop,Email,Shoes,8304.0,1,0,0,0,0.0
U09273,S09273,2026-04-15,Tablet,Direct,Clothing,3721.0,1,0,0,0,0.0
U06514,S06514,2026-04-15,Desktop,Google,Home,1449.0,1,0,0,0,0.0
U06106,S06106,2026-04-15,Tablet,Email,Clothing,10133.0,1,0,0,0,0.0
U08169,S08169,2026-04-15,Mobile,Email,Beauty,6322.0,1,1,0,0,0.0
U04354,S04354,2026-04-15,Mobile,Facebook,Beauty,1800.0,1,1,0,0,0.0
U04504,S04504,2026-04-15,Mobile,Direct,Beauty,596.0,1,1,0,0,0.0
U05665,S05665,2026-04-15,Mobile,Google,Beauty,1708.0,1,1,0,0,0.0
U09646,S09646,2026-04-15,Mobile,Instagram,Home,12643.0,1,0,0,0,0.0
U00230,S00230,2026-04-15,Mobile,Email,Beauty,552.0,1,0,0,0,0.0
U06845,S06845,2026-04-15,Mobile,Google,Home,2142.0,1,0,0,0,0.0
U06611,S06611,2026-04-15,Desktop,Email,Clothing,5801.0,1,0,0,0,0.0
U03780,S03780,2026-04-15,Tablet,Instagram,Home,8482.0,1,1,1,1,8482.0
U00530,S00530,2026-04-16,Mobile,Google,Home,1317.0,1,0,0,0,0.0
U10621,S10621,2026-04-16,Mobile,Email,Shoes,4048.0,1,0,0,0,0.0
U08083,S08083,2026-04-16,Mobile,Direct,Electronics,19424.0,1,0,0,0,0.0
U05319,S05319,2026-04-16,Mobile,Instagram,Beauty,5527.0,1,0,0,0,0.0
U10108,S10108,2026-04-16,Tablet,Google,Electronics,1874.0,1,0,0,0,0.0
U09662,S09662,2026-04-16,Desktop,Facebook,Clothing,1163.0,1,0,0,0,0.0
U11175,S11175,2026-04-16,Mobile,Email,Beauty,922.0,1,1,1,1,922.0
U07231,S07231,2026-04-16,Mobile,Direct,Home,3314.0,1,0,0,0,0.0
U07345,S07345,2026-04-16,Mobile,Email,Electronics,2967.0,1,1,1,1,2967.0
U07432,S07432,2026-04-16,Desktop,Facebook,Shoes,4099.0,1,0,0,0,0.0
U09696,S09696,2026-04-16,Mobile,Direct,Clothing,1096.0,1,1,1,0,0.0
U05664,S05664,2026-04-16,Mobile,Direct,Clothing,2216.0,1,1,1,1,2216.0
U09549,S09549,2026-04-16,Mobile,Instagram,Electronics,1271.0,1,0,0,0,0.0
U11245,S11245,2026-04-16,Desktop,Google,Shoes,799.0,1,1,1,0,0.0
U09476,S09476,2026-04-16,Tablet,Google,Clothing,1037.0,1,0,0,0,0.0
U05090,S05090,2026-04-16,Mobile,Direct,Home,699.0,1,0,0,0,0.0
U08893,S08893,2026-04-16,Desktop,Google,Electronics,6869.0,1,0,0,0,0.0
U09324,S09324,2026-04-16,Desktop,Google,Shoes,1622.0,1,1,1,1,1622.0
U07467,S07467,2026-04-16,Mobile,Google,Clothing,2437.0,1,1,1,0,0.0
U06082,S06082,2026-04-16,Mobile,Email,Electronics,6685.0,1,0,0,0,0.0
U00730,S00730,2026-04-16,Mobile,Email,Clothing,1227.0,1,0,0,0,0.0
U05049,S05049,2026-04-16,Mobile,Instagram,Beauty,7821.0,1,0,0,0,0.0
U00336,S00336,2026-04-16,Mobile,Instagram,Beauty,10994.0,1,1,0,0,0.0
U05029,S05029,2026-04-16,Mobile,Email,Clothing,1711.0,1,0,0,0,0.0
U07040,S07040,2026-04-16,Tablet,Direct,Electronics,1533.0,1,0,0,0,0.0
U09871,S09871,2026-04-16,Mobile,Direct,Electronics,3851.0,1,0,0,0,0.0
U10117,S10117,2026-04-16,Tablet,Instagram,Electronics,935.0,1,0,0,0,0.0
U08465,S08465,2026-04-16,Desktop,Google,Beauty,15525.0,1,1,0,0,0.0
U00815,S00815,2026-04-16,Mobile,Google,Beauty,1170.0,1,0,0,0,0.0
U01702,S01702,2026-04-16,Tablet,Google,Electronics,769.0,1,1,1,0,0.0
U05230,S05230,2026-04-16,Mobile,Direct,Beauty,5435.0,1,1,1,0,0.0
U10088,S10088,2026-04-16,Desktop,Google,Home,1408.0,1,0,0,0,0.0
U10423,S10423,2026-04-16,Mobile,Google,Shoes,7295.0,1,1,0,0,0.0
U04405,S04405,2026-04-16,Mobile,Instagram,Beauty,1826.0,1,0,0,0,0.0
U08412,S08412,2026-04-16,Mobile,Google,Electronics,2689.0,1,0,0,0,0.0
U10751,S10751,2026-04-16,Mobile,Direct,Home,2903.0,1,0,0,0,0.0
U11557,S11557,2026-04-16,Mobile,Direct,Home,1149.0,1,0,0,0,0.0
U10261,S10261,2026-04-16,Desktop,Instagram,Home,406.0,1,0,0,0,0.0
U09303,S09303,2026-04-16,Mobile,Instagram,Beauty,3372.0,1,0,0,0,0.0
U11071,S11071,2026-04-16,Tablet,Direct,Home,567.0,1,1,1,0,0.0
U01872,S01872,2026-04-16,Mobile,Instagram,Electronics,2141.0,1,0,0,0,0.0
U11653,S11653,2026-04-16,Mobile,Direct,Clothing,1399.0,1,1,0,0,0.0
U02206,S02206,2026-04-16,Mobile,Google,Clothing,2427.0,1,0,0,0,0.0
U01473,S01473,2026-04-16,Mobile,Google,Electronics,1108.0,1,0,0,0,0.0
U02503,S02503,2026-04-16,Tablet,Instagram,Clothing,1337.0,1,0,0,0,0.0
U04618,S04618,2026-04-16,Mobile,Direct,Electronics,2948.0,1,1,1,0,0.0
U07729,S07729,2026-04-16,Mobile,Google,Electronics,1531.0,1,0,0,0,0.0
U10094,S10094,2026-04-16,Desktop,Instagram,Clothing,21888.0,1,0,0,0,0.0
U11521,S11521,2026-04-16,Mobile,Email,Clothing,1700.0,1,0,0,0,0.0
U03481,S03481,2026-04-16,Mobile,Google,Home,8300.0,1,0,0,0,0.0
U07790,S07790,2026-04-16,Mobile,Instagram,Electronics,8772.0,1,0,0,0,0.0
U03193,S03193,2026-04-16,Mobile,Instagram,Beauty,9371.0,1,0,0,0,0.0
U04107,S04107,2026-04-16,Desktop,Google,Clothing,1038.0,1,1,1,0,0.0
U06483,S06483,2026-04-16,Desktop,Instagram,Clothing,2886.0,1,0,0,0,0.0
U03553,S03553,2026-04-16,Mobile,Email,Shoes,3123.0,1,0,0,0,0.0
U00629,S00629,2026-04-16,Mobile,Google,Shoes,2263.0,1,0,0,0,0.0
U11966,S11966,2026-04-16,Mobile,Direct,Clothing,14196.0,1,1,0,0,0.0
U03093,S03093,2026-04-16,Desktop,Google,Home,1691.0,1,1,1,1,1691.0
U09461,S09461,2026-04-16,Desktop,Google,Home,5329.0,1,0,0,0,0.0
U00509,S00509,2026-04-16,Mobile,Direct,Home,6380.0,1,0,0,0,0.0
U11382,S11382,2026-04-16,Mobile,Direct,Electronics,1170.0,1,0,0,0,0.0
U07621,S07621,2026-04-16,Mobile,Email,Electronics,2512.0,1,1,1,1,2512.0
U08568,S08568,2026-04-16,Mobile,Email,Shoes,2132.0,1,1,0,0,0.0
U05863,S05863,2026-04-16,Desktop,Google,Shoes,1736.0,1,0,0,0,0.0
U05870,S05870,2026-04-16,Mobile,Direct,Home,8348.0,1,1,1,1,8348.0
U06620,S06620,2026-04-16,Mobile,Direct,Electronics,14513.0,1,0,0,0,0.0
U07848,S07848,2026-04-17,Mobile,Email,Beauty,4241.0,1,0,0,0,0.0
U01539,S01539,2026-04-17,Desktop,Google,Shoes,8409.0,1,0,0,0,0.0
U08237,S08237,2026-04-17,Tablet,Instagram,Beauty,2961.0,1,0,0,0,0.0
U08402,S08402,2026-04-17,Mobile,Email,Shoes,4604.0,1,0,0,0,0.0
U03219,S03219,2026-04-17,Mobile,Google,Beauty,2332.0,1,1,1,0,0.0
U09931,S09931,2026-04-17,Mobile,Instagram,Beauty,3575.0,1,0,0,0,0.0
U05307,S05307,2026-04-17,Tablet,Google,Shoes,5855.0,1,0,0,0,0.0
U05324,S05324,2026-04-17,Mobile,Google,Clothing,16708.0,1,0,0,0,0.0
U01261,S01261,2026-04-17,Mobile,Instagram,Electronics,5603.0,1,0,0,0,0.0
U07076,S07076,2026-04-17,Mobile,Google,Clothing,7437.0,1,0,0,0,0.0
U11987,S11987,2026-04-17,Mobile,Direct,Clothing,2427.0,1,1,0,0,0.0
U09029,S09029,2026-04-17,Mobile,Direct,Home,811.0,1,0,0,0,0.0
U00207,S00207,2026-04-17,Mobile,Instagram,Shoes,4363.0,1,0,0,0,0.0
U00004,S00004,2026-04-17,Desktop,Facebook,Electronics,6220.0,1,1,1,1,6220.0
U07164,S07164,2026-04-17,Desktop,Google,Electronics,5484.0,1,0,0,0,0.0
U00198,S00198,2026-04-17,Desktop,Google,Home,539.0,1,1,1,1,539.0
U04467,S04467,2026-04-17,Mobile,Direct,Clothing,1152.0,1,0,0,0,0.0
U03946,S03946,2026-04-17,Desktop,Google,Home,14759.0,1,0,0,0,0.0
U00213,S00213,2026-04-17,Mobile,Direct,Clothing,1905.0,1,0,0,0,0.0
U01079,S01079,2026-04-17,Desktop,Direct,Home,10480.0,1,0,0,0,0.0
U02754,S02754,2026-04-17,Mobile,Direct,Clothing,2560.0,1,0,0,0,0.0
U03246,S03246,2026-04-17,Mobile,Facebook,Beauty,1451.0,1,0,0,0,0.0
U01134,S01134,2026-04-17,Desktop,Instagram,Shoes,2556.0,1,1,1,1,2556.0
U03887,S03887,2026-04-17,Tablet,Facebook,Shoes,1279.0,1,0,0,0,0.0
U09121,S09121,2026-04-17,Mobile,Google,Clothing,7202.0,1,1,1,1,7202.0
U06413,S06413,2026-04-17,Mobile,Facebook,Electronics,1173.0,1,0,0,0,0.0
U05798,S05798,2026-04-17,Desktop,Instagram,Clothing,1144.0,1,0,0,0,0.0
U03839,S03839,2026-04-17,Desktop,Facebook,Clothing,309.0,1,1,1,0,0.0
U09894,S09894,2026-04-17,Desktop,Google,Home,6622.0,1,0,0,0,0.0
U09374,S09374,2026-04-17,Tablet,Google,Clothing,1184.0,1,0,0,0,0.0
U02673,S02673,2026-04-17,Mobile,Instagram,Home,4415.0,1,0,0,0,0.0
U06209,S06209,2026-04-17,Mobile,Google,Beauty,4093.0,1,1,1,1,4093.0
U07225,S07225,2026-04-17,Desktop,Google,Clothing,2683.0,1,1,0,0,0.0
U08058,S08058,2026-04-17,Mobile,Facebook,Clothing,2202.0,1,1,0,0,0.0
U11325,S11325,2026-04-17,Mobile,Instagram,Electronics,3065.0,1,0,0,0,0.0
U06697,S06697,2026-04-17,Mobile,Google,Home,807.0,1,0,0,0,0.0
U02070,S02070,2026-04-17,Mobile,Direct,Home,3751.0,1,0,0,0,0.0
U05472,S05472,2026-04-17,Mobile,Google,Electronics,1643.0,1,0,0,0,0.0
U02497,S02497,2026-04-17,Mobile,Facebook,Home,1122.0,1,1,1,1,1122.0
U04013,S04013,2026-04-17,Tablet,Direct,Beauty,1007.0,1,1,1,1,1007.0
U04210,S04210,2026-04-17,Mobile,Google,Beauty,3522.0,1,1,0,0,0.0
U02175,S02175,2026-04-17,Mobile,Google,Beauty,886.0,1,0,0,0,0.0
U09809,S09809,2026-04-17,Mobile,Email,Electronics,1313.0,1,0,0,0,0.0
U06397,S06397,2026-04-17,Desktop,Instagram,Clothing,3208.0,1,0,0,0,0.0
U01642,S01642,2026-04-17,Mobile,Direct,Shoes,2284.0,1,1,1,1,2284.0
U11825,S11825,2026-04-17,Desktop,Facebook,Clothing,1669.0,1,1,0,0,0.0
U08121,S08121,2026-04-17,Mobile,Direct,Electronics,5511.0,1,0,0,0,0.0
U04605,S04605,2026-04-17,Desktop,Email,Clothing,626.0,1,1,0,0,0.0
U09717,S09717,2026-04-17,Mobile,Google,Home,1617.0,1,1,0,0,0.0
U09091,S09091,2026-04-17,Desktop,Facebook,Beauty,593.0,1,0,0,0,0.0
U06686,S06686,2026-04-17,Mobile,Google,Clothing,9921.0,1,0,0,0,0.0
U03123,S03123,2026-04-17,Mobile,Google,Beauty,7207.0,1,1,1,1,7207.0
U07050,S07050,2026-04-17,Mobile,Email,Beauty,4540.0,1,1,1,1,4540.0
U05902,S05902,2026-04-17,Mobile,Instagram,Beauty,8006.0,1,0,0,0,0.0
U11080,S11080,2026-04-17,Desktop,Google,Clothing,1839.0,1,1,0,0,0.0
U04769,S04769,2026-04-17,Mobile,Instagram,Shoes,2193.0,1,1,0,0,0.0
U04731,S04731,2026-04-17,Mobile,Google,Electronics,1907.0,1,1,1,0,0.0
U05341,S05341,2026-04-18,Mobile,Email,Clothing,895.0,1,0,0,0,0.0
U09767,S09767,2026-04-18,Mobile,Instagram,Electronics,1602.0,1,1,0,0,0.0
U01547,S01547,2026-04-18,Mobile,Facebook,Clothing,1218.0,1,0,0,0,0.0
U09152,S09152,2026-04-18,Mobile,Facebook,Beauty,5838.0,1,1,0,0,0.0
U05335,S05335,2026-04-18,Mobile,Google,Shoes,1860.0,1,1,1,1,1860.0
U03556,S03556,2026-04-18,Desktop,Email,Clothing,5050.0,1,0,0,0,0.0
U09665,S09665,2026-04-18,Mobile,Google,Electronics,2100.0,1,1,1,1,2100.0
U00754,S00754,2026-04-18,Mobile,Google,Beauty,657.0,1,1,0,0,0.0
U10368,S10368,2026-04-18,Mobile,Google,Electronics,4229.0,1,1,0,0,0.0
U08015,S08015,2026-04-18,Mobile,Google,Electronics,1256.0,1,0,0,0,0.0
U01891,S01891,2026-04-18,Mobile,Facebook,Home,399.0,1,1,1,1,399.0
U01099,S01099,2026-04-18,Desktop,Direct,Clothing,1781.0,1,0,0,0,0.0
U09406,S09406,2026-04-18,Mobile,Google,Beauty,7830.0,1,0,0,0,0.0
U03107,S03107,2026-04-18,Mobile,Instagram,Shoes,3333.0,1,0,0,0,0.0
U09897,S09897,2026-04-18,Desktop,Google,Electronics,1878.0,1,0,0,0,0.0
U04654,S04654,2026-04-18,Mobile,Instagram,Electronics,8108.0,1,0,0,0,0.0
U06658,S06658,2026-04-18,Tablet,Google,Electronics,3760.0,1,1,1,1,3760.0
U09241,S09241,2026-04-18,Mobile,Google,Beauty,1986.0,1,1,1,1,1986.0
U06420,S06420,2026-04-18,Desktop,Google,Clothing,9109.0,1,1,1,1,9109.0
U04566,S04566,2026-04-18,Desktop,Direct,Clothing,1171.0,1,1,1,1,1171.0
U06517,S06517,2026-04-18,Desktop,Direct,Beauty,13087.0,1,0,0,0,0.0
U04464,S04464,2026-04-18,Tablet,Google,Shoes,5691.0,1,1,0,0,0.0
U01810,S01810,2026-04-18,Mobile,Facebook,Shoes,873.0,1,0,0,0,0.0
U09259,S09259,2026-04-18,Mobile,Google,Clothing,2418.0,1,0,0,0,0.0
U00866,S00866,2026-04-18,Desktop,Facebook,Shoes,2772.0,1,0,0,0,0.0
U01768,S01768,2026-04-18,Mobile,Instagram,Clothing,3940.0,1,1,0,0,0.0
U04368,S04368,2026-04-18,Mobile,Instagram,Home,4880.0,1,0,0,0,0.0
U11604,S11604,2026-04-18,Tablet,Google,Clothing,4322.0,1,1,1,0,0.0
U08835,S08835,2026-04-18,Mobile,Google,Clothing,760.0,1,0,0,0,0.0
U05323,S05323,2026-04-18,Desktop,Facebook,Electronics,2304.0,1,0,0,0,0.0
U00827,S00827,2026-04-18,Mobile,Direct,Electronics,950.0,1,0,0,0,0.0
U09316,S09316,2026-04-18,Tablet,Direct,Electronics,2272.0,1,0,0,0,0.0
U10716,S10716,2026-04-18,Mobile,Email,Shoes,30000.0,1,0,0,0,0.0
U02465,S02465,2026-04-18,Mobile,Direct,Shoes,1117.0,1,1,1,0,0.0
U07377,S07377,2026-04-18,Mobile,Instagram,Home,2355.0,1,0,0,0,0.0
U02923,S02923,2026-04-18,Mobile,Instagram,Clothing,5776.0,1,0,0,0,0.0
U07989,S07989,2026-04-18,Desktop,Email,Shoes,1663.0,1,0,0,0,0.0
U03853,S03853,2026-04-18,Mobile,Direct,Shoes,885.0,1,1,1,1,885.0
U11247,S11247,2026-04-18,Mobile,Direct,Electronics,673.0,1,0,0,0,0.0
U11699,S11699,2026-04-18,Desktop,Email,Beauty,868.0,1,1,1,1,868.0
U03319,S03319,2026-04-18,Mobile,Instagram,Beauty,1090.0,1,0,0,0,0.0
U04021,S04021,2026-04-18,Mobile,Google,Beauty,1807.0,1,1,0,0,0.0
U10646,S10646,2026-04-18,Mobile,Facebook,Beauty,1681.0,1,0,0,0,0.0
U07494,S07494,2026-04-18,Mobile,Google,Clothing,1970.0,1,0,0,0,0.0
U09318,S09318,2026-04-18,Mobile,Instagram,Home,1863.0,1,1,1,0,0.0
U09194,S09194,2026-04-18,Mobile,Instagram,Electronics,4106.0,1,1,1,0,0.0
U01932,S01932,2026-04-18,Mobile,Email,Electronics,962.0,1,0,0,0,0.0
U03469,S03469,2026-04-18,Mobile,Google,Clothing,5966.0,1,0,0,0,0.0
U11322,S11322,2026-04-18,Mobile,Google,Home,1581.0,1,0,0,0,0.0
U06714,S06714,2026-04-18,Desktop,Instagram,Shoes,592.0,1,0,0,0,0.0
U03844,S03844,2026-04-18,Mobile,Google,Home,2028.0,1,0,0,0,0.0
U07154,S07154,2026-04-18,Mobile,Email,Electronics,5381.0,1,0,0,0,0.0
U06607,S06607,2026-04-18,Desktop,Direct,Shoes,4409.0,1,1,1,1,4409.0
U01260,S01260,2026-04-18,Tablet,Facebook,Clothing,4469.0,1,1,1,0,0.0
U03366,S03366,2026-04-18,Mobile,Facebook,Shoes,9643.0,1,0,0,0,0.0
U04054,S04054,2026-04-18,Mobile,Direct,Beauty,1695.0,1,0,0,0,0.0
U07142,S07142,2026-04-18,Desktop,Facebook,Electronics,996.0,1,0,0,0,0.0
U00467,S00467,2026-04-18,Desktop,Google,Electronics,6419.0,1,0,0,0,0.0
U06096,S06096,2026-04-18,Mobile,Google,Home,1464.0,1,1,1,1,1464.0
U06897,S06897,2026-04-18,Tablet,Direct,Clothing,10239.0,1,0,0,0,0.0
U00084,S00084,2026-04-18,Mobile,Direct,Electronics,4601.0,1,1,1,0,0.0
U10307,S10307,2026-04-18,Mobile,Google,Electronics,2210.0,1,0,0,0,0.0
U01577,S01577,2026-04-18,Desktop,Instagram,Beauty,1299.0,1,0,0,0,0.0
U05937,S05937,2026-04-18,Mobile,Google,Shoes,591.0,1,1,0,0,0.0
U10874,S10874,2026-04-18,Mobile,Direct,Clothing,1851.0,1,0,0,0,0.0
U02620,S02620,2026-04-18,Desktop,Google,Shoes,917.0,1,1,1,1,917.0
U05903,S05903,2026-04-18,Mobile,Facebook,Electronics,12134.0,1,0,0,0,0.0
U07126,S07126,2026-04-18,Tablet,Direct,Shoes,6809.0,1,0,0,0,0.0
U06926,S06926,2026-04-19,Mobile,Google,Clothing,4071.0,1,0,0,0,0.0
U05913,S05913,2026-04-19,Mobile,Google,Clothing,634.0,1,1,1,1,634.0
U03145,S03145,2026-04-19,Desktop,Instagram,Home,1617.0,1,0,0,0,0.0
U07544,S07544,2026-04-19,Tablet,Email,Home,1550.0,1,1,0,0,0.0
U06970,S06970,2026-04-19,Mobile,Google,Clothing,898.0,1,0,0,0,0.0
U07298,S07298,2026-04-19,Mobile,Email,Beauty,7331.0,1,0,0,0,0.0
U10463,S10463,2026-04-19,Mobile,Instagram,Home,7819.0,1,0,0,0,0.0
U03532,S03532,2026-04-19,Mobile,Facebook,Electronics,559.0,1,1,0,0,0.0
U04401,S04401,2026-04-19,Desktop,Facebook,Beauty,4288.0,1,0,0,0,0.0
U07111,S07111,2026-04-19,Tablet,Google,Beauty,2214.0,1,0,0,0,0.0
U05781,S05781,2026-04-19,Tablet,Google,Beauty,1043.0,1,1,0,0,0.0
U05342,S05342,2026-04-19,Mobile,Instagram,Home,12887.0,1,0,0,0,0.0
U07472,S07472,2026-04-19,Desktop,Direct,Home,2724.0,1,0,0,0,0.0
U03711,S03711,2026-04-19,Desktop,Facebook,Home,865.0,1,1,0,0,0.0
U10466,S10466,2026-04-19,Desktop,Direct,Clothing,925.0,1,0,0,0,0.0
U08027,S08027,2026-04-19,Mobile,Instagram,Electronics,3248.0,1,0,0,0,0.0
U10122,S10122,2026-04-19,Mobile,Facebook,Electronics,1129.0,1,0,0,0,0.0
U09811,S09811,2026-04-19,Mobile,Direct,Clothing,1608.0,1,0,0,0,0.0
U02354,S02354,2026-04-19,Mobile,Google,Home,6626.0,1,0,0,0,0.0
U02035,S02035,2026-04-19,Mobile,Email,Clothing,1675.0,1,1,0,0,0.0
U01512,S01512,2026-04-19,Mobile,Instagram,Clothing,2151.0,1,1,1,0,0.0
U06536,S06536,2026-04-19,Mobile,Google,Electronics,1806.0,1,1,0,0,0.0
U02118,S02118,2026-04-19,Mobile,Google,Clothing,1690.0,1,0,0,0,0.0
U07402,S07402,2026-04-19,Mobile,Facebook,Electronics,3831.0,1,0,0,0,0.0
U05173,S05173,2026-04-19,Desktop,Instagram,Shoes,8356.0,1,1,0,0,0.0
U02453,S02453,2026-04-19,Desktop,Google,Clothing,441.0,1,1,1,1,441.0
U03670,S03670,2026-04-19,Mobile,Instagram,Clothing,893.0,1,0,0,0,0.0
U05165,S05165,2026-04-19,Desktop,Direct,Electronics,7074.0,1,0,0,0,0.0
U00357,S00357,2026-04-19,Desktop,Facebook,Home,5215.0,1,0,0,0,0.0
U00982,S00982,2026-04-19,Desktop,Google,Shoes,1092.0,1,1,1,1,1092.0
U02918,S02918,2026-04-19,Desktop,Google,Electronics,1063.0,1,1,0,0,0.0
U02916,S02916,2026-04-19,Mobile,Google,Clothing,4000.0,1,1,1,0,0.0
U03565,S03565,2026-04-19,Tablet,Email,Clothing,893.0,1,1,1,1,893.0
U09494,S09494,2026-04-19,Mobile,Facebook,Beauty,748.0,1,1,1,1,748.0
U00643,S00643,2026-04-19,Mobile,Instagram,Clothing,599.0,1,0,0,0,0.0
U10199,S10199,2026-04-19,Desktop,Google,Shoes,2538.0,1,0,0,0,0.0
U06513,S06513,2026-04-19,Mobile,Facebook,Home,4115.0,1,0,0,0,0.0
U00378,S00378,2026-04-19,Mobile,Direct,Beauty,2229.0,1,0,0,0,0.0
U01704,S01704,2026-04-19,Desktop,Instagram,Clothing,15947.0,1,0,0,0,0.0
U03850,S03850,2026-04-19,Mobile,Facebook,Home,1287.0,1,1,0,0,0.0
U00447,S00447,2026-04-19,Tablet,Direct,Home,1734.0,1,1,1,1,1734.0
U11255,S11255,2026-04-19,Mobile,Google,Electronics,18936.0,1,1,0,0,0.0
U09703,S09703,2026-04-19,Tablet,Instagram,Clothing,1445.0,1,1,0,0,0.0
U00595,S00595,2026-04-19,Mobile,Email,Beauty,606.0,1,1,1,0,0.0
U03150,S03150,2026-04-19,Mobile,Facebook,Shoes,10655.0,1,0,0,0,0.0
U11176,S11176,2026-04-19,Mobile,Facebook,Shoes,981.0,1,1,1,1,981.0
U04518,S04518,2026-04-19,Mobile,Instagram,Beauty,1520.0,1,1,1,0,0.0
U10263,S10263,2026-04-19,Mobile,Direct,Shoes,1081.0,1,1,0,0,0.0
U11719,S11719,2026-04-19,Mobile,Google,Clothing,10661.0,1,0,0,0,0.0
U00535,S00535,2026-04-19,Mobile,Google,Shoes,10996.0,1,0,0,0,0.0
U02582,S02582,2026-04-19,Desktop,Instagram,Shoes,408.0,1,0,0,0,0.0
U07155,S07155,2026-04-19,Desktop,Facebook,Clothing,4180.0,1,1,1,1,4180.0
U09081,S09081,2026-04-19,Mobile,Instagram,Shoes,9022.0,1,0,0,0,0.0
U02808,S02808,2026-04-19,Desktop,Google,Clothing,5703.0,1,1,1,1,5703.0
U00324,S00324,2026-04-19,Mobile,Instagram,Electronics,6716.0,1,0,0,0,0.0
U03827,S03827,2026-04-19,Mobile,Instagram,Clothing,2245.0,1,0,0,0,0.0
U07858,S07858,2026-04-19,Mobile,Direct,Clothing,1371.0,1,1,0,0,0.0
U10923,S10923,2026-04-19,Desktop,Direct,Clothing,3639.0,1,0,0,0,0.0
U08710,S08710,2026-04-19,Mobile,Direct,Electronics,453.0,1,0,0,0,0.0
U05814,S05814,2026-04-19,Desktop,Instagram,Shoes,2970.0,1,0,0,0,0.0
U01686,S01686,2026-04-19,Mobile,Google,Clothing,1102.0,1,0,0,0,0.0
U01142,S01142,2026-04-19,Desktop,Google,Clothing,5517.0,1,1,0,0,0.0
U03596,S03596,2026-04-19,Tablet,Google,Clothing,321.0,1,1,1,0,0.0
U10849,S10849,2026-04-19,Desktop,Direct,Electronics,3231.0,1,0,0,0,0.0
U05565,S05565,2026-04-19,Tablet,Email,Electronics,2434.0,1,0,0,0,0.0
U10361,S10361,2026-04-19,Desktop,Instagram,Home,1135.0,1,1,1,1,1135.0
U02414,S02414,2026-04-19,Mobile,Direct,Home,13179.0,1,0,0,0,0.0
U09343,S09343,2026-04-19,Desktop,Direct,Electronics,933.0,1,1,1,0,0.0
U05570,S05570,2026-04-19,Desktop,Direct,Shoes,5979.0,1,1,0,0,0.0
U06202,S06202,2026-04-19,Mobile,Google,Shoes,2013.0,1,0,0,0,0.0
U02421,S02421,2026-04-19,Mobile,Facebook,Electronics,3494.0,1,0,0,0,0.0
U04398,S04398,2026-04-19,Desktop,Email,Home,7849.0,1,1,1,1,7849.0
U01233,S01233,2026-04-20,Mobile,Direct,Shoes,3472.0,1,1,1,1,3472.0
U10576,S10576,2026-04-20,Desktop,Email,Shoes,3778.0,1,0,0,0,0.0
U07697,S07697,2026-04-20,Mobile,Direct,Electronics,1042.0,1,1,1,1,1042.0
U10723,S10723,2026-04-20,Mobile,Google,Clothing,1402.0,1,0,0,0,0.0
U01684,S01684,2026-04-20,Mobile,Direct,Clothing,2010.0,1,0,0,0,0.0
U00949,S00949,2026-04-20,Desktop,Google,Home,6300.0,1,1,1,1,6300.0
U04889,S04889,2026-04-20,Mobile,Google,Shoes,5097.0,1,0,0,0,0.0
U09462,S09462,2026-04-20,Mobile,Direct,Electronics,4133.0,1,1,1,1,4133.0
U04066,S04066,2026-04-20,Desktop,Facebook,Home,1444.0,1,1,1,1,1444.0
U05072,S05072,2026-04-20,Mobile,Google,Beauty,1068.0,1,0,0,0,0.0
U01093,S01093,2026-04-20,Mobile,Instagram,Clothing,5657.0,1,0,0,0,0.0
U06233,S06233,2026-04-20,Desktop,Direct,Electronics,2496.0,1,1,1,1,2496.0
U06840,S06840,2026-04-20,Desktop,Instagram,Home,4060.0,1,1,1,1,4060.0
U05326,S05326,2026-04-20,Mobile,Email,Clothing,9914.0,1,1,1,0,0.0
U09158,S09158,2026-04-20,Mobile,Facebook,Clothing,560.0,1,0,0,0,0.0
U03095,S03095,2026-04-20,Mobile,Email,Shoes,3644.0,1,0,0,0,0.0
U02519,S02519,2026-04-20,Mobile,Google,Home,3387.0,1,1,0,0,0.0
U07844,S07844,2026-04-20,Mobile,Instagram,Beauty,2131.0,1,0,0,0,0.0
U00611,S00611,2026-04-20,Mobile,Direct,Electronics,4575.0,1,0,0,0,0.0
U09593,S09593,2026-04-20,Desktop,Google,Electronics,1770.0,1,0,0,0,0.0
U04315,S04315,2026-04-20,Mobile,Google,Home,5211.0,1,0,0,0,0.0
U04588,S04588,2026-04-20,Desktop,Facebook,Clothing,17172.0,1,0,0,0,0.0
U11034,S11034,2026-04-20,Mobile,Google,Beauty,2285.0,1,1,0,0,0.0
U00096,S00096,2026-04-20,Desktop,Instagram,Home,2937.0,1,0,0,0,0.0
U02002,S02002,2026-04-20,Mobile,Direct,Home,6159.0,1,1,1,0,0.0
U08477,S08477,2026-04-20,Desktop,Facebook,Clothing,2782.0,1,0,0,0,0.0
U01341,S01341,2026-04-20,Mobile,Google,Beauty,703.0,1,0,0,0,0.0
U09349,S09349,2026-04-20,Desktop,Instagram,Clothing,7423.0,1,1,0,0,0.0
U11372,S11372,2026-04-20,Mobile,Instagram,Shoes,300.0,1,0,0,0,0.0
U11945,S11945,2026-04-20,Mobile,Email,Home,1096.0,1,0,0,0,0.0
U09908,S09908,2026-04-20,Desktop,Instagram,Clothing,1553.0,1,1,0,0,0.0
U03819,S03819,2026-04-20,Desktop,Google,Clothing,300.0,1,1,0,0,0.0
U10693,S10693,2026-04-20,Mobile,Direct,Clothing,6014.0,1,0,0,0,0.0
U10793,S10793,2026-04-20,Mobile,Google,Home,419.0,1,0,0,0,0.0
U02139,S02139,2026-04-20,Desktop,Google,Shoes,3094.0,1,1,0,0,0.0
U08104,S08104,2026-04-20,Desktop,Facebook,Beauty,718.0,1,0,0,0,0.0
U09655,S09655,2026-04-20,Desktop,Google,Clothing,2095.0,1,0,0,0,0.0
U11349,S11349,2026-04-20,Mobile,Google,Electronics,1320.0,1,1,1,1,1320.0
U05282,S05282,2026-04-20,Mobile,Facebook,Clothing,1456.0,1,1,1,1,1456.0
U11508,S11508,2026-04-20,Mobile,Google,Clothing,9496.0,1,0,0,0,0.0
U05343,S05343,2026-04-20,Desktop,Google,Clothing,2688.0,1,0,0,0,0.0
U11160,S11160,2026-04-20,Mobile,Google,Home,1088.0,1,0,0,0,0.0
U03986,S03986,2026-04-20,Mobile,Google,Home,1860.0,1,0,0,0,0.0
U01477,S01477,2026-04-20,Mobile,Instagram,Clothing,836.0,1,1,1,1,836.0
U07121,S07121,2026-04-20,Mobile,Google,Electronics,2048.0,1,0,0,0,0.0
U04393,S04393,2026-04-20,Mobile,Instagram,Beauty,1747.0,1,0,0,0,0.0
U06726,S06726,2026-04-20,Mobile,Direct,Shoes,1299.0,1,1,1,1,1299.0
U08784,S08784,2026-04-20,Mobile,Instagram,Home,1586.0,1,0,0,0,0.0
U09055,S09055,2026-04-20,Desktop,Google,Beauty,1139.0,1,0,0,0,0.0
U05800,S05800,2026-04-20,Mobile,Direct,Shoes,2414.0,1,0,0,0,0.0
U10950,S10950,2026-04-20,Mobile,Direct,Shoes,1636.0,1,0,0,0,0.0
U09798,S09798,2026-04-20,Mobile,Direct,Home,2808.0,1,0,0,0,0.0
U09956,S09956,2026-04-20,Mobile,Email,Beauty,5391.0,1,0,0,0,0.0
U09090,S09090,2026-04-20,Mobile,Instagram,Shoes,1192.0,1,0,0,0,0.0
U03111,S03111,2026-04-20,Mobile,Google,Home,860.0,1,0,0,0,0.0
U06920,S06920,2026-04-20,Mobile,Instagram,Home,2240.0,1,1,1,0,0.0
U11645,S11645,2026-04-20,Mobile,Instagram,Shoes,8041.0,1,1,0,0,0.0
U11119,S11119,2026-04-20,Mobile,Instagram,Beauty,2217.0,1,0,0,0,0.0
U08432,S08432,2026-04-20,Mobile,Direct,Electronics,1251.0,1,1,1,1,1251.0
U11086,S11086,2026-04-20,Tablet,Instagram,Beauty,1093.0,1,0,0,0,0.0
U11090,S11090,2026-04-20,Mobile,Google,Beauty,1782.0,1,1,0,0,0.0
U11099,S11099,2026-04-20,Mobile,Email,Clothing,1918.0,1,0,0,0,0.0
U03509,S03509,2026-04-20,Desktop,Google,Clothing,1386.0,1,0,0,0,0.0
U08258,S08258,2026-04-20,Mobile,Instagram,Shoes,1599.0,1,1,0,0,0.0
U09971,S09971,2026-04-20,Desktop,Instagram,Shoes,3165.0,1,1,0,0,0.0
U08781,S08781,2026-04-20,Mobile,Direct,Shoes,830.0,1,0,0,0,0.0
U02576,S02576,2026-04-21,Mobile,Google,Beauty,1377.0,1,0,0,0,0.0
U05806,S05806,2026-04-21,Desktop,Facebook,Clothing,2941.0,1,1,1,1,2941.0
U08474,S08474,2026-04-21,Mobile,Facebook,Beauty,7157.0,1,0,0,0,0.0
U08967,S08967,2026-04-21,Mobile,Email,Clothing,8549.0,1,1,1,1,8549.0
U03203,S03203,2026-04-21,Desktop,Email,Clothing,3688.0,1,0,0,0,0.0
U09761,S09761,2026-04-21,Desktop,Instagram,Electronics,4239.0,1,1,0,0,0.0
U09689,S09689,2026-04-21,Mobile,Facebook,Beauty,2534.0,1,0,0,0,0.0
U10435,S10435,2026-04-21,Mobile,Instagram,Beauty,1155.0,1,0,0,0,0.0
U00818,S00818,2026-04-21,Mobile,Direct,Clothing,1707.0,1,0,0,0,0.0
U04170,S04170,2026-04-21,Mobile,Facebook,Electronics,1377.0,1,0,0,0,0.0
U07493,S07493,2026-04-21,Desktop,Google,Home,2034.0,1,0,0,0,0.0
U08680,S08680,2026-04-21,Desktop,Google,Electronics,3199.0,1,0,0,0,0.0
U11859,S11859,2026-04-21,Mobile,Direct,Electronics,11706.0,1,0,0,0,0.0
U05716,S05716,2026-04-21,Mobile,Direct,Clothing,5960.0,1,0,0,0,0.0
U00206,S00206,2026-04-21,Mobile,Email,Home,663.0,1,0,0,0,0.0
U10447,S10447,2026-04-21,Desktop,Google,Home,2511.0,1,0,0,0,0.0
U09481,S09481,2026-04-21,Tablet,Direct,Clothing,2605.0,1,0,0,0,0.0
U05732,S05732,2026-04-21,Desktop,Google,Clothing,17835.0,1,0,0,0,0.0
U08202,S08202,2026-04-21,Tablet,Google,Home,2034.0,1,1,0,0,0.0
U01680,S01680,2026-04-21,Mobile,Google,Clothing,750.0,1,0,0,0,0.0
U00094,S00094,2026-04-21,Mobile,Instagram,Shoes,679.0,1,1,0,0,0.0
U11450,S11450,2026-04-21,Mobile,Email,Beauty,3214.0,1,1,1,0,0.0
U09653,S09653,2026-04-21,Mobile,Google,Electronics,1996.0,1,0,0,0,0.0
U00884,S00884,2026-04-21,Mobile,Direct,Home,3499.0,1,0,0,0,0.0
U05444,S05444,2026-04-21,Desktop,Direct,Electronics,7024.0,1,1,1,1,7024.0
U03292,S03292,2026-04-21,Desktop,Google,Clothing,2848.0,1,1,1,1,2848.0
U11123,S11123,2026-04-21,Desktop,Google,Beauty,300.0,1,1,1,1,300.0
U01566,S01566,2026-04-21,Mobile,Direct,Shoes,7233.0,1,1,1,1,7233.0
U08946,S08946,2026-04-21,Desktop,Email,Electronics,6435.0,1,0,0,0,0.0
U05439,S05439,2026-04-21,Tablet,Google,Home,16732.0,1,1,1,0,0.0
U08844,S08844,2026-04-21,Mobile,Email,Clothing,22929.0,1,1,1,1,22929.0
U05923,S05923,2026-04-21,Desktop,Facebook,Shoes,9839.0,1,0,0,0,0.0
U02018,S02018,2026-04-21,Mobile,Google,Clothing,4010.0,1,1,0,0,0.0
U09631,S09631,2026-04-21,Desktop,Google,Home,1758.0,1,0,0,0,0.0
U03388,S03388,2026-04-21,Tablet,Google,Clothing,7180.0,1,0,0,0,0.0
U07310,S07310,2026-04-21,Mobile,Direct,Home,6655.0,1,1,1,0,0.0
U10998,S10998,2026-04-21,Desktop,Direct,Clothing,5690.0,1,0,0,0,0.0
U04153,S04153,2026-04-21,Mobile,Instagram,Home,6150.0,1,0,0,0,0.0
U07691,S07691,2026-04-21,Mobile,Email,Clothing,2245.0,1,0,0,0,0.0
U06447,S06447,2026-04-21,Desktop,Instagram,Electronics,3395.0,1,1,1,1,3395.0
U02107,S02107,2026-04-21,Desktop,Direct,Clothing,2177.0,1,1,1,1,2177.0
U11682,S11682,2026-04-21,Mobile,Google,Electronics,2560.0,1,1,0,0,0.0
U11277,S11277,2026-04-21,Mobile,Direct,Electronics,4510.0,1,1,0,0,0.0
U00215,S00215,2026-04-21,Desktop,Instagram,Shoes,3227.0,1,0,0,0,0.0
U03446,S03446,2026-04-21,Mobile,Instagram,Home,1497.0,1,0,0,0,0.0
U11912,S11912,2026-04-21,Desktop,Facebook,Home,2023.0,1,0,0,0,0.0
U08337,S08337,2026-04-21,Desktop,Instagram,Shoes,10402.0,1,1,1,1,10402.0
U00965,S00965,2026-04-21,Tablet,Instagram,Beauty,1525.0,1,1,1,1,1525.0
U05082,S05082,2026-04-21,Mobile,Instagram,Shoes,6166.0,1,0,0,0,0.0
U10715,S10715,2026-04-21,Mobile,Direct,Electronics,3056.0,1,0,0,0,0.0
U06466,S06466,2026-04-21,Desktop,Instagram,Shoes,825.0,1,1,1,1,825.0
U05395,S05395,2026-04-21,Mobile,Email,Home,1242.0,1,0,0,0,0.0
U06940,S06940,2026-04-21,Mobile,Facebook,Electronics,623.0,1,0,0,0,0.0
U06966,S06966,2026-04-21,Mobile,Facebook,Beauty,3754.0,1,1,1,0,0.0
U04794,S04794,2026-04-21,Tablet,Email,Home,3985.0,1,0,0,0,0.0
U04298,S04298,2026-04-21,Mobile,Facebook,Shoes,1901.0,1,0,0,0,0.0
U04985,S04985,2026-04-22,Mobile,Email,Shoes,3017.0,1,1,1,0,0.0
U09639,S09639,2026-04-22,Mobile,Facebook,Electronics,1015.0,1,0,0,0,0.0
U05936,S05936,2026-04-22,Mobile,Instagram,Beauty,1689.0,1,0,0,0,0.0
U01047,S01047,2026-04-22,Mobile,Email,Electronics,7836.0,1,0,0,0,0.0
U02322,S02322,2026-04-22,Mobile,Direct,Clothing,5642.0,1,1,0,0,0.0
U05884,S05884,2026-04-22,Tablet,Google,Electronics,4299.0,1,1,1,0,0.0
U07952,S07952,2026-04-22,Mobile,Email,Clothing,5128.0,1,0,0,0,0.0
U06364,S06364,2026-04-22,Mobile,Email,Beauty,5605.0,1,1,1,1,5605.0
U07514,S07514,2026-04-22,Desktop,Direct,Clothing,436.0,1,1,1,1,436.0
U08998,S08998,2026-04-22,Mobile,Direct,Electronics,2732.0,1,0,0,0,0.0
U01731,S01731,2026-04-22,Tablet,Email,Clothing,3505.0,1,1,0,0,0.0
U10910,S10910,2026-04-22,Tablet,Instagram,Electronics,4732.0,1,0,0,0,0.0
U10623,S10623,2026-04-22,Desktop,Google,Clothing,3767.0,1,1,1,1,3767.0
U04690,S04690,2026-04-22,Desktop,Direct,Beauty,8068.0,1,0,0,0,0.0
U07976,S07976,2026-04-22,Desktop,Instagram,Beauty,890.0,1,0,0,0,0.0
U04719,S04719,2026-04-22,Mobile,Email,Beauty,1125.0,1,1,1,0,0.0
U06437,S06437,2026-04-22,Mobile,Google,Home,1682.0,1,0,0,0,0.0
U00721,S00721,2026-04-22,Mobile,Google,Beauty,2235.0,1,1,1,0,0.0
U03723,S03723,2026-04-22,Desktop,Direct,Electronics,2482.0,1,0,0,0,0.0
U09638,S09638,2026-04-22,Desktop,Direct,Clothing,9105.0,1,1,1,1,9105.0
U01873,S01873,2026-04-22,Tablet,Facebook,Clothing,11611.0,1,0,0,0,0.0
U10119,S10119,2026-04-22,Mobile,Direct,Electronics,864.0,1,0,0,0,0.0
U04716,S04716,2026-04-22,Mobile,Google,Clothing,2957.0,1,1,0,0,0.0
U05145,S05145,2026-04-22,Mobile,Direct,Shoes,566.0,1,0,0,0,0.0
U10823,S10823,2026-04-22,Mobile,Instagram,Shoes,3570.0,1,0,0,0,0.0
U11415,S11415,2026-04-22,Tablet,Direct,Electronics,2237.0,1,0,0,0,0.0
U01033,S01033,2026-04-22,Mobile,Google,Beauty,2473.0,1,0,0,0,0.0
U02395,S02395,2026-04-22,Mobile,Direct,Beauty,20197.0,1,1,0,0,0.0
U03293,S03293,2026-04-22,Mobile,Direct,Clothing,1312.0,1,1,1,0,0.0
U11258,S11258,2026-04-22,Mobile,Direct,Clothing,936.0,1,0,0,0,0.0
U04822,S04822,2026-04-22,Mobile,Facebook,Clothing,4474.0,1,0,0,0,0.0
U02695,S02695,2026-04-22,Desktop,Direct,Beauty,20070.0,1,1,0,0,0.0
U08226,S08226,2026-04-22,Mobile,Direct,Electronics,2053.0,1,1,1,0,0.0
U09789,S09789,2026-04-22,Mobile,Direct,Clothing,1543.0,1,0,0,0,0.0
U03075,S03075,2026-04-22,Desktop,Email,Home,1802.0,1,1,1,1,1802.0
U00478,S00478,2026-04-22,Mobile,Email,Beauty,911.0,1,0,0,0,0.0
U08572,S08572,2026-04-22,Tablet,Google,Clothing,1797.0,1,0,0,0,0.0
U06356,S06356,2026-04-22,Mobile,Google,Shoes,3497.0,1,0,0,0,0.0
U04832,S04832,2026-04-22,Mobile,Direct,Home,1118.0,1,0,0,0,0.0
U07236,S07236,2026-04-22,Desktop,Google,Clothing,1981.0,1,1,0,0,0.0
U04355,S04355,2026-04-22,Desktop,Direct,Electronics,1080.0,1,0,0,0,0.0
U08651,S08651,2026-04-22,Mobile,Google,Shoes,8227.0,1,0,0,0,0.0
U09673,S09673,2026-04-22,Tablet,Google,Electronics,8295.0,1,0,0,0,0.0
U02891,S02891,2026-04-22,Mobile,Facebook,Clothing,2707.0,1,0,0,0,0.0
U11501,S11501,2026-04-22,Mobile,Instagram,Beauty,1089.0,1,1,1,0,0.0
U09660,S09660,2026-04-22,Mobile,Direct,Clothing,30000.0,1,0,0,0,0.0
U10990,S10990,2026-04-22,Desktop,Instagram,Home,6046.0,1,0,0,0,0.0
U11559,S11559,2026-04-22,Desktop,Google,Shoes,1431.0,1,1,0,0,0.0
U01417,S01417,2026-04-22,Mobile,Facebook,Shoes,3123.0,1,0,0,0,0.0
U03958,S03958,2026-04-22,Tablet,Email,Electronics,6983.0,1,1,1,1,6983.0
U04101,S04101,2026-04-22,Mobile,Direct,Shoes,758.0,1,0,0,0,0.0
U07304,S07304,2026-04-22,Mobile,Facebook,Clothing,300.0,1,0,0,0,0.0
U03335,S03335,2026-04-22,Mobile,Google,Home,676.0,1,0,0,0,0.0
U06538,S06538,2026-04-22,Mobile,Direct,Electronics,5301.0,1,0,0,0,0.0
U08814,S08814,2026-04-22,Tablet,Google,Electronics,1208.0,1,0,0,0,0.0
U07797,S07797,2026-04-22,Mobile,Direct,Electronics,624.0,1,1,0,0,0.0
U10229,S10229,2026-04-22,Mobile,Google,Shoes,10554.0,1,0,0,0,0.0
U02870,S02870,2026-04-22,Mobile,Google,Beauty,300.0,1,0,0,0,0.0
U02106,S02106,2026-04-22,Desktop,Instagram,Home,1539.0,1,0,0,0,0.0
U05493,S05493,2026-04-22,Mobile,Direct,Shoes,5979.0,1,0,0,0,0.0
U06630,S06630,2026-04-22,Desktop,Direct,Beauty,1271.0,1,1,1,1,1271.0
U08729,S08729,2026-04-22,Mobile,Facebook,Clothing,15569.0,1,1,0,0,0.0
U01543,S01543,2026-04-22,Mobile,Google,Clothing,810.0,1,0,0,0,0.0
U11085,S11085,2026-04-22,Mobile,Google,Electronics,1186.0,1,1,1,1,1186.0
U01714,S01714,2026-04-22,Desktop,Instagram,Beauty,6260.0,1,1,1,0,0.0
U05622,S05622,2026-04-22,Mobile,Google,Electronics,5147.0,1,0,0,0,0.0
U00162,S00162,2026-04-22,Desktop,Email,Clothing,2556.0,1,0,0,0,0.0
U02845,S02845,2026-04-22,Mobile,Google,Clothing,9828.0,1,1,0,0,0.0
U04353,S04353,2026-04-22,Desktop,Google,Shoes,2527.0,1,0,0,0,0.0
U00022,S00022,2026-04-22,Mobile,Instagram,Clothing,761.0,1,1,0,0,0.0
U09339,S09339,2026-04-22,Mobile,Direct,Clothing,6939.0,1,0,0,0,0.0
U05207,S05207,2026-04-22,Mobile,Facebook,Home,1550.0,1,1,1,0,0.0
U07878,S07878,2026-04-22,Desktop,Email,Home,1399.0,1,0,0,0,0.0
U10759,S10759,2026-04-22,Tablet,Instagram,Electronics,460.0,1,0,0,0,0.0
U09544,S09544,2026-04-22,Mobile,Google,Beauty,5735.0,1,1,0,0,0.0
U02266,S02266,2026-04-22,Mobile,Email,Home,3525.0,1,1,1,1,3525.0
U04568,S04568,2026-04-22,Mobile,Instagram,Home,2052.0,1,0,0,0,0.0
U09765,S09765,2026-04-22,Mobile,Direct,Beauty,2764.0,1,0,0,0,0.0
U01130,S01130,2026-04-22,Tablet,Google,Beauty,6451.0,1,1,0,0,0.0
U10821,S10821,2026-04-22,Tablet,Google,Electronics,2634.0,1,0,0,0,0.0
U01760,S01760,2026-04-22,Tablet,Instagram,Home,5659.0,1,0,0,0,0.0
U02655,S02655,2026-04-23,Mobile,Google,Home,2882.0,1,1,0,0,0.0
U11877,S11877,2026-04-23,Desktop,Direct,Electronics,7507.0,1,1,1,1,7507.0
U04196,S04196,2026-04-23,Mobile,Email,Electronics,5085.0,1,0,0,0,0.0
U09530,S09530,2026-04-23,Mobile,Email,Home,2769.0,1,0,0,0,0.0
U10342,S10342,2026-04-23,Tablet,Facebook,Clothing,3506.0,1,0,0,0,0.0
U01255,S01255,2026-04-23,Mobile,Direct,Clothing,1127.0,1,0,0,0,0.0
U11471,S11471,2026-04-23,Mobile,Google,Shoes,1697.0,1,1,1,1,1697.0
U00879,S00879,2026-04-23,Mobile,Email,Home,2191.0,1,1,0,0,0.0
U01457,S01457,2026-04-23,Mobile,Google,Beauty,2626.0,1,0,0,0,0.0
U08972,S08972,2026-04-23,Mobile,Instagram,Shoes,2871.0,1,1,0,0,0.0
U06633,S06633,2026-04-23,Desktop,Direct,Shoes,1665.0,1,0,0,0,0.0
U02586,S02586,2026-04-23,Mobile,Google,Home,1909.0,1,0,0,0,0.0
U00282,S00282,2026-04-23,Mobile,Facebook,Clothing,1313.0,1,0,0,0,0.0
U00386,S00386,2026-04-23,Tablet,Instagram,Electronics,3932.0,1,0,0,0,0.0
U08935,S08935,2026-04-23,Desktop,Instagram,Beauty,4283.0,1,1,1,1,4283.0
U00126,S00126,2026-04-23,Mobile,Direct,Clothing,3378.0,1,0,0,0,0.0
U10266,S10266,2026-04-23,Mobile,Facebook,Beauty,2612.0,1,0,0,0,0.0
U04097,S04097,2026-04-23,Mobile,Instagram,Shoes,300.0,1,0,0,0,0.0
U10632,S10632,2026-04-23,Mobile,Direct,Clothing,724.0,1,0,0,0,0.0
U11550,S11550,2026-04-23,Desktop,Instagram,Electronics,1081.0,1,1,0,0,0.0
U00039,S00039,2026-04-23,Mobile,Direct,Home,1336.0,1,0,0,0,0.0
U09487,S09487,2026-04-23,Desktop,Direct,Electronics,6056.0,1,0,0,0,0.0
U03129,S03129,2026-04-23,Desktop,Google,Home,1346.0,1,1,0,0,0.0
U06203,S06203,2026-04-23,Mobile,Google,Home,3303.0,1,0,0,0,0.0
U06568,S06568,2026-04-23,Mobile,Google,Home,769.0,1,0,0,0,0.0
U11286,S11286,2026-04-23,Mobile,Google,Electronics,6422.0,1,0,0,0,0.0
U09428,S09428,2026-04-23,Mobile,Direct,Beauty,1439.0,1,1,0,0,0.0
U04848,S04848,2026-04-23,Desktop,Google,Home,19019.0,1,1,0,0,0.0
U04060,S04060,2026-04-23,Desktop,Instagram,Electronics,471.0,1,0,0,0,0.0
U09364,S09364,2026-04-23,Mobile,Email,Electronics,1648.0,1,0,0,0,0.0
U02071,S02071,2026-04-23,Desktop,Direct,Home,1537.0,1,1,0,0,0.0
U04117,S04117,2026-04-23,Mobile,Google,Electronics,6643.0,1,1,1,0,0.0
U06732,S06732,2026-04-23,Mobile,Google,Clothing,1147.0,1,1,1,1,1147.0
U10479,S10479,2026-04-23,Mobile,Instagram,Home,864.0,1,0,0,0,0.0
U08806,S08806,2026-04-23,Mobile,Facebook,Clothing,2628.0,1,0,0,0,0.0
U03350,S03350,2026-04-23,Mobile,Google,Home,2531.0,1,1,1,0,0.0
U00513,S00513,2026-04-23,Mobile,Google,Home,6152.0,1,0,0,0,0.0
U06176,S06176,2026-04-23,Tablet,Google,Clothing,842.0,1,0,0,0,0.0
U09125,S09125,2026-04-23,Desktop,Facebook,Clothing,2303.0,1,1,1,1,2303.0
U10193,S10193,2026-04-23,Mobile,Google,Clothing,7355.0,1,1,1,0,0.0
U03795,S03795,2026-04-23,Mobile,Instagram,Clothing,3801.0,1,0,0,0,0.0
U09807,S09807,2026-04-23,Desktop,Google,Clothing,869.0,1,0,0,0,0.0
U06485,S06485,2026-04-23,Tablet,Direct,Clothing,4586.0,1,0,0,0,0.0
U08118,S08118,2026-04-23,Mobile,Google,Home,1087.0,1,0,0,0,0.0
U01499,S01499,2026-04-23,Mobile,Google,Shoes,3863.0,1,1,0,0,0.0
U02119,S02119,2026-04-23,Mobile,Direct,Beauty,892.0,1,0,0,0,0.0
U08607,S08607,2026-04-23,Mobile,Instagram,Clothing,847.0,1,0,0,0,0.0
U00327,S00327,2026-04-23,Desktop,Email,Electronics,1587.0,1,0,0,0,0.0
U01040,S01040,2026-04-23,Mobile,Facebook,Electronics,2846.0,1,1,1,0,0.0
U09693,S09693,2026-04-23,Desktop,Direct,Beauty,3339.0,1,0,0,0,0.0
U01354,S01354,2026-04-23,Mobile,Direct,Clothing,2140.0,1,0,0,0,0.0
U08113,S08113,2026-04-23,Tablet,Instagram,Electronics,1448.0,1,0,0,0,0.0
U03646,S03646,2026-04-23,Desktop,Google,Beauty,6776.0,1,0,0,0,0.0
U04918,S04918,2026-04-23,Desktop,Google,Clothing,636.0,1,0,0,0,0.0
U01617,S01617,2026-04-23,Mobile,Google,Clothing,1798.0,1,0,0,0,0.0
U07943,S07943,2026-04-23,Desktop,Google,Electronics,2053.0,1,0,0,0,0.0
U11337,S11337,2026-04-23,Mobile,Direct,Beauty,2383.0,1,1,1,1,2383.0
U10262,S10262,2026-04-23,Tablet,Facebook,Home,3312.0,1,0,0,0,0.0
U11161,S11161,2026-04-23,Mobile,Google,Clothing,2714.0,1,0,0,0,0.0
U10892,S10892,2026-04-23,Mobile,Google,Shoes,1058.0,1,0,0,0,0.0
U00542,S00542,2026-04-23,Mobile,Email,Shoes,1296.0,1,0,0,0,0.0
U03452,S03452,2026-04-23,Mobile,Direct,Beauty,2611.0,1,0,0,0,0.0
U02096,S02096,2026-04-23,Mobile,Instagram,Shoes,1257.0,1,0,0,0,0.0
U01289,S01289,2026-04-24,Mobile,Email,Electronics,14093.0,1,0,0,0,0.0
U04960,S04960,2026-04-24,Desktop,Google,Shoes,1380.0,1,1,1,1,1380.0
U03108,S03108,2026-04-24,Desktop,Google,Electronics,3687.0,1,0,0,0,0.0
U09684,S09684,2026-04-24,Mobile,Direct,Electronics,341.0,1,0,0,0,0.0
U07653,S07653,2026-04-24,Mobile,Email,Shoes,2657.0,1,0,0,0,0.0
U07232,S07232,2026-04-24,Mobile,Direct,Home,3234.0,1,0,0,0,0.0
U01326,S01326,2026-04-24,Desktop,Email,Shoes,446.0,1,0,0,0,0.0
U00795,S00795,2026-04-24,Mobile,Google,Home,5839.0,1,1,1,0,0.0
U07553,S07553,2026-04-24,Mobile,Email,Home,2562.0,1,0,0,0,0.0
U09278,S09278,2026-04-24,Mobile,Google,Home,1144.0,1,0,0,0,0.0
U05566,S05566,2026-04-24,Mobile,Instagram,Home,1523.0,1,1,0,0,0.0
U05533,S05533,2026-04-24,Mobile,Google,Clothing,6060.0,1,0,0,0,0.0
U07582,S07582,2026-04-24,Desktop,Instagram,Clothing,1990.0,1,0,0,0,0.0
U03341,S03341,2026-04-24,Mobile,Google,Beauty,694.0,1,1,1,1,694.0
U10092,S10092,2026-04-24,Mobile,Facebook,Beauty,12702.0,1,1,0,0,0.0
U08813,S08813,2026-04-24,Mobile,Google,Electronics,2185.0,1,1,1,1,2185.0
U07136,S07136,2026-04-24,Desktop,Direct,Clothing,1052.0,1,1,1,1,1052.0
U07572,S07572,2026-04-24,Tablet,Direct,Electronics,7351.0,1,1,1,1,7351.0
U00415,S00415,2026-04-24,Mobile,Email,Beauty,2136.0,1,1,1,0,0.0
U06064,S06064,2026-04-24,Mobile,Instagram,Clothing,6195.0,1,1,1,0,0.0
U04773,S04773,2026-04-24,Mobile,Facebook,Home,12365.0,1,0,0,0,0.0
U10912,S10912,2026-04-24,Mobile,Instagram,Clothing,1026.0,1,0,0,0,0.0
U02665,S02665,2026-04-24,Mobile,Google,Clothing,5228.0,1,1,0,0,0.0
U04939,S04939,2026-04-24,Desktop,Direct,Electronics,7313.0,1,0,0,0,0.0
U05483,S05483,2026-04-24,Mobile,Google,Beauty,3622.0,1,1,0,0,0.0
U04207,S04207,2026-04-24,Mobile,Facebook,Home,2538.0,1,0,0,0,0.0
U10949,S10949,2026-04-24,Mobile,Email,Electronics,1727.0,1,0,0,0,0.0
U06212,S06212,2026-04-24,Desktop,Direct,Clothing,560.0,1,0,0,0,0.0
U08654,S08654,2026-04-24,Mobile,Email,Shoes,4518.0,1,0,0,0,0.0
U05075,S05075,2026-04-24,Tablet,Instagram,Home,5082.0,1,0,0,0,0.0
U02688,S02688,2026-04-24,Desktop,Email,Home,3392.0,1,0,0,0,0.0
U00920,S00920,2026-04-24,Mobile,Email,Electronics,377.0,1,0,0,0,0.0
U08375,S08375,2026-04-24,Desktop,Direct,Electronics,5077.0,1,0,0,0,0.0
U02026,S02026,2026-04-24,Mobile,Instagram,Shoes,6676.0,1,0,0,0,0.0
U02436,S02436,2026-04-24,Tablet,Direct,Clothing,1665.0,1,1,1,0,0.0
U07985,S07985,2026-04-24,Desktop,Email,Clothing,363.0,1,0,0,0,0.0
U11512,S11512,2026-04-24,Tablet,Direct,Electronics,24970.0,1,0,0,0,0.0
U07707,S07707,2026-04-24,Mobile,Direct,Shoes,7110.0,1,0,0,0,0.0
U10143,S10143,2026-04-24,Mobile,Facebook,Shoes,7111.0,1,0,0,0,0.0
U00536,S00536,2026-04-24,Mobile,Facebook,Clothing,2698.0,1,0,0,0,0.0
U03845,S03845,2026-04-24,Tablet,Facebook,Clothing,1701.0,1,0,0,0,0.0
U03152,S03152,2026-04-24,Mobile,Facebook,Beauty,3834.0,1,0,0,0,0.0
U00252,S00252,2026-04-24,Desktop,Google,Beauty,2120.0,1,0,0,0,0.0
U02601,S02601,2026-04-24,Mobile,Direct,Shoes,1566.0,1,1,1,1,1566.0
U10559,S10559,2026-04-24,Desktop,Instagram,Clothing,9707.0,1,0,0,0,0.0
U08000,S08000,2026-04-24,Tablet,Google,Shoes,2405.0,1,1,0,0,0.0
U04564,S04564,2026-04-24,Desktop,Instagram,Electronics,7775.0,1,0,0,0,0.0
U05158,S05158,2026-04-24,Mobile,Facebook,Home,2887.0,1,0,0,0,0.0
U00363,S00363,2026-04-24,Mobile,Google,Beauty,1577.0,1,0,0,0,0.0
U09444,S09444,2026-04-24,Mobile,Direct,Beauty,1205.0,1,1,1,1,1205.0
U04177,S04177,2026-04-24,Mobile,Direct,Beauty,2154.0,1,0,0,0,0.0
U06753,S06753,2026-04-24,Desktop,Facebook,Shoes,1595.0,1,1,0,0,0.0
U04261,S04261,2026-04-24,Tablet,Google,Electronics,2101.0,1,1,1,1,2101.0
U04581,S04581,2026-04-24,Desktop,Direct,Home,9294.0,1,0,0,0,0.0
U03591,S03591,2026-04-24,Desktop,Instagram,Beauty,3530.0,1,1,1,1,3530.0
U05063,S05063,2026-04-24,Mobile,Direct,Electronics,1188.0,1,1,1,1,1188.0
U01521,S01521,2026-04-24,Mobile,Email,Electronics,3299.0,1,0,0,0,0.0
U05333,S05333,2026-04-24,Mobile,Google,Shoes,1853.0,1,0,0,0,0.0
U03389,S03389,2026-04-24,Mobile,Email,Home,432.0,1,0,0,0,0.0
U10045,S10045,2026-04-24,Mobile,Direct,Beauty,3013.0,1,0,0,0,0.0
U05803,S05803,2026-04-24,Desktop,Instagram,Shoes,679.0,1,1,1,1,679.0
U01874,S01874,2026-04-24,Tablet,Facebook,Home,1202.0,1,0,0,0,0.0
U01948,S01948,2026-04-24,Tablet,Google,Shoes,1693.0,1,0,0,0,0.0
U11788,S11788,2026-04-24,Mobile,Facebook,Home,3227.0,1,0,0,0,0.0
U02847,S02847,2026-04-24,Mobile,Google,Electronics,17594.0,1,0,0,0,0.0
U01508,S01508,2026-04-24,Mobile,Direct,Home,593.0,1,0,0,0,0.0
U04432,S04432,2026-04-24,Desktop,Google,Shoes,2172.0,1,1,1,1,2172.0
U02858,S02858,2026-04-24,Mobile,Google,Clothing,6973.0,1,0,0,0,0.0
U11649,S11649,2026-04-24,Mobile,Google,Home,25803.0,1,0,0,0,0.0
U01273,S01273,2026-04-24,Mobile,Facebook,Beauty,2607.0,1,0,0,0,0.0
U04288,S04288,2026-04-24,Mobile,Instagram,Shoes,5873.0,1,0,0,0,0.0
U07798,S07798,2026-04-24,Desktop,Google,Electronics,10390.0,1,0,0,0,0.0
U04462,S04462,2026-04-24,Mobile,Facebook,Electronics,3088.0,1,0,0,0,0.0
U08602,S08602,2026-04-24,Mobile,Facebook,Clothing,2354.0,1,0,0,0,0.0
U08060,S08060,2026-04-24,Desktop,Facebook,Clothing,2014.0,1,0,0,0,0.0
U02359,S02359,2026-04-24,Tablet,Google,Beauty,3561.0,1,1,1,0,0.0
U10953,S10953,2026-04-24,Mobile,Direct,Clothing,9707.0,1,0,0,0,0.0
U09285,S09285,2026-04-25,Mobile,Direct,Home,11501.0,1,0,0,0,0.0
U04744,S04744,2026-04-25,Mobile,Email,Clothing,1648.0,1,0,0,0,0.0
U00634,S00634,2026-04-25,Mobile,Instagram,Home,2873.0,1,0,0,0,0.0
U04435,S04435,2026-04-25,Mobile,Google,Electronics,4226.0,1,1,1,0,0.0
U05940,S05940,2026-04-25,Desktop,Direct,Clothing,569.0,1,1,0,0,0.0
U00210,S00210,2026-04-25,Mobile,Google,Clothing,21587.0,1,1,1,0,0.0
U10497,S10497,2026-04-25,Mobile,Instagram,Electronics,1768.0,1,0,0,0,0.0
U07619,S07619,2026-04-25,Desktop,Google,Electronics,7548.0,1,1,1,1,7548.0
U04346,S04346,2026-04-25,Tablet,Google,Clothing,1033.0,1,1,1,0,0.0
U08303,S08303,2026-04-25,Mobile,Instagram,Electronics,1131.0,1,0,0,0,0.0
U09504,S09504,2026-04-25,Mobile,Direct,Beauty,1548.0,1,1,1,1,1548.0
U11909,S11909,2026-04-25,Mobile,Instagram,Home,3645.0,1,1,0,0,0.0
U02617,S02617,2026-04-25,Mobile,Instagram,Shoes,2935.0,1,1,0,0,0.0
U06475,S06475,2026-04-25,Mobile,Email,Beauty,361.0,1,1,1,1,361.0
U04068,S04068,2026-04-25,Desktop,Direct,Home,3519.0,1,0,0,0,0.0
U09831,S09831,2026-04-25,Desktop,Google,Home,3094.0,1,1,1,1,3094.0
U11924,S11924,2026-04-25,Desktop,Instagram,Home,4401.0,1,1,1,1,4401.0
U11896,S11896,2026-04-25,Mobile,Instagram,Electronics,1172.0,1,0,0,0,0.0
U00502,S00502,2026-04-25,Desktop,Google,Shoes,778.0,1,1,0,0,0.0
U04542,S04542,2026-04-25,Mobile,Instagram,Electronics,2205.0,1,0,0,0,0.0
U09378,S09378,2026-04-25,Mobile,Google,Shoes,1968.0,1,0,0,0,0.0
U04475,S04475,2026-04-25,Mobile,Instagram,Clothing,3068.0,1,0,0,0,0.0
U08645,S08645,2026-04-25,Mobile,Direct,Electronics,1779.0,1,0,0,0,0.0
U00696,S00696,2026-04-25,Mobile,Direct,Electronics,2015.0,1,0,0,0,0.0
U07879,S07879,2026-04-25,Tablet,Google,Beauty,2853.0,1,0,0,0,0.0
U03941,S03941,2026-04-25,Mobile,Instagram,Home,1385.0,1,1,1,0,0.0
U11866,S11866,2026-04-25,Mobile,Direct,Clothing,926.0,1,1,1,1,926.0
U07100,S07100,2026-04-25,Mobile,Google,Shoes,3103.0,1,0,0,0,0.0
U11018,S11018,2026-04-25,Mobile,Email,Beauty,5035.0,1,0,0,0,0.0
U03866,S03866,2026-04-25,Mobile,Google,Clothing,1120.0,1,1,0,0,0.0
U00409,S00409,2026-04-25,Mobile,Email,Home,1736.0,1,1,0,0,0.0
U02984,S02984,2026-04-25,Mobile,Email,Clothing,877.0,1,0,0,0,0.0
U04102,S04102,2026-04-25,Desktop,Instagram,Beauty,3851.0,1,1,0,0,0.0
U02341,S02341,2026-04-25,Mobile,Email,Beauty,796.0,1,0,0,0,0.0
U07991,S07991,2026-04-25,Mobile,Instagram,Home,2425.0,1,0,0,0,0.0
U05380,S05380,2026-04-25,Desktop,Instagram,Clothing,402.0,1,1,1,0,0.0
U08481,S08481,2026-04-25,Mobile,Instagram,Electronics,1223.0,1,0,0,0,0.0
U10772,S10772,2026-04-25,Mobile,Google,Shoes,6435.0,1,0,0,0,0.0
U02130,S02130,2026-04-25,Mobile,Google,Clothing,5151.0,1,1,0,0,0.0
U01967,S01967,2026-04-25,Desktop,Instagram,Home,1476.0,1,1,1,1,1476.0
U03016,S03016,2026-04-25,Desktop,Facebook,Clothing,1439.0,1,0,0,0,0.0
U00785,S00785,2026-04-25,Tablet,Email,Shoes,2122.0,1,1,1,1,2122.0
U00063,S00063,2026-04-25,Mobile,Direct,Clothing,5156.0,1,0,0,0,0.0
U09702,S09702,2026-04-25,Mobile,Direct,Home,12828.0,1,1,0,0,0.0
U07357,S07357,2026-04-25,Desktop,Google,Shoes,1771.0,1,1,0,0,0.0
U10126,S10126,2026-04-25,Mobile,Google,Clothing,12321.0,1,0,0,0,0.0
U05066,S05066,2026-04-25,Mobile,Google,Shoes,4885.0,1,1,1,0,0.0
U08467,S08467,2026-04-25,Mobile,Direct,Beauty,2013.0,1,1,0,0,0.0
U02500,S02500,2026-04-25,Mobile,Facebook,Shoes,2035.0,1,0,0,0,0.0
U09833,S09833,2026-04-25,Desktop,Direct,Clothing,4172.0,1,0,0,0,0.0
U11362,S11362,2026-04-25,Mobile,Facebook,Clothing,1978.0,1,0,0,0,0.0
U08747,S08747,2026-04-25,Desktop,Google,Clothing,1082.0,1,1,0,0,0.0
U11689,S11689,2026-04-25,Mobile,Facebook,Electronics,1399.0,1,1,1,1,1399.0
U05554,S05554,2026-04-25,Mobile,Instagram,Shoes,2171.0,1,0,0,0,0.0
U09095,S09095,2026-04-25,Mobile,Email,Electronics,9679.0,1,0,0,0,0.0
U03311,S03311,2026-04-25,Tablet,Email,Shoes,15188.0,1,0,0,0,0.0
U08877,S08877,2026-04-25,Desktop,Facebook,Beauty,3742.0,1,0,0,0,0.0
U00079,S00079,2026-04-25,Mobile,Google,Shoes,5246.0,1,1,1,0,0.0
U06149,S06149,2026-04-25,Desktop,Direct,Shoes,4423.0,1,1,1,0,0.0
U06421,S06421,2026-04-25,Mobile,Facebook,Shoes,5501.0,1,0,0,0,0.0
U00311,S00311,2026-04-25,Mobile,Facebook,Beauty,649.0,1,0,0,0,0.0
U04268,S04268,2026-04-26,Desktop,Google,Electronics,3822.0,1,0,0,0,0.0
U10136,S10136,2026-04-26,Mobile,Google,Shoes,4709.0,1,0,0,0,0.0
U03195,S03195,2026-04-26,Desktop,Email,Clothing,1640.0,1,0,0,0,0.0
U02908,S02908,2026-04-26,Mobile,Google,Electronics,6429.0,1,0,0,0,0.0
U06342,S06342,2026-04-26,Desktop,Direct,Shoes,1591.0,1,0,0,0,0.0
U00856,S00856,2026-04-26,Mobile,Email,Home,3225.0,1,1,0,0,0.0
U09706,S09706,2026-04-26,Mobile,Google,Electronics,300.0,1,0,0,0,0.0
U01532,S01532,2026-04-26,Mobile,Google,Electronics,619.0,1,1,1,0,0.0
U08502,S08502,2026-04-26,Desktop,Google,Home,7915.0,1,1,1,1,7915.0
U05192,S05192,2026-04-26,Desktop,Instagram,Electronics,13112.0,1,1,0,0,0.0
U08069,S08069,2026-04-26,Mobile,Instagram,Electronics,710.0,1,0,0,0,0.0
U10675,S10675,2026-04-26,Tablet,Google,Electronics,687.0,1,1,1,1,687.0
U03599,S03599,2026-04-26,Tablet,Direct,Clothing,2466.0,1,0,0,0,0.0
U09550,S09550,2026-04-26,Mobile,Instagram,Home,1549.0,1,0,0,0,0.0
U06885,S06885,2026-04-26,Tablet,Instagram,Shoes,1317.0,1,0,0,0,0.0
U03164,S03164,2026-04-26,Desktop,Instagram,Beauty,8846.0,1,1,0,0,0.0
U06849,S06849,2026-04-26,Mobile,Facebook,Beauty,6091.0,1,0,0,0,0.0
U06328,S06328,2026-04-26,Mobile,Email,Shoes,4465.0,1,0,0,0,0.0
U01206,S01206,2026-04-26,Mobile,Instagram,Electronics,431.0,1,0,0,0,0.0
U10668,S10668,2026-04-26,Mobile,Direct,Shoes,821.0,1,1,0,0,0.0
U04831,S04831,2026-04-26,Mobile,Google,Home,5640.0,1,0,0,0,0.0
U05259,S05259,2026-04-26,Mobile,Instagram,Home,4551.0,1,1,1,1,4551.0
U03249,S03249,2026-04-26,Desktop,Email,Electronics,4071.0,1,1,1,1,4071.0
U02816,S02816,2026-04-26,Mobile,Instagram,Electronics,4658.0,1,0,0,0,0.0
U07210,S07210,2026-04-26,Desktop,Facebook,Electronics,3996.0,1,0,0,0,0.0
U09136,S09136,2026-04-26,Desktop,Instagram,Electronics,2363.0,1,0,0,0,0.0
U04136,S04136,2026-04-26,Mobile,Direct,Home,4644.0,1,1,0,0,0.0
U08120,S08120,2026-04-26,Desktop,Google,Beauty,377.0,1,1,1,0,0.0
U05638,S05638,2026-04-26,Desktop,Google,Shoes,2554.0,1,0,0,0,0.0
U06174,S06174,2026-04-26,Mobile,Facebook,Clothing,4521.0,1,0,0,0,0.0
U01777,S01777,2026-04-26,Desktop,Instagram,Beauty,2685.0,1,0,0,0,0.0
U00516,S00516,2026-04-26,Mobile,Direct,Clothing,1011.0,1,0,0,0,0.0
U08263,S08263,2026-04-26,Desktop,Google,Beauty,1926.0,1,1,1,1,1926.0
U07887,S07887,2026-04-26,Mobile,Google,Clothing,1542.0,1,0,0,0,0.0
U04334,S04334,2026-04-26,Mobile,Direct,Home,629.0,1,0,0,0,0.0
U04323,S04323,2026-04-26,Mobile,Google,Electronics,3666.0,1,1,1,1,3666.0
U06168,S06168,2026-04-26,Mobile,Direct,Electronics,3466.0,1,1,0,0,0.0
U03616,S03616,2026-04-26,Desktop,Direct,Electronics,2626.0,1,1,1,1,2626.0
U09679,S09679,2026-04-26,Mobile,Google,Home,638.0,1,1,0,0,0.0
U00388,S00388,2026-04-26,Tablet,Email,Shoes,2030.0,1,1,1,0,0.0
U06841,S06841,2026-04-26,Desktop,Direct,Beauty,3017.0,1,0,0,0,0.0
U03796,S03796,2026-04-26,Desktop,Direct,Home,2574.0,1,0,0,0,0.0
U05287,S05287,2026-04-26,Desktop,Email,Beauty,6791.0,1,0,0,0,0.0
U08931,S08931,2026-04-26,Mobile,Direct,Beauty,1102.0,1,0,0,0,0.0
U00906,S00906,2026-04-26,Desktop,Facebook,Home,1686.0,1,1,0,0,0.0
U07295,S07295,2026-04-26,Desktop,Google,Beauty,1127.0,1,0,0,0,0.0
U07246,S07246,2026-04-26,Tablet,Google,Home,14399.0,1,0,0,0,0.0
U09533,S09533,2026-04-26,Tablet,Email,Electronics,5486.0,1,1,1,1,5486.0
U01358,S01358,2026-04-26,Mobile,Google,Shoes,2092.0,1,0,0,0,0.0
U00166,S00166,2026-04-26,Mobile,Google,Electronics,1432.0,1,1,1,0,0.0
U02481,S02481,2026-04-26,Mobile,Direct,Clothing,13930.0,1,1,0,0,0.0
U11536,S11536,2026-04-26,Mobile,Direct,Electronics,2219.0,1,0,0,0,0.0
U07819,S07819,2026-04-26,Tablet,Direct,Home,8956.0,1,1,0,0,0.0
U05364,S05364,2026-04-26,Desktop,Google,Home,1802.0,1,0,0,0,0.0
U06027,S06027,2026-04-26,Mobile,Email,Beauty,3472.0,1,0,0,0,0.0
U11268,S11268,2026-04-26,Desktop,Email,Shoes,940.0,1,1,1,1,940.0
U05961,S05961,2026-04-26,Mobile,Instagram,Clothing,8897.0,1,1,1,1,8897.0
U10110,S10110,2026-04-26,Mobile,Direct,Electronics,2528.0,1,0,0,0,0.0
U00314,S00314,2026-04-26,Mobile,Instagram,Shoes,1375.0,1,1,1,0,0.0
U09004,S09004,2026-04-26,Mobile,Direct,Clothing,1390.0,1,0,0,0,0.0
U01741,S01741,2026-04-26,Mobile,Email,Electronics,7844.0,1,0,0,0,0.0
U00608,S00608,2026-04-26,Mobile,Facebook,Clothing,3209.0,1,0,0,0,0.0
U06378,S06378,2026-04-26,Desktop,Instagram,Home,4345.0,1,0,0,0,0.0
U01594,S01594,2026-04-26,Mobile,Google,Shoes,2399.0,1,0,0,0,0.0
U07536,S07536,2026-04-26,Tablet,Direct,Clothing,2696.0,1,0,0,0,0.0
U11318,S11318,2026-04-26,Mobile,Email,Clothing,1100.0,1,0,0,0,0.0
U06862,S06862,2026-04-26,Desktop,Google,Shoes,1344.0,1,0,0,0,0.0
U03501,S03501,2026-04-26,Mobile,Email,Shoes,368.0,1,0,0,0,0.0
U03020,S03020,2026-04-26,Mobile,Instagram,Shoes,5074.0,1,1,0,0,0.0
U03938,S03938,2026-04-26,Desktop,Email,Clothing,4014.0,1,0,0,0,0.0
U08322,S08322,2026-04-26,Mobile,Direct,Electronics,1788.0,1,0,0,0,0.0
U02629,S02629,2026-04-26,Mobile,Direct,Electronics,1288.0,1,0,0,0,0.0
U11869,S11869,2026-04-26,Mobile,Google,Clothing,4980.0,1,1,1,1,4980.0
U09064,S09064,2026-04-26,Desktop,Email,Shoes,6202.0,1,0,0,0,0.0
U05068,S05068,2026-04-26,Mobile,Instagram,Beauty,4313.0,1,1,1,1,4313.0
U04926,S04926,2026-04-26,Mobile,Facebook,Clothing,4378.0,1,1,1,1,4378.0
U00042,S00042,2026-04-26,Desktop,Direct,Clothing,2875.0,1,0,0,0,0.0
U00947,S00947,2026-04-26,Desktop,Google,Electronics,9415.0,1,1,1,1,9415.0
U11858,S11858,2026-04-27,Mobile,Instagram,Shoes,1611.0,1,0,0,0,0.0
U04186,S04186,2026-04-27,Desktop,Google,Clothing,6585.0,1,1,0,0,0.0
U07124,S07124,2026-04-27,Desktop,Google,Clothing,5085.0,1,1,0,0,0.0
U09658,S09658,2026-04-27,Mobile,Instagram,Electronics,11887.0,1,0,0,0,0.0
U06939,S06939,2026-04-27,Mobile,Google,Shoes,9209.0,1,1,1,1,9209.0
U04508,S04508,2026-04-27,Mobile,Google,Shoes,1160.0,1,0,0,0,0.0
U11317,S11317,2026-04-27,Mobile,Google,Beauty,11215.0,1,1,1,0,0.0
U08246,S08246,2026-04-27,Mobile,Google,Home,5012.0,1,1,1,1,5012.0
U07339,S07339,2026-04-27,Mobile,Direct,Shoes,7282.0,1,0,0,0,0.0
U00199,S00199,2026-04-27,Mobile,Instagram,Electronics,2586.0,1,0,0,0,0.0
U10735,S10735,2026-04-27,Mobile,Facebook,Home,5315.0,1,0,0,0,0.0
U00728,S00728,2026-04-27,Mobile,Direct,Home,546.0,1,0,0,0,0.0
U10745,S10745,2026-04-27,Desktop,Facebook,Home,2338.0,1,0,0,0,0.0
U06265,S06265,2026-04-27,Mobile,Instagram,Shoes,478.0,1,1,1,1,478.0
U07203,S07203,2026-04-27,Mobile,Google,Home,1049.0,1,1,0,0,0.0
U05988,S05988,2026-04-27,Mobile,Google,Clothing,1070.0,1,0,0,0,0.0
U08327,S08327,2026-04-27,Desktop,Google,Electronics,2788.0,1,1,1,1,2788.0
U08642,S08642,2026-04-27,Tablet,Facebook,Home,546.0,1,0,0,0,0.0
U04385,S04385,2026-04-27,Desktop,Instagram,Clothing,3231.0,1,0,0,0,0.0
U09949,S09949,2026-04-27,Desktop,Instagram,Electronics,2133.0,1,1,1,1,2133.0
U08936,S08936,2026-04-27,Tablet,Email,Home,2499.0,1,1,1,1,2499.0
U09886,S09886,2026-04-27,Desktop,Google,Home,3095.0,1,1,1,1,3095.0
U01925,S01925,2026-04-27,Mobile,Direct,Clothing,1845.0,1,0,0,0,0.0
U06226,S06226,2026-04-27,Mobile,Direct,Shoes,6539.0,1,0,0,0,0.0
U09682,S09682,2026-04-27,Mobile,Direct,Electronics,1514.0,1,0,0,0,0.0
U09034,S09034,2026-04-27,Desktop,Direct,Home,2838.0,1,1,1,0,0.0
U10832,S10832,2026-04-27,Mobile,Direct,Electronics,1800.0,1,0,0,0,0.0
U04762,S04762,2026-04-27,Mobile,Direct,Shoes,1027.0,1,1,1,0,0.0
U11839,S11839,2026-04-27,Desktop,Email,Home,763.0,1,1,1,1,763.0
U04958,S04958,2026-04-27,Mobile,Instagram,Shoes,862.0,1,0,0,0,0.0
U06636,S06636,2026-04-27,Mobile,Direct,Clothing,3166.0,1,0,0,0,0.0
U11088,S11088,2026-04-27,Mobile,Direct,Home,5162.0,1,1,1,1,5162.0
U02223,S02223,2026-04-27,Mobile,Direct,Clothing,2030.0,1,0,0,0,0.0
U11109,S11109,2026-04-27,Mobile,Google,Beauty,1166.0,1,0,0,0,0.0
U02153,S02153,2026-04-27,Desktop,Facebook,Clothing,2081.0,1,1,1,0,0.0
U06412,S06412,2026-04-27,Desktop,Email,Clothing,4124.0,1,1,0,0,0.0
U05473,S05473,2026-04-27,Tablet,Email,Electronics,2491.0,1,1,1,1,2491.0
U05331,S05331,2026-04-27,Desktop,Instagram,Clothing,2628.0,1,1,1,1,2628.0
U09342,S09342,2026-04-27,Mobile,Google,Electronics,1551.0,1,0,0,0,0.0
U05637,S05637,2026-04-27,Mobile,Google,Clothing,1756.0,1,1,1,1,1756.0
U10134,S10134,2026-04-27,Desktop,Google,Shoes,4878.0,1,0,0,0,0.0
U06648,S06648,2026-04-27,Mobile,Facebook,Shoes,2403.0,1,1,1,1,2403.0
U04092,S04092,2026-04-27,Desktop,Facebook,Shoes,2172.0,1,0,0,0,0.0
U08772,S08772,2026-04-27,Tablet,Google,Electronics,3397.0,1,1,0,0,0.0
U00860,S00860,2026-04-27,Mobile,Email,Clothing,1999.0,1,0,0,0,0.0
U07902,S07902,2026-04-27,Desktop,Instagram,Clothing,2042.0,1,1,0,0,0.0
U06613,S06613,2026-04-27,Mobile,Instagram,Home,3590.0,1,0,0,0,0.0
U00362,S00362,2026-04-27,Mobile,Instagram,Home,7659.0,1,0,0,0,0.0
U03342,S03342,2026-04-27,Desktop,Facebook,Beauty,3591.0,1,0,0,0,0.0
U10546,S10546,2026-04-27,Desktop,Direct,Beauty,1577.0,1,0,0,0,0.0
U07974,S07974,2026-04-27,Mobile,Direct,Electronics,5915.0,1,0,0,0,0.0
U10857,S10857,2026-04-27,Desktop,Google,Electronics,1373.0,1,1,1,1,1373.0
U11905,S11905,2026-04-27,Mobile,Facebook,Beauty,11006.0,1,0,0,0,0.0
U11048,S11048,2026-04-27,Mobile,Instagram,Beauty,883.0,1,0,0,0,0.0
U10067,S10067,2026-04-27,Mobile,Facebook,Clothing,3819.0,1,1,0,0,0.0
U00653,S00653,2026-04-27,Desktop,Google,Electronics,3359.0,1,1,1,1,3359.0
U01733,S01733,2026-04-27,Desktop,Instagram,Clothing,2186.0,1,0,0,0,0.0
U09019,S09019,2026-04-27,Desktop,Instagram,Clothing,1834.0,1,0,0,0,0.0
U09238,S09238,2026-04-27,Desktop,Instagram,Shoes,917.0,1,1,1,1,917.0
U07248,S07248,2026-04-27,Mobile,Instagram,Clothing,2602.0,1,0,0,0,0.0
U10127,S10127,2026-04-27,Mobile,Google,Beauty,6447.0,1,1,1,0,0.0
U09266,S09266,2026-04-27,Desktop,Instagram,Shoes,3899.0,1,0,0,0,0.0
U00840,S00840,2026-04-27,Mobile,Facebook,Clothing,5048.0,1,0,0,0,0.0
U09751,S09751,2026-04-27,Tablet,Facebook,Shoes,4099.0,1,1,1,1,4099.0
U00790,S00790,2026-04-27,Mobile,Google,Beauty,1614.0,1,1,0,0,0.0
U10280,S10280,2026-04-27,Tablet,Facebook,Shoes,3879.0,1,1,0,0,0.0
U05964,S05964,2026-04-27,Mobile,Facebook,Electronics,1227.0,1,1,1,1,1227.0
U02904,S02904,2026-04-27,Tablet,Instagram,Electronics,3948.0,1,0,0,0,0.0
U09454,S09454,2026-04-27,Desktop,Instagram,Electronics,4123.0,1,0,0,0,0.0
U08328,S08328,2026-04-27,Mobile,Email,Electronics,1651.0,1,0,0,0,0.0
U05996,S05996,2026-04-27,Mobile,Google,Beauty,2718.0,1,1,1,1,2718.0
U04365,S04365,2026-04-27,Desktop,Google,Home,4472.0,1,1,1,0,0.0
U07758,S07758,2026-04-27,Mobile,Google,Clothing,3603.0,1,0,0,0,0.0
U01507,S01507,2026-04-27,Desktop,Google,Shoes,2936.0,1,0,0,0,0.0
U05625,S05625,2026-04-27,Mobile,Facebook,Clothing,6737.0,1,1,1,1,6737.0
U01200,S01200,2026-04-27,Desktop,Instagram,Electronics,1630.0,1,1,0,0,0.0
U00999,S00999,2026-04-27,Tablet,Direct,Electronics,1752.0,1,1,1,1,1752.0
U03829,S03829,2026-04-27,Tablet,Direct,Electronics,3641.0,1,0,0,0,0.0
U10571,S10571,2026-04-27,Mobile,Instagram,Shoes,5723.0,1,1,1,1,5723.0
U07371,S07371,2026-04-27,Mobile,Email,Clothing,985.0,1,0,0,0,0.0
U10279,S10279,2026-04-27,Mobile,Google,Clothing,2099.0,1,0,0,0,0.0
U02264,S02264,2026-04-27,Mobile,Google,Clothing,3798.0,1,1,1,0,0.0
U01961,S01961,2026-04-27,Mobile,Facebook,Clothing,3287.0,1,0,0,0,0.0
U05346,S05346,2026-04-27,Mobile,Google,Beauty,2455.0,1,0,0,0,0.0
U11977,S11977,2026-04-28,Mobile,Facebook,Home,4441.0,1,0,0,0,0.0
U04415,S04415,2026-04-28,Mobile,Instagram,Shoes,5669.0,1,1,0,0,0.0
U09112,S09112,2026-04-28,Mobile,Email,Home,10198.0,1,0,0,0,0.0
U10815,S10815,2026-04-28,Mobile,Facebook,Beauty,15839.0,1,0,0,0,0.0
U06995,S06995,2026-04-28,Desktop,Instagram,Electronics,3630.0,1,0,0,0,0.0
U04865,S04865,2026-04-28,Desktop,Direct,Home,300.0,1,0,0,0,0.0
U10329,S10329,2026-04-28,Mobile,Direct,Beauty,4183.0,1,0,0,0,0.0
U09359,S09359,2026-04-28,Mobile,Google,Shoes,1924.0,1,0,0,0,0.0
U02339,S02339,2026-04-28,Mobile,Instagram,Shoes,2436.0,1,0,0,0,0.0
U00549,S00549,2026-04-28,Desktop,Google,Beauty,552.0,1,1,1,1,552.0
U02296,S02296,2026-04-28,Mobile,Facebook,Beauty,4030.0,1,1,0,0,0.0
U10757,S10757,2026-04-28,Desktop,Instagram,Clothing,571.0,1,0,0,0,0.0
U08296,S08296,2026-04-28,Mobile,Google,Electronics,922.0,1,0,0,0,0.0
U07627,S07627,2026-04-28,Tablet,Direct,Home,11017.0,1,0,0,0,0.0
U10316,S10316,2026-04-28,Desktop,Google,Electronics,1517.0,1,0,0,0,0.0
U00055,S00055,2026-04-28,Desktop,Facebook,Home,2214.0,1,0,0,0,0.0
U01081,S01081,2026-04-28,Mobile,Instagram,Clothing,1199.0,1,0,0,0,0.0
U06187,S06187,2026-04-28,Desktop,Instagram,Electronics,335.0,1,0,0,0,0.0
U03315,S03315,2026-04-28,Mobile,Instagram,Home,1896.0,1,1,1,1,1896.0
U11341,S11341,2026-04-28,Mobile,Direct,Beauty,3923.0,1,1,0,0,0.0
U06916,S06916,2026-04-28,Desktop,Google,Home,694.0,1,0,0,0,0.0
U08850,S08850,2026-04-28,Tablet,Google,Shoes,4743.0,1,1,0,0,0.0
U06896,S06896,2026-04-28,Mobile,Instagram,Electronics,1554.0,1,0,0,0,0.0
U08167,S08167,2026-04-28,Desktop,Google,Clothing,482.0,1,0,0,0,0.0
U02648,S02648,2026-04-28,Desktop,Direct,Beauty,2252.0,1,0,0,0,0.0
U10652,S10652,2026-04-28,Mobile,Google,Clothing,2981.0,1,0,0,0,0.0
U05396,S05396,2026-04-28,Mobile,Facebook,Beauty,5635.0,1,0,0,0,0.0
U03202,S03202,2026-04-28,Tablet,Instagram,Beauty,2196.0,1,1,0,0,0.0
U04992,S04992,2026-04-28,Desktop,Google,Clothing,8038.0,1,1,1,1,8038.0
U01840,S01840,2026-04-28,Desktop,Instagram,Clothing,1529.0,1,0,0,0,0.0
U02005,S02005,2026-04-28,Mobile,Google,Shoes,2676.0,1,1,0,0,0.0
U08526,S08526,2026-04-28,Desktop,Direct,Electronics,4586.0,1,0,0,0,0.0
U11212,S11212,2026-04-28,Desktop,Email,Shoes,498.0,1,0,0,0,0.0
U08521,S08521,2026-04-28,Mobile,Facebook,Home,3399.0,1,1,1,1,3399.0
U11218,S11218,2026-04-28,Mobile,Facebook,Clothing,4042.0,1,0,0,0,0.0
U11222,S11222,2026-04-28,Desktop,Facebook,Shoes,1374.0,1,0,0,0,0.0
U02684,S02684,2026-04-28,Mobile,Direct,Clothing,12823.0,1,0,0,0,0.0
U03328,S03328,2026-04-28,Desktop,Google,Shoes,2583.0,1,1,1,0,0.0
U07412,S07412,2026-04-28,Desktop,Google,Electronics,1587.0,1,0,0,0,0.0
U04612,S04612,2026-04-28,Mobile,Instagram,Shoes,300.0,1,0,0,0,0.0
U06957,S06957,2026-04-28,Mobile,Instagram,Beauty,1622.0,1,1,1,0,0.0
U04691,S04691,2026-04-28,Mobile,Google,Beauty,3632.0,1,0,0,0,0.0
U07421,S07421,2026-04-28,Mobile,Direct,Clothing,1455.0,1,0,0,0,0.0
U11799,S11799,2026-04-28,Mobile,Google,Electronics,4090.0,1,0,0,0,0.0
U04627,S04627,2026-04-28,Desktop,Google,Clothing,4484.0,1,1,1,0,0.0
U05138,S05138,2026-04-28,Mobile,Google,Home,2257.0,1,0,0,0,0.0
U03954,S03954,2026-04-28,Desktop,Google,Beauty,2073.0,1,0,0,0,0.0
U02689,S02689,2026-04-28,Mobile,Direct,Clothing,3763.0,1,0,0,0,0.0
U01643,S01643,2026-04-28,Mobile,Instagram,Electronics,4399.0,1,0,0,0,0.0
U09186,S09186,2026-04-28,Tablet,Instagram,Electronics,1816.0,1,0,0,0,0.0
U04968,S04968,2026-04-28,Mobile,Instagram,Shoes,3512.0,1,0,0,0,0.0
U01877,S01877,2026-04-28,Mobile,Google,Home,10287.0,1,1,0,0,0.0
U00814,S00814,2026-04-28,Mobile,Google,Clothing,657.0,1,0,0,0,0.0
U02182,S02182,2026-04-28,Tablet,Direct,Electronics,23061.0,1,0,0,0,0.0
U06567,S06567,2026-04-28,Mobile,Email,Home,940.0,1,0,0,0,0.0
U02103,S02103,2026-04-28,Desktop,Facebook,Clothing,3343.0,1,0,0,0,0.0
U05979,S05979,2026-04-28,Mobile,Direct,Electronics,2768.0,1,0,0,0,0.0
U01697,S01697,2026-04-28,Mobile,Google,Home,2120.0,1,0,0,0,0.0
U06545,S06545,2026-04-28,Mobile,Direct,Clothing,2289.0,1,0,0,0,0.0
U05267,S05267,2026-04-28,Mobile,Google,Clothing,12122.0,1,1,0,0,0.0
U11427,S11427,2026-04-28,Desktop,Google,Shoes,2263.0,1,0,0,0,0.0
U05332,S05332,2026-04-28,Desktop,Instagram,Shoes,8128.0,1,1,0,0,0.0
U03450,S03450,2026-04-28,Desktop,Google,Beauty,1065.0,1,0,0,0,0.0
U07539,S07539,2026-04-28,Mobile,Google,Electronics,3895.0,1,0,0,0,0.0
U04285,S04285,2026-04-28,Desktop,Direct,Clothing,4985.0,1,0,0,0,0.0
U02864,S02864,2026-04-28,Mobile,Google,Shoes,1268.0,1,0,0,0,0.0
U01397,S01397,2026-04-28,Mobile,Google,Clothing,1722.0,1,0,0,0,0.0
U00231,S00231,2026-04-28,Mobile,Instagram,Electronics,3759.0,1,0,0,0,0.0
U04281,S04281,2026-04-28,Mobile,Facebook,Shoes,4184.0,1,1,1,0,0.0
U00892,S00892,2026-04-28,Tablet,Direct,Beauty,6420.0,1,0,0,0,0.0
U02854,S02854,2026-04-28,Mobile,Google,Home,7398.0,1,1,1,1,7398.0
U03560,S03560,2026-04-28,Mobile,Facebook,Clothing,1226.0,1,0,0,0,0.0
U10415,S10415,2026-04-28,Mobile,Google,Home,1008.0,1,0,0,0,0.0
U01724,S01724,2026-04-28,Mobile,Direct,Shoes,2874.0,1,0,0,0,0.0
U08314,S08314,2026-04-29,Mobile,Instagram,Shoes,3130.0,1,0,0,0,0.0
U07935,S07935,2026-04-29,Desktop,Direct,Clothing,1310.0,1,0,0,0,0.0
U09919,S09919,2026-04-29,Mobile,Google,Beauty,2501.0,1,0,0,0,0.0
U00938,S00938,2026-04-29,Mobile,Instagram,Beauty,3501.0,1,1,1,0,0.0
U11942,S11942,2026-04-29,Mobile,Direct,Beauty,830.0,1,1,0,0,0.0
U00991,S00991,2026-04-29,Desktop,Instagram,Home,16291.0,1,1,1,1,16291.0
U08451,S08451,2026-04-29,Tablet,Direct,Clothing,1229.0,1,0,0,0,0.0
U08634,S08634,2026-04-29,Desktop,Facebook,Shoes,2754.0,1,1,1,1,2754.0
U03543,S03543,2026-04-29,Desktop,Google,Shoes,6755.0,1,0,0,0,0.0
U09884,S09884,2026-04-29,Mobile,Direct,Shoes,5665.0,1,0,0,0,0.0
U08257,S08257,2026-04-29,Desktop,Direct,Clothing,2543.0,1,0,0,0,0.0
U09527,S09527,2026-04-29,Mobile,Instagram,Clothing,2453.0,1,0,0,0,0.0
U09781,S09781,2026-04-29,Mobile,Instagram,Electronics,4908.0,1,1,0,0,0.0
U00950,S00950,2026-04-29,Mobile,Direct,Electronics,2811.0,1,1,0,0,0.0
U11937,S11937,2026-04-29,Desktop,Direct,Beauty,2141.0,1,1,1,1,2141.0
U10602,S10602,2026-04-29,Desktop,Email,Home,2440.0,1,0,0,0,0.0
U02583,S02583,2026-04-29,Mobile,Instagram,Electronics,1233.0,1,0,0,0,0.0
U11147,S11147,2026-04-29,Mobile,Instagram,Electronics,2121.0,1,0,0,0,0.0
U04396,S04396,2026-04-29,Mobile,Google,Shoes,28345.0,1,0,0,0,0.0
U11569,S11569,2026-04-29,Mobile,Google,Home,1595.0,1,0,0,0,0.0
U05122,S05122,2026-04-29,Mobile,Google,Home,1124.0,1,0,0,0,0.0
U00051,S00051,2026-04-29,Mobile,Instagram,Clothing,6837.0,1,0,0,0,0.0
U11477,S11477,2026-04-29,Mobile,Google,Electronics,3335.0,1,0,0,0,0.0
U02033,S02033,2026-04-29,Mobile,Google,Beauty,3322.0,1,0,0,0,0.0
U06718,S06718,2026-04-29,Desktop,Google,Beauty,2751.0,1,0,0,0,0.0
U02681,S02681,2026-04-29,Desktop,Direct,Home,659.0,1,1,1,0,0.0
U04426,S04426,2026-04-29,Mobile,Google,Electronics,3068.0,1,1,0,0,0.0
U07324,S07324,2026-04-29,Tablet,Instagram,Home,7194.0,1,0,0,0,0.0
U00013,S00013,2026-04-29,Desktop,Facebook,Home,17043.0,1,0,0,0,0.0
U07347,S07347,2026-04-29,Mobile,Direct,Shoes,4340.0,1,1,0,0,0.0
U07349,S07349,2026-04-29,Mobile,Direct,Home,3079.0,1,1,0,0,0.0
U03101,S03101,2026-04-29,Tablet,Email,Electronics,6171.0,1,1,0,0,0.0
U09389,S09389,2026-04-29,Mobile,Direct,Shoes,9221.0,1,1,1,1,9221.0
U06971,S06971,2026-04-29,Desktop,Instagram,Beauty,815.0,1,0,0,0,0.0
U00335,S00335,2026-04-29,Mobile,Google,Shoes,2406.0,1,0,0,0,0.0
U04246,S04246,2026-04-29,Mobile,Instagram,Beauty,400.0,1,0,0,0,0.0
U07415,S07415,2026-04-29,Desktop,Google,Shoes,4236.0,1,1,1,1,4236.0
U09369,S09369,2026-04-29,Desktop,Instagram,Clothing,5812.0,1,1,1,1,5812.0
U03134,S03134,2026-04-29,Mobile,Instagram,Shoes,4427.0,1,0,0,0,0.0
U00332,S00332,2026-04-29,Mobile,Email,Home,2380.0,1,0,0,0,0.0
U03387,S03387,2026-04-29,Mobile,Google,Home,4476.0,1,0,0,0,0.0
U04726,S04726,2026-04-29,Mobile,Instagram,Shoes,346.0,1,1,1,0,0.0
U06963,S06963,2026-04-29,Mobile,Direct,Shoes,2243.0,1,0,0,0,0.0
U09365,S09365,2026-04-29,Desktop,Email,Clothing,6635.0,1,0,0,0,0.0
U05328,S05328,2026-04-29,Tablet,Instagram,Home,1152.0,1,0,0,0,0.0
U00061,S00061,2026-04-29,Desktop,Google,Electronics,1983.0,1,1,0,0,0.0
U05662,S05662,2026-04-29,Mobile,Google,Shoes,12971.0,1,0,0,0,0.0
U04484,S04484,2026-04-29,Mobile,Google,Electronics,727.0,1,0,0,0,0.0
U10734,S10734,2026-04-29,Tablet,Instagram,Shoes,849.0,1,0,0,0,0.0
U05807,S05807,2026-04-29,Desktop,Google,Electronics,2147.0,1,0,0,0,0.0
U01163,S01163,2026-04-29,Desktop,Direct,Home,1205.0,1,0,0,0,0.0
U05743,S05743,2026-04-29,Desktop,Google,Shoes,6944.0,1,1,1,0,0.0
U03786,S03786,2026-04-29,Tablet,Google,Beauty,362.0,1,1,1,0,0.0
U04128,S04128,2026-04-29,Mobile,Google,Clothing,1635.0,1,0,0,0,0.0
U05457,S05457,2026-04-29,Mobile,Direct,Shoes,1872.0,1,0,0,0,0.0
U11441,S11441,2026-04-29,Mobile,Instagram,Home,5710.0,1,0,0,0,0.0
U03270,S03270,2026-04-29,Mobile,Google,Electronics,4408.0,1,0,0,0,0.0
U05451,S05451,2026-04-29,Mobile,Instagram,Home,5298.0,1,0,0,0,0.0
U11213,S11213,2026-04-29,Mobile,Instagram,Shoes,10919.0,1,0,0,0,0.0
U02651,S02651,2026-04-29,Tablet,Email,Clothing,1429.0,1,0,0,0,0.0
U10940,S10940,2026-04-29,Desktop,Google,Shoes,721.0,1,0,0,0,0.0
U10006,S10006,2026-04-29,Mobile,Email,Shoes,5929.0,1,0,0,0,0.0
U11703,S11703,2026-04-29,Mobile,Email,Clothing,7910.0,1,0,0,0,0.0
U09967,S09967,2026-04-29,Mobile,Email,Electronics,2236.0,1,0,0,0,0.0
U10558,S10558,2026-04-29,Mobile,Facebook,Electronics,1059.0,1,1,0,0,0.0
U05135,S05135,2026-04-29,Desktop,Google,Shoes,2496.0,1,0,0,0,0.0
U10824,S10824,2026-04-29,Mobile,Facebook,Shoes,4155.0,1,0,0,0,0.0
U11694,S11694,2026-04-29,Mobile,Google,Shoes,3871.0,1,0,0,0,0.0
U06476,S06476,2026-04-29,Mobile,Google,Shoes,8052.0,1,1,0,0,0.0
U04663,S04663,2026-04-29,Mobile,Google,Shoes,14192.0,1,1,1,1,14192.0
U00493,S00493,2026-04-29,Desktop,Instagram,Clothing,749.0,1,1,0,0,0.0
U07891,S07891,2026-04-30,Mobile,Email,Clothing,3956.0,1,0,0,0,0.0
U08063,S08063,2026-04-30,Mobile,Google,Beauty,4677.0,1,1,0,0,0.0
U03199,S03199,2026-04-30,Mobile,Google,Home,1567.0,1,1,0,0,0.0
U00480,S00480,2026-04-30,Mobile,Instagram,Clothing,14425.0,1,0,0,0,0.0
U05236,S05236,2026-04-30,Desktop,Google,Electronics,707.0,1,0,0,0,0.0
U00792,S00792,2026-04-30,Mobile,Google,Beauty,2093.0,1,0,0,0,0.0
U00793,S00793,2026-04-30,Mobile,Instagram,Home,1488.0,1,1,1,1,1488.0
U01219,S01219,2026-04-30,Desktop,Email,Clothing,7809.0,1,0,0,0,0.0
U05924,S05924,2026-04-30,Mobile,Instagram,Home,595.0,1,1,0,0,0.0
U07090,S07090,2026-04-30,Mobile,Instagram,Clothing,1441.0,1,0,0,0,0.0
U07134,S07134,2026-04-30,Mobile,Instagram,Beauty,832.0,1,0,0,0,0.0
U02051,S02051,2026-04-30,Tablet,Google,Clothing,3062.0,1,0,0,0,0.0
U06980,S06980,2026-04-30,Desktop,Direct,Clothing,6386.0,1,0,0,0,0.0
U03438,S03438,2026-04-30,Mobile,Instagram,Clothing,8050.0,1,1,1,0,0.0
U04584,S04584,2026-04-30,Tablet,Direct,Clothing,910.0,1,0,0,0,0.0
U08032,S08032,2026-04-30,Mobile,Instagram,Shoes,1637.0,1,0,0,0,0.0
U04578,S04578,2026-04-30,Mobile,Google,Shoes,723.0,1,1,1,0,0.0
U03952,S03952,2026-04-30,Tablet,Google,Clothing,1410.0,1,1,1,1,1410.0
U03639,S03639,2026-04-30,Desktop,Instagram,Shoes,1066.0,1,0,0,0,0.0
U03877,S03877,2026-04-30,Mobile,Facebook,Clothing,1912.0,1,1,1,1,1912.0
U07079,S07079,2026-04-30,Mobile,Google,Beauty,2669.0,1,0,0,0,0.0
U09721,S09721,2026-04-30,Desktop,Facebook,Shoes,2230.0,1,0,0,0,0.0
U05077,S05077,2026-04-30,Mobile,Google,Electronics,2552.0,1,0,0,0,0.0
U10232,S10232,2026-04-30,Desktop,Instagram,Shoes,3251.0,1,1,1,1,3251.0
U03382,S03382,2026-04-30,Desktop,Google,Home,1946.0,1,1,1,1,1946.0
U00525,S00525,2026-04-30,Mobile,Direct,Beauty,2733.0,1,0,0,0,0.0
U04687,S04687,2026-04-30,Mobile,Facebook,Clothing,1198.0,1,1,0,0,0.0
U06200,S06200,2026-04-30,Tablet,Google,Electronics,12545.0,1,0,0,0,0.0
U08479,S08479,2026-04-30,Mobile,Instagram,Electronics,2714.0,1,0,0,0,0.0
U00630,S00630,2026-04-30,Desktop,Direct,Electronics,2598.0,1,0,0,0,0.0
U10188,S10188,2026-04-30,Mobile,Instagram,Electronics,2788.0,1,0,0,0,0.0
U10228,S10228,2026-04-30,Mobile,Direct,Electronics,5472.0,1,1,1,0,0.0
U09694,S09694,2026-04-30,Mobile,Direct,Shoes,1480.0,1,1,1,0,0.0
U07820,S07820,2026-04-30,Mobile,Facebook,Clothing,7030.0,1,0,0,0,0.0
U05351,S05351,2026-04-30,Desktop,Google,Clothing,1024.0,1,0,0,0,0.0
U02437,S02437,2026-04-30,Mobile,Google,Electronics,3833.0,1,1,0,0,0.0
U04799,S04799,2026-04-30,Desktop,Instagram,Clothing,503.0,1,1,0,0,0.0
U03396,S03396,2026-04-30,Tablet,Facebook,Electronics,433.0,1,0,0,0,0.0
U01140,S01140,2026-04-30,Desktop,Direct,Beauty,4374.0,1,1,1,1,4374.0
U06623,S06623,2026-04-30,Mobile,Google,Shoes,3745.0,1,1,1,1,3745.0
U07456,S07456,2026-04-30,Mobile,Facebook,Home,2055.0,1,0,0,0,0.0
U10098,S10098,2026-04-30,Tablet,Facebook,Home,2900.0,1,0,0,0,0.0
U11566,S11566,2026-04-30,Mobile,Google,Electronics,1413.0,1,1,1,1,1413.0
U01559,S01559,2026-04-30,Desktop,Direct,Electronics,9814.0,1,1,1,1,9814.0
U06692,S06692,2026-04-30,Mobile,Instagram,Beauty,4141.0,1,1,1,0,0.0
U10026,S10026,2026-04-30,Mobile,Google,Clothing,683.0,1,1,1,1,683.0
U02335,S02335,2026-04-30,Mobile,Google,Beauty,1210.0,1,0,0,0,0.0
U02423,S02423,2026-04-30,Desktop,Instagram,Shoes,8089.0,1,0,0,0,0.0
U11313,S11313,2026-04-30,Mobile,Google,Electronics,1860.0,1,0,0,0,0.0
U04370,S04370,2026-04-30,Mobile,Google,Electronics,1468.0,1,0,0,0,0.0
U07746,S07746,2026-04-30,Mobile,Email,Home,7996.0,1,0,0,0,0.0
U00838,S00838,2026-04-30,Tablet,Google,Home,16232.0,1,1,1,0,0.0
U05656,S05656,2026-04-30,Mobile,Direct,Beauty,2965.0,1,0,0,0,0.0
U11007,S11007,2026-04-30,Desktop,Direct,Home,1628.0,1,1,1,0,0.0
U06509,S06509,2026-04-30,Mobile,Instagram,Beauty,6901.0,1,1,0,0,0.0
U06293,S06293,2026-04-30,Desktop,Facebook,Beauty,2743.0,1,1,0,0,0.0
U11634,S11634,2026-04-30,Mobile,Google,Home,1216.0,1,0,0,0,0.0
U01735,S01735,2026-04-30,Desktop,Direct,Clothing,1892.0,1,0,0,0,0.0
U06820,S06820,2026-04-30,Tablet,Direct,Home,743.0,1,1,1,1,743.0
U09934,S09934,2026-04-30,Mobile,Google,Electronics,7142.0,1,0,0,0,0.0
U09621,S09621,2026-04-30,Mobile,Direct,Electronics,1155.0,1,0,0,0,0.0
U07129,S07129,2026-04-30,Desktop,Google,Electronics,5010.0,1,0,0,0,0.0
U02250,S02250,2026-04-30,Mobile,Instagram,Electronics,7870.0,1,0,0,0,0.0
U06768,S06768,2026-04-30,Mobile,Facebook,Home,21519.0,1,0,0,0,0.0
U09609,S09609,2026-04-30,Tablet,Instagram,Home,1460.0,1,0,0,0,0.0
U10978,S10978,2026-04-30,Mobile,Instagram,Electronics,1485.0,1,0,0,0,0.0
U10564,S10564,2026-04-30,Mobile,Google,Electronics,2542.0,1,0,0,0,0.0
U05670,S05670,2026-04-30,Desktop,Direct,Home,5437.0,1,0,0,0,0.0
U08959,S08959,2026-04-30,Mobile,Instagram,Clothing,3593.0,1,1,1,1,3593.0
U06782,S06782,2026-04-30,Mobile,Facebook,Clothing,696.0,1,0,0,0,0.0
U05318,S05318,2026-04-30,Desktop,Google,Shoes,1474.0,1,1,1,1,1474.0
U02770,S02770,2026-04-30,Tablet,Google,Home,1564.0,1,1,0,0,0.0
U11348,S11348,2026-05-01,Mobile,Facebook,Beauty,752.0,1,1,1,0,0.0
U04857,S04857,2026-05-01,Mobile,Google,Clothing,15544.0,1,0,0,0,0.0
U02129,S02129,2026-05-01,Mobile,Facebook,Electronics,2150.0,1,0,0,0,0.0
U10541,S10541,2026-05-01,Tablet,Google,Electronics,1703.0,1,0,0,0,0.0
U09310,S09310,2026-05-01,Desktop,Instagram,Home,4639.0,1,0,0,0,0.0
U02127,S02127,2026-05-01,Mobile,Instagram,Shoes,1074.0,1,0,0,0,0.0
U03641,S03641,2026-05-01,Mobile,Google,Shoes,2270.0,1,1,0,0,0.0
U09146,S09146,2026-05-01,Desktop,Google,Shoes,8091.0,1,1,1,1,8091.0
U06640,S06640,2026-05-01,Mobile,Facebook,Home,1137.0,1,1,0,0,0.0
U06599,S06599,2026-05-01,Mobile,Google,Beauty,2711.0,1,0,0,0,0.0
U00681,S00681,2026-05-01,Mobile,Facebook,Shoes,1907.0,1,1,0,0,0.0
U03682,S03682,2026-05-01,Mobile,Instagram,Electronics,2383.0,1,0,0,0,0.0
U00572,S00572,2026-05-01,Desktop,Facebook,Electronics,7304.0,1,0,0,0,0.0
U01517,S01517,2026-05-01,Mobile,Instagram,Home,12646.0,1,0,0,0,0.0
U10733,S10733,2026-05-01,Desktop,Google,Clothing,1954.0,1,0,0,0,0.0
U03126,S03126,2026-05-01,Mobile,Email,Clothing,1914.0,1,0,0,0,0.0
U06217,S06217,2026-05-01,Mobile,Direct,Shoes,3221.0,1,0,0,0,0.0
U04693,S04693,2026-05-01,Desktop,Email,Electronics,5188.0,1,1,0,0,0.0
U11396,S11396,2026-05-01,Desktop,Instagram,Clothing,11417.0,1,0,0,0,0.0
U02183,S02183,2026-05-01,Desktop,Email,Beauty,4269.0,1,0,0,0,0.0
U04185,S04185,2026-05-01,Desktop,Google,Clothing,701.0,1,0,0,0,0.0
U06761,S06761,2026-05-01,Mobile,Instagram,Clothing,2503.0,1,0,0,0,0.0
U08716,S08716,2026-05-01,Mobile,Google,Shoes,18503.0,1,1,0,0,0.0
U04189,S04189,2026-05-01,Mobile,Facebook,Beauty,13873.0,1,0,0,0,0.0
U06112,S06112,2026-05-01,Mobile,Facebook,Home,3165.0,1,1,1,1,3165.0
U02273,S02273,2026-05-01,Desktop,Facebook,Clothing,1731.0,1,0,0,0,0.0
U06721,S06721,2026-05-01,Mobile,Facebook,Clothing,300.0,1,0,0,0,0.0
U08222,S08222,2026-05-01,Desktop,Direct,Beauty,3918.0,1,0,0,0,0.0
U11305,S11305,2026-05-01,Desktop,Google,Electronics,5235.0,1,0,0,0,0.0
U10499,S10499,2026-05-01,Desktop,Email,Electronics,3387.0,1,0,0,0,0.0
U09391,S09391,2026-05-01,Desktop,Google,Clothing,1670.0,1,0,0,0,0.0
U06325,S06325,2026-05-01,Mobile,Instagram,Electronics,1301.0,1,0,0,0,0.0
U06544,S06544,2026-05-01,Mobile,Email,Shoes,650.0,1,0,0,0,0.0
U00139,S00139,2026-05-01,Desktop,Direct,Clothing,2234.0,1,1,1,1,2234.0
U07332,S07332,2026-05-01,Desktop,Email,Home,2364.0,1,1,1,0,0.0
U01957,S01957,2026-05-01,Mobile,Google,Shoes,8444.0,1,1,0,0,0.0
U04167,S04167,2026-05-01,Mobile,Email,Clothing,2586.0,1,0,0,0,0.0
U09486,S09486,2026-05-01,Mobile,Email,Clothing,982.0,1,0,0,0,0.0
U08471,S08471,2026-05-01,Mobile,Direct,Beauty,8336.0,1,1,1,0,0.0
U01988,S01988,2026-05-01,Desktop,Facebook,Home,2524.0,1,1,1,0,0.0
U07629,S07629,2026-05-01,Mobile,Instagram,Electronics,16440.0,1,0,0,0,0.0
U09890,S09890,2026-05-01,Desktop,Direct,Electronics,5132.0,1,0,0,0,0.0
U00219,S00219,2026-05-01,Tablet,Facebook,Electronics,10680.0,1,1,1,0,0.0
U11177,S11177,2026-05-01,Mobile,Google,Electronics,2381.0,1,1,1,1,2381.0
U03286,S03286,2026-05-01,Desktop,Google,Shoes,1191.0,1,1,0,0,0.0
U04480,S04480,2026-05-01,Tablet,Instagram,Beauty,1578.0,1,0,0,0,0.0
U05733,S05733,2026-05-01,Desktop,Direct,Clothing,854.0,1,1,1,0,0.0
U08357,S08357,2026-05-01,Desktop,Google,Electronics,1934.0,1,0,0,0,0.0
U08370,S08370,2026-05-01,Mobile,Instagram,Electronics,747.0,1,1,0,0,0.0
U09479,S09479,2026-05-01,Mobile,Facebook,Clothing,1278.0,1,1,1,1,1278.0
U07484,S07484,2026-05-01,Desktop,Direct,Clothing,3177.0,1,1,0,0,0.0
U07762,S07762,2026-05-01,Tablet,Email,Electronics,2185.0,1,0,0,0,0.0
U05522,S05522,2026-05-01,Mobile,Instagram,Beauty,737.0,1,0,0,0,0.0
U05311,S05311,2026-05-01,Mobile,Direct,Beauty,7355.0,1,0,0,0,0.0
U11072,S11072,2026-05-01,Mobile,Facebook,Home,2898.0,1,0,0,0,0.0
U05812,S05812,2026-05-01,Mobile,Direct,Clothing,2189.0,1,1,1,0,0.0
U10218,S10218,2026-05-01,Mobile,Instagram,Clothing,860.0,1,0,0,0,0.0
U02921,S02921,2026-05-01,Tablet,Instagram,Clothing,2796.0,1,1,1,0,0.0
U03600,S03600,2026-05-01,Mobile,Direct,Home,1593.0,1,0,0,0,0.0
U07866,S07866,2026-05-01,Mobile,Instagram,Clothing,1572.0,1,1,0,0,0.0
U08626,S08626,2026-05-01,Mobile,Google,Electronics,4896.0,1,0,0,0,0.0
U08826,S08826,2026-05-01,Desktop,Google,Beauty,9866.0,1,0,0,0,0.0
U05469,S05469,2026-05-01,Mobile,Direct,Beauty,1705.0,1,0,0,0,0.0
U07873,S07873,2026-05-01,Mobile,Direct,Clothing,11262.0,1,0,0,0,0.0
U11764,S11764,2026-05-01,Mobile,Google,Electronics,1164.0,1,0,0,0,0.0
U00356,S00356,2026-05-01,Mobile,Instagram,Electronics,5541.0,1,0,0,0,0.0
U09280,S09280,2026-05-01,Tablet,Direct,Shoes,2535.0,1,0,0,0,0.0
U00974,S00974,2026-05-01,Desktop,Direct,Clothing,1223.0,1,1,0,0,0.0
U02713,S02713,2026-05-02,Mobile,Facebook,Shoes,14173.0,1,0,0,0,0.0
U03710,S03710,2026-05-02,Desktop,Google,Beauty,612.0,1,0,0,0,0.0
U01675,S01675,2026-05-02,Desktop,Email,Clothing,1611.0,1,1,0,0,0.0
U01424,S01424,2026-05-02,Mobile,Instagram,Clothing,2612.0,1,0,0,0,0.0
U11003,S11003,2026-05-02,Desktop,Google,Clothing,744.0,1,1,1,1,744.0
U03996,S03996,2026-05-02,Mobile,Email,Shoes,2458.0,1,0,0,0,0.0
U11107,S11107,2026-05-02,Desktop,Google,Shoes,2582.0,1,1,0,0,0.0
U07560,S07560,2026-05-02,Desktop,Google,Electronics,3842.0,1,1,1,0,0.0
U02738,S02738,2026-05-02,Mobile,Instagram,Beauty,619.0,1,0,0,0,0.0
U06560,S06560,2026-05-02,Mobile,Direct,Electronics,1794.0,1,0,0,0,0.0
U00824,S00824,2026-05-02,Desktop,Email,Electronics,2570.0,1,0,0,0,0.0
U09788,S09788,2026-05-02,Mobile,Instagram,Electronics,2041.0,1,0,0,0,0.0
U02748,S02748,2026-05-02,Mobile,Instagram,Beauty,300.0,1,0,0,0,0.0
U05478,S05478,2026-05-02,Mobile,Email,Electronics,4066.0,1,0,0,0,0.0
U04340,S04340,2026-05-02,Desktop,Google,Shoes,3711.0,1,1,0,0,0.0
U10574,S10574,2026-05-02,Mobile,Instagram,Clothing,3076.0,1,0,0,0,0.0
U02776,S02776,2026-05-02,Mobile,Google,Clothing,2191.0,1,1,0,0,0.0
U02767,S02767,2026-05-02,Mobile,Google,Shoes,19061.0,1,1,1,0,0.0
U02326,S02326,2026-05-02,Tablet,Email,Clothing,14853.0,1,1,1,0,0.0
U04967,S04967,2026-05-02,Mobile,Instagram,Clothing,2314.0,1,1,0,0,0.0
U02323,S02323,2026-05-02,Mobile,Direct,Clothing,3747.0,1,0,0,0,0.0
U07647,S07647,2026-05-02,Mobile,Direct,Shoes,2487.0,1,1,1,0,0.0
U11031,S11031,2026-05-02,Mobile,Facebook,Electronics,4838.0,1,0,0,0,0.0
U00657,S00657,2026-05-02,Desktop,Google,Home,2543.0,1,0,0,0,0.0
U05371,S05371,2026-05-02,Mobile,Instagram,Shoes,3858.0,1,0,0,0,0.0
U01668,S01668,2026-05-02,Mobile,Facebook,Beauty,8373.0,1,0,0,0,0.0
U04109,S04109,2026-05-02,Desktop,Direct,Shoes,12668.0,1,0,0,0,0.0
U01058,S01058,2026-05-02,Mobile,Email,Beauty,1807.0,1,0,0,0,0.0
U08571,S08571,2026-05-02,Desktop,Instagram,Clothing,2108.0,1,1,1,1,2108.0
U01807,S01807,2026-05-02,Mobile,Google,Home,1546.0,1,0,0,0,0.0
U05605,S05605,2026-05-02,Mobile,Google,Clothing,1053.0,1,0,0,0,0.0
U11236,S11236,2026-05-02,Mobile,Google,Electronics,2646.0,1,1,1,1,2646.0
U05011,S05011,2026-05-02,Mobile,Google,Beauty,2983.0,1,0,0,0,0.0
U08980,S08980,2026-05-02,Desktop,Direct,Electronics,5640.0,1,0,0,0,0.0
U11470,S11470,2026-05-02,Desktop,Email,Clothing,3656.0,1,0,0,0,0.0
U02683,S02683,2026-05-02,Mobile,Facebook,Beauty,721.0,1,0,0,0,0.0
U01151,S01151,2026-05-02,Mobile,Direct,Clothing,2820.0,1,1,1,0,0.0
U02149,S02149,2026-05-02,Desktop,Email,Beauty,3852.0,1,0,0,0,0.0
U04024,S04024,2026-05-02,Desktop,Email,Electronics,455.0,1,1,0,0,0.0
U02548,S02548,2026-05-02,Mobile,Google,Beauty,1471.0,1,0,0,0,0.0
U03188,S03188,2026-05-02,Desktop,Direct,Shoes,4971.0,1,0,0,0,0.0
U03189,S03189,2026-05-02,Mobile,Google,Clothing,5490.0,1,1,1,1,5490.0
U05778,S05778,2026-05-02,Mobile,Google,Clothing,3495.0,1,1,1,1,3495.0
U07367,S07367,2026-05-02,Mobile,Google,Clothing,936.0,1,0,0,0,0.0
U07374,S07374,2026-05-02,Desktop,Direct,Electronics,5256.0,1,1,1,1,5256.0
U05232,S05232,2026-05-02,Desktop,Facebook,Shoes,4929.0,1,1,1,1,4929.0
U10805,S10805,2026-05-02,Mobile,Google,Beauty,3094.0,1,0,0,0,0.0
U00366,S00366,2026-05-02,Mobile,Facebook,Electronics,917.0,1,1,1,0,0.0
U10220,S10220,2026-05-02,Desktop,Instagram,Electronics,927.0,1,1,1,1,927.0
U04700,S04700,2026-05-02,Desktop,Facebook,Electronics,6457.0,1,1,1,1,6457.0
U03174,S03174,2026-05-02,Tablet,Direct,Electronics,3036.0,1,0,0,0,0.0
U02943,S02943,2026-05-02,Desktop,Email,Clothing,3971.0,1,0,0,0,0.0
U02880,S02880,2026-05-02,Mobile,Direct,Electronics,12573.0,1,0,0,0,0.0
U04059,S04059,2026-05-02,Mobile,Direct,Beauty,2408.0,1,0,0,0,0.0
U08621,S08621,2026-05-02,Tablet,Instagram,Clothing,8033.0,1,1,1,1,8033.0
U00563,S00563,2026-05-02,Desktop,Direct,Shoes,2532.0,1,1,1,0,0.0
U00812,S00812,2026-05-02,Mobile,Direct,Clothing,995.0,1,1,1,1,995.0
U03497,S03497,2026-05-02,Desktop,Direct,Electronics,3461.0,1,0,0,0,0.0
U07085,S07085,2026-05-02,Desktop,Direct,Clothing,652.0,1,0,0,0,0.0
U07220,S07220,2026-05-02,Mobile,Instagram,Home,1723.0,1,0,0,0,0.0
U02225,S02225,2026-05-02,Desktop,Instagram,Beauty,1592.0,1,0,0,0,0.0
U09227,S09227,2026-05-02,Tablet,Instagram,Home,8854.0,1,0,0,0,0.0
U02546,S02546,2026-05-03,Mobile,Email,Clothing,12787.0,1,0,0,0,0.0
U01006,S01006,2026-05-03,Mobile,Email,Shoes,9471.0,1,0,0,0,0.0
U02844,S02844,2026-05-03,Mobile,Email,Home,922.0,1,0,0,0,0.0
U06098,S06098,2026-05-03,Mobile,Instagram,Clothing,897.0,1,1,1,1,897.0
U05878,S05878,2026-05-03,Mobile,Facebook,Beauty,5644.0,1,0,0,0,0.0
U00405,S00405,2026-05-03,Tablet,Facebook,Clothing,2220.0,1,0,0,0,0.0
U06317,S06317,2026-05-03,Mobile,Google,Electronics,3615.0,1,1,1,0,0.0
U08712,S08712,2026-05-03,Mobile,Instagram,Beauty,520.0,1,0,0,0,0.0
U05038,S05038,2026-05-03,Mobile,Google,Electronics,1745.0,1,0,0,0,0.0
U05737,S05737,2026-05-03,Mobile,Google,Home,8441.0,1,0,0,0,0.0
U11716,S11716,2026-05-03,Desktop,Google,Electronics,6923.0,1,0,0,0,0.0
U10694,S10694,2026-05-03,Mobile,Google,Electronics,4177.0,1,0,0,0,0.0
U06260,S06260,2026-05-03,Mobile,Direct,Beauty,2506.0,1,0,0,0,0.0
U02474,S02474,2026-05-03,Mobile,Google,Clothing,13053.0,1,0,0,0,0.0
U05755,S05755,2026-05-03,Mobile,Instagram,Clothing,1427.0,1,0,0,0,0.0
U01048,S01048,2026-05-03,Desktop,Email,Clothing,10196.0,1,1,1,0,0.0
U05649,S05649,2026-05-03,Mobile,Instagram,Electronics,2917.0,1,1,1,1,2917.0
U01045,S01045,2026-05-03,Mobile,Facebook,Electronics,1975.0,1,1,1,1,1975.0
U02685,S02685,2026-05-03,Mobile,Instagram,Clothing,1805.0,1,1,1,0,0.0
U05784,S05784,2026-05-03,Desktop,Facebook,Electronics,4738.0,1,1,0,0,0.0
U02762,S02762,2026-05-03,Desktop,Instagram,Home,1865.0,1,0,0,0,0.0
U01046,S01046,2026-05-03,Mobile,Direct,Home,7740.0,1,0,0,0,0.0
U01112,S01112,2026-05-03,Mobile,Google,Clothing,6345.0,1,0,0,0,0.0
U06433,S06433,2026-05-03,Mobile,Email,Shoes,3402.0,1,0,0,0,0.0
U00620,S00620,2026-05-03,Mobile,Facebook,Clothing,1064.0,1,1,0,0,0.0
U09756,S09756,2026-05-03,Mobile,Facebook,Beauty,1198.0,1,1,1,1,1198.0
U06159,S06159,2026-05-03,Mobile,Facebook,Shoes,2018.0,1,1,1,0,0.0
U02385,S02385,2026-05-03,Mobile,Google,Shoes,797.0,1,0,0,0,0.0
U01650,S01650,2026-05-03,Desktop,Instagram,Clothing,13263.0,1,1,1,1,13263.0
U04417,S04417,2026-05-03,Mobile,Instagram,Beauty,938.0,1,0,0,0,0.0
U07531,S07531,2026-05-03,Mobile,Google,Shoes,3343.0,1,1,0,0,0.0
U08865,S08865,2026-05-03,Mobile,Google,Shoes,492.0,1,0,0,0,0.0
U03961,S03961,2026-05-03,Mobile,Direct,Clothing,2802.0,1,0,0,0,0.0
U10421,S10421,2026-05-03,Mobile,Email,Shoes,6364.0,1,1,0,0,0.0
U09478,S09478,2026-05-03,Desktop,Google,Electronics,1708.0,1,0,0,0,0.0
U08649,S08649,2026-05-03,Mobile,Instagram,Clothing,5693.0,1,0,0,0,0.0
U11658,S11658,2026-05-03,Desktop,Instagram,Electronics,1235.0,1,1,1,1,1235.0
U07449,S07449,2026-05-03,Mobile,Facebook,Clothing,8282.0,1,1,0,0,0.0
U01445,S01445,2026-05-03,Mobile,Instagram,Shoes,1726.0,1,0,0,0,0.0
U10375,S10375,2026-05-03,Desktop,Google,Clothing,1461.0,1,1,1,1,1461.0
U06992,S06992,2026-05-03,Mobile,Instagram,Electronics,855.0,1,1,0,0,0.0
U08014,S08014,2026-05-03,Mobile,Instagram,Clothing,1069.0,1,1,1,0,0.0
U08606,S08606,2026-05-03,Mobile,Email,Electronics,554.0,1,0,0,0,0.0
U07117,S07117,2026-05-03,Mobile,Direct,Shoes,5125.0,1,0,0,0,0.0
U04655,S04655,2026-05-03,Mobile,Google,Beauty,4541.0,1,0,0,0,0.0
U04648,S04648,2026-05-03,Mobile,Google,Clothing,1550.0,1,0,0,0,0.0
U02088,S02088,2026-05-03,Mobile,Google,Electronics,4374.0,1,0,0,0,0.0
U08907,S08907,2026-05-03,Mobile,Direct,Clothing,3815.0,1,0,0,0,0.0
U01707,S01707,2026-05-03,Mobile,Google,Electronics,962.0,1,0,0,0,0.0
U07407,S07407,2026-05-03,Tablet,Direct,Shoes,6845.0,1,1,1,1,6845.0
U01490,S01490,2026-05-03,Mobile,Facebook,Shoes,3148.0,1,0,0,0,0.0
U08947,S08947,2026-05-03,Mobile,Instagram,Home,1363.0,1,1,0,0,0.0
U03788,S03788,2026-05-03,Mobile,Instagram,Electronics,3921.0,1,0,0,0,0.0
U08689,S08689,2026-05-03,Mobile,Email,Beauty,4290.0,1,1,0,0,0.0
U04856,S04856,2026-05-03,Tablet,Instagram,Clothing,12937.0,1,0,0,0,0.0
U08818,S08818,2026-05-03,Desktop,Facebook,Electronics,688.0,1,1,1,1,688.0
U11365,S11365,2026-05-03,Desktop,Direct,Shoes,3262.0,1,0,0,0,0.0
U09962,S09962,2026-05-03,Mobile,Facebook,Clothing,2674.0,1,1,0,0,0.0
U03564,S03564,2026-05-04,Mobile,Facebook,Shoes,1816.0,1,1,1,1,1816.0
U03758,S03758,2026-05-04,Mobile,Google,Home,989.0,1,0,0,0,0.0
U07257,S07257,2026-05-04,Mobile,Instagram,Shoes,3574.0,1,0,0,0,0.0
U04891,S04891,2026-05-04,Mobile,Google,Shoes,2938.0,1,0,0,0,0.0
U07006,S07006,2026-05-04,Mobile,Direct,Beauty,1706.0,1,0,0,0,0.0
U02962,S02962,2026-05-04,Tablet,Google,Clothing,9701.0,1,0,0,0,0.0
U09141,S09141,2026-05-04,Mobile,Instagram,Shoes,5712.0,1,0,0,0,0.0
U00459,S00459,2026-05-04,Desktop,Direct,Home,4958.0,1,0,0,0,0.0
U01696,S01696,2026-05-04,Mobile,Instagram,Clothing,958.0,1,0,0,0,0.0
U02516,S02516,2026-05-04,Desktop,Email,Electronics,1176.0,1,1,0,0,0.0
U10191,S10191,2026-05-04,Tablet,Direct,Shoes,2075.0,1,1,1,1,2075.0
U07385,S07385,2026-05-04,Mobile,Google,Clothing,3224.0,1,1,1,1,3224.0
U04526,S04526,2026-05-04,Mobile,Instagram,Beauty,3794.0,1,0,0,0,0.0
U04163,S04163,2026-05-04,Desktop,Email,Home,425.0,1,0,0,0,0.0
U09623,S09623,2026-05-04,Tablet,Google,Beauty,2497.0,1,0,0,0,0.0
U07334,S07334,2026-05-04,Desktop,Instagram,Shoes,5933.0,1,1,1,0,0.0
U01585,S01585,2026-05-04,Mobile,Instagram,Shoes,16466.0,1,0,0,0,0.0
U04670,S04670,2026-05-04,Mobile,Instagram,Clothing,5390.0,1,1,0,0,0.0
U11822,S11822,2026-05-04,Mobile,Instagram,Home,1064.0,1,0,0,0,0.0
U06532,S06532,2026-05-04,Tablet,Facebook,Home,1925.0,1,1,0,0,0.0
U11446,S11446,2026-05-04,Mobile,Instagram,Electronics,597.0,1,0,0,0,0.0
U05962,S05962,2026-05-04,Mobile,Facebook,Electronics,5825.0,1,0,0,0,0.0
U00401,S00401,2026-05-04,Mobile,Direct,Home,4707.0,1,0,0,0,0.0
U07861,S07861,2026-05-04,Mobile,Google,Electronics,5321.0,1,0,0,0,0.0
U06584,S06584,2026-05-04,Mobile,Facebook,Shoes,462.0,1,1,0,0,0.0
U01388,S01388,2026-05-04,Mobile,Direct,Home,5925.0,1,0,0,0,0.0
U03425,S03425,2026-05-04,Mobile,Instagram,Clothing,2945.0,1,0,0,0,0.0
U02944,S02944,2026-05-04,Mobile,Google,Clothing,4541.0,1,1,0,0,0.0
U08909,S08909,2026-05-04,Mobile,Google,Clothing,677.0,1,0,0,0,0.0
U09063,S09063,2026-05-04,Mobile,Instagram,Clothing,1249.0,1,0,0,0,0.0
U10242,S10242,2026-05-04,Mobile,Email,Shoes,728.0,1,0,0,0,0.0
U08623,S08623,2026-05-04,Mobile,Email,Clothing,4346.0,1,0,0,0,0.0
U09595,S09595,2026-05-04,Mobile,Instagram,Shoes,4739.0,1,0,0,0,0.0
U02636,S02636,2026-05-04,Mobile,Email,Clothing,1436.0,1,1,1,0,0.0
U09562,S09562,2026-05-04,Mobile,Direct,Electronics,1452.0,1,0,0,0,0.0
U07047,S07047,2026-05-04,Mobile,Email,Electronics,2029.0,1,0,0,0,0.0
U10939,S10939,2026-05-04,Mobile,Direct,Clothing,1341.0,1,0,0,0,0.0
U07461,S07461,2026-05-04,Mobile,Google,Clothing,543.0,1,1,0,0,0.0
U03140,S03140,2026-05-04,Mobile,Instagram,Shoes,1063.0,1,0,0,0,0.0
U06888,S06888,2026-05-04,Mobile,Google,Electronics,3007.0,1,0,0,0,0.0
U06796,S06796,2026-05-04,Mobile,Facebook,Shoes,2237.0,1,1,0,0,0.0
U07509,S07509,2026-05-04,Desktop,Google,Home,2843.0,1,1,0,0,0.0
U01812,S01812,2026-05-04,Mobile,Direct,Electronics,6796.0,1,0,0,0,0.0
U10450,S10450,2026-05-04,Mobile,Direct,Clothing,2036.0,1,1,1,1,2036.0
U02435,S02435,2026-05-04,Desktop,Google,Home,4591.0,1,0,0,0,0.0
U07562,S07562,2026-05-04,Mobile,Direct,Home,2102.0,1,0,0,0,0.0
U09611,S09611,2026-05-04,Tablet,Google,Beauty,1528.0,1,0,0,0,0.0
U08861,S08861,2026-05-04,Mobile,Google,Home,2079.0,1,0,0,0,0.0
U04896,S04896,2026-05-04,Mobile,Direct,Clothing,2269.0,1,0,0,0,0.0
U04441,S04441,2026-05-04,Mobile,Google,Beauty,14977.0,1,0,0,0,0.0
U05634,S05634,2026-05-04,Mobile,Facebook,Beauty,7131.0,1,1,0,0,0.0
U03002,S03002,2026-05-04,Mobile,Google,Clothing,501.0,1,0,0,0,0.0
U01327,S01327,2026-05-04,Mobile,Facebook,Clothing,676.0,1,1,1,1,676.0
U05379,S05379,2026-05-04,Mobile,Direct,Home,2928.0,1,0,0,0,0.0
U04152,S04152,2026-05-04,Mobile,Google,Clothing,4248.0,1,1,1,1,4248.0
U02752,S02752,2026-05-04,Desktop,Google,Beauty,2427.0,1,1,0,0,0.0
U01850,S01850,2026-05-04,Desktop,Google,Home,1708.0,1,0,0,0,0.0
U08407,S08407,2026-05-04,Mobile,Email,Beauty,511.0,1,0,0,0,0.0
U03304,S03304,2026-05-04,Tablet,Google,Clothing,2226.0,1,1,1,1,2226.0
U08233,S08233,2026-05-04,Tablet,Email,Clothing,4111.0,1,1,0,0,0.0
U04715,S04715,2026-05-04,Mobile,Google,Beauty,2245.0,1,0,0,0,0.0
U05382,S05382,2026-05-04,Desktop,Instagram,Home,3179.0,1,1,1,0,0.0
U01452,S01452,2026-05-04,Mobile,Email,Electronics,1577.0,1,0,0,0,0.0
U06877,S06877,2026-05-04,Mobile,Google,Beauty,10109.0,1,1,1,1,10109.0
U11169,S11169,2026-05-04,Desktop,Google,Electronics,2951.0,1,0,0,0,0.0
U09850,S09850,2026-05-04,Mobile,Google,Electronics,300.0,1,0,0,0,0.0
U01096,S01096,2026-05-04,Mobile,Instagram,Beauty,4490.0,1,1,0,0,0.0
U03633,S03633,2026-05-04,Mobile,Google,Shoes,4846.0,1,0,0,0,0.0
U00133,S00133,2026-05-04,Mobile,Instagram,Home,987.0,1,0,0,0,0.0
U04248,S04248,2026-05-04,Mobile,Google,Electronics,7811.0,1,0,0,0,0.0
U05169,S05169,2026-05-04,Mobile,Direct,Shoes,2330.0,1,1,0,0,0.0
U00229,S00229,2026-05-04,Desktop,Direct,Electronics,1236.0,1,0,0,0,0.0
U03537,S03537,2026-05-04,Mobile,Instagram,Electronics,473.0,1,1,1,1,473.0
U07971,S07971,2026-05-05,Desktop,Facebook,Beauty,4390.0,1,1,1,1,4390.0
U05795,S05795,2026-05-05,Desktop,Direct,Shoes,2973.0,1,1,1,1,2973.0
U02877,S02877,2026-05-05,Mobile,Facebook,Beauty,2154.0,1,1,1,1,2154.0
U04176,S04176,2026-05-05,Mobile,Direct,Electronics,1744.0,1,0,0,0,0.0
U09883,S09883,2026-05-05,Desktop,Direct,Shoes,10228.0,1,0,0,0,0.0
U11601,S11601,2026-05-05,Desktop,Facebook,Shoes,1165.0,1,0,0,0,0.0
U09467,S09467,2026-05-05,Mobile,Direct,Shoes,2331.0,1,0,0,0,0.0
U10249,S10249,2026-05-05,Mobile,Facebook,Clothing,10500.0,1,0,0,0,0.0
U02672,S02672,2026-05-05,Mobile,Google,Shoes,14136.0,1,0,0,0,0.0
U01174,S01174,2026-05-05,Desktop,Instagram,Home,1817.0,1,0,0,0,0.0
U01454,S01454,2026-05-05,Tablet,Instagram,Electronics,2823.0,1,1,1,1,2823.0
U11016,S11016,2026-05-05,Mobile,Instagram,Shoes,1019.0,1,0,0,0,0.0
U07637,S07637,2026-05-05,Mobile,Direct,Electronics,8536.0,1,1,0,0,0.0
U03204,S03204,2026-05-05,Desktop,Direct,Clothing,1853.0,1,1,1,1,1853.0
U07316,S07316,2026-05-05,Mobile,Google,Electronics,5932.0,1,0,0,0,0.0
U09291,S09291,2026-05-05,Mobile,Direct,Shoes,5007.0,1,0,0,0,0.0
U00043,S00043,2026-05-05,Desktop,Facebook,Beauty,1181.0,1,1,0,0,0.0
U05349,S05349,2026-05-05,Desktop,Google,Clothing,3989.0,1,0,0,0,0.0
U03724,S03724,2026-05-05,Mobile,Direct,Electronics,1217.0,1,0,0,0,0.0
U05643,S05643,2026-05-05,Desktop,Instagram,Clothing,2831.0,1,0,0,0,0.0
U01726,S01726,2026-05-05,Mobile,Facebook,Electronics,1966.0,1,0,0,0,0.0
U05432,S05432,2026-05-05,Mobile,Google,Shoes,787.0,1,1,1,0,0.0
U11797,S11797,2026-05-05,Mobile,Email,Beauty,2506.0,1,0,0,0,0.0
U00644,S00644,2026-05-05,Mobile,Google,Shoes,4635.0,1,1,1,0,0.0
U06163,S06163,2026-05-05,Mobile,Facebook,Electronics,2166.0,1,0,0,0,0.0
U09531,S09531,2026-05-05,Mobile,Facebook,Electronics,1985.0,1,1,1,0,0.0
U00086,S00086,2026-05-05,Mobile,Direct,Shoes,1653.0,1,0,0,0,0.0
U05071,S05071,2026-05-05,Mobile,Facebook,Home,1568.0,1,0,0,0,0.0
U06927,S06927,2026-05-05,Mobile,Facebook,Beauty,918.0,1,1,1,1,918.0
U10378,S10378,2026-05-05,Mobile,Direct,Electronics,2269.0,1,0,0,0,0.0
U03629,S03629,2026-05-05,Desktop,Direct,Shoes,4913.0,1,0,0,0,0.0
U09821,S09821,2026-05-05,Desktop,Google,Shoes,2122.0,1,0,0,0,0.0
U03511,S03511,2026-05-05,Tablet,Google,Home,1324.0,1,0,0,0,0.0
U08937,S08937,2026-05-05,Mobile,Google,Electronics,2829.0,1,0,0,0,0.0
U00600,S00600,2026-05-05,Desktop,Instagram,Clothing,883.0,1,0,0,0,0.0
U03536,S03536,2026-05-05,Desktop,Google,Clothing,13798.0,1,0,0,0,0.0
U06353,S06353,2026-05-05,Desktop,Email,Shoes,1275.0,1,1,1,1,1275.0
U06340,S06340,2026-05-05,Desktop,Instagram,Shoes,1102.0,1,1,0,0,0.0
U07003,S07003,2026-05-05,Mobile,Facebook,Home,4311.0,1,0,0,0,0.0
U00622,S00622,2026-05-05,Mobile,Direct,Clothing,1836.0,1,0,0,0,0.0
U01148,S01148,2026-05-05,Desktop,Google,Clothing,8698.0,1,0,0,0,0.0
U02589,S02589,2026-05-05,Mobile,Email,Electronics,3431.0,1,0,0,0,0.0
U07014,S07014,2026-05-05,Desktop,Email,Electronics,5587.0,1,1,1,1,5587.0
U11356,S11356,2026-05-05,Mobile,Google,Clothing,3134.0,1,1,0,0,0.0
U00351,S00351,2026-05-05,Mobile,Direct,Beauty,4773.0,1,0,0,0,0.0
U04899,S04899,2026-05-05,Desktop,Facebook,Clothing,5284.0,1,1,1,1,5284.0
U04182,S04182,2026-05-05,Mobile,Direct,Electronics,3301.0,1,0,0,0,0.0
U03313,S03313,2026-05-05,Mobile,Instagram,Home,4968.0,1,1,0,0,0.0
U09408,S09408,2026-05-05,Mobile,Facebook,Electronics,1450.0,1,1,0,0,0.0
U04658,S04658,2026-05-05,Mobile,Google,Shoes,1830.0,1,0,0,0,0.0
U09049,S09049,2026-05-05,Tablet,Google,Clothing,1242.0,1,1,1,1,1242.0
U04984,S04984,2026-05-06,Mobile,Google,Shoes,3710.0,1,0,0,0,0.0
U02749,S02749,2026-05-06,Mobile,Facebook,Electronics,2828.0,1,0,0,0,0.0
U04418,S04418,2026-05-06,Mobile,Direct,Electronics,4486.0,1,1,1,1,4486.0
U10516,S10516,2026-05-06,Mobile,Google,Electronics,6990.0,1,1,1,0,0.0
U01868,S01868,2026-05-06,Mobile,Direct,Home,6008.0,1,0,0,0,0.0
U08443,S08443,2026-05-06,Mobile,Instagram,Electronics,2423.0,1,1,1,1,2423.0
U00631,S00631,2026-05-06,Tablet,Instagram,Beauty,1090.0,1,0,0,0,0.0
U04318,S04318,2026-05-06,Desktop,Email,Shoes,431.0,1,1,1,0,0.0
U08135,S08135,2026-05-06,Mobile,Direct,Clothing,1046.0,1,0,0,0,0.0
U03104,S03104,2026-05-06,Desktop,Google,Home,1584.0,1,0,0,0,0.0
U01623,S01623,2026-05-06,Desktop,Direct,Clothing,2475.0,1,0,0,0,0.0
U07504,S07504,2026-05-06,Mobile,Facebook,Shoes,2454.0,1,0,0,0,0.0
U11115,S11115,2026-05-06,Desktop,Google,Electronics,758.0,1,1,1,1,758.0
U11151,S11151,2026-05-06,Mobile,Google,Clothing,604.0,1,0,0,0,0.0
U11359,S11359,2026-05-06,Mobile,Instagram,Clothing,1423.0,1,0,0,0,0.0
U04386,S04386,2026-05-06,Desktop,Instagram,Shoes,785.0,1,0,0,0,0.0
U06644,S06644,2026-05-06,Mobile,Google,Beauty,5679.0,1,1,1,0,0.0
U08158,S08158,2026-05-06,Mobile,Direct,Electronics,6977.0,1,0,0,0,0.0
U11607,S11607,2026-05-06,Desktop,Instagram,Clothing,3795.0,1,1,1,1,3795.0
U11739,S11739,2026-05-06,Mobile,Google,Home,5551.0,1,0,0,0,0.0
U01382,S01382,2026-05-06,Mobile,Instagram,Shoes,808.0,1,0,0,0,0.0
U09197,S09197,2026-05-06,Mobile,Google,Shoes,8184.0,1,0,0,0,0.0
U05585,S05585,2026-05-06,Desktop,Google,Home,3811.0,1,1,0,0,0.0
U11308,S11308,2026-05-06,Desktop,Email,Clothing,3040.0,1,1,0,0,0.0
U09264,S09264,2026-05-06,Desktop,Google,Electronics,1610.0,1,1,1,1,1610.0
U10677,S10677,2026-05-06,Mobile,Instagram,Home,580.0,1,0,0,0,0.0
U07725,S07725,2026-05-06,Desktop,Google,Shoes,15242.0,1,1,1,1,15242.0
U08398,S08398,2026-05-06,Desktop,Facebook,Electronics,4250.0,1,0,0,0,0.0
U06614,S06614,2026-05-06,Mobile,Facebook,Clothing,3229.0,1,0,0,0,0.0
U07721,S07721,2026-05-06,Mobile,Instagram,Electronics,1519.0,1,0,0,0,0.0
U08687,S08687,2026-05-06,Desktop,Facebook,Electronics,5003.0,1,0,0,0,0.0
U03712,S03712,2026-05-06,Desktop,Instagram,Clothing,2096.0,1,0,0,0,0.0
U04004,S04004,2026-05-06,Mobile,Google,Clothing,3565.0,1,0,0,0,0.0
U05601,S05601,2026-05-06,Mobile,Email,Clothing,1090.0,1,0,0,0,0.0
U04519,S04519,2026-05-06,Desktop,Instagram,Home,559.0,1,1,0,0,0.0
U11814,S11814,2026-05-06,Tablet,Instagram,Clothing,2019.0,1,1,1,1,2019.0
U00343,S00343,2026-05-06,Desktop,Google,Home,2064.0,1,0,0,0,0.0
U05123,S05123,2026-05-06,Mobile,Email,Home,529.0,1,1,1,1,529.0
U04675,S04675,2026-05-06,Desktop,Instagram,Shoes,2741.0,1,1,0,0,0.0
U03463,S03463,2026-05-06,Mobile,Direct,Electronics,1103.0,1,0,0,0,0.0
U01993,S01993,2026-05-06,Mobile,Email,Clothing,2498.0,1,0,0,0,0.0
U11750,S11750,2026-05-06,Desktop,Direct,Shoes,2691.0,1,1,1,0,0.0
U05777,S05777,2026-05-06,Desktop,Email,Home,3213.0,1,1,1,0,0.0
U04676,S04676,2026-05-06,Mobile,Facebook,Home,10120.0,1,1,1,0,0.0
U08264,S08264,2026-05-06,Tablet,Direct,Shoes,5036.0,1,0,0,0,0.0
U04193,S04193,2026-05-06,Mobile,Facebook,Beauty,4030.0,1,1,1,0,0.0
U00258,S00258,2026-05-06,Mobile,Google,Home,3122.0,1,0,0,0,0.0
U10767,S10767,2026-05-06,Mobile,Direct,Clothing,300.0,1,1,1,0,0.0
U02046,S02046,2026-05-06,Mobile,Google,Shoes,652.0,1,0,0,0,0.0
U08026,S08026,2026-05-06,Mobile,Instagram,Electronics,7280.0,1,0,0,0,0.0
U07311,S07311,2026-05-06,Mobile,Google,Shoes,1290.0,1,1,1,0,0.0
U01025,S01025,2026-05-06,Desktop,Google,Beauty,5272.0,1,1,0,0,0.0
U03447,S03447,2026-05-06,Desktop,Instagram,Shoes,1810.0,1,0,0,0,0.0
U08352,S08352,2026-05-06,Desktop,Instagram,Clothing,911.0,1,0,0,0,0.0
U03289,S03289,2026-05-06,Mobile,Direct,Beauty,791.0,1,0,0,0,0.0
U04642,S04642,2026-05-06,Mobile,Instagram,Electronics,5921.0,1,0,0,0,0.0
U03909,S03909,2026-05-06,Mobile,Instagram,Clothing,830.0,1,0,0,0,0.0
U05703,S05703,2026-05-06,Mobile,Google,Clothing,2002.0,1,0,0,0,0.0
U10681,S10681,2026-05-06,Mobile,Direct,Electronics,2952.0,1,0,0,0,0.0
U10282,S10282,2026-05-06,Desktop,Facebook,Clothing,3590.0,1,0,0,0,0.0
U04051,S04051,2026-05-06,Tablet,Direct,Clothing,752.0,1,0,0,0,0.0
U02698,S02698,2026-05-06,Mobile,Direct,Shoes,6890.0,1,0,0,0,0.0
U09842,S09842,2026-05-06,Mobile,Facebook,Shoes,16154.0,1,0,0,0,0.0
U11990,S11990,2026-05-06,Desktop,Direct,Electronics,1180.0,1,0,0,0,0.0
U08899,S08899,2026-05-06,Mobile,Email,Beauty,6186.0,1,1,0,0,0.0
U10707,S10707,2026-05-06,Tablet,Email,Electronics,2784.0,1,1,0,0,0.0
U05843,S05843,2026-05-06,Mobile,Direct,Home,1115.0,1,1,0,0,0.0
U05731,S05731,2026-05-06,Mobile,Instagram,Shoes,908.0,1,0,0,0,0.0
U00339,S00339,2026-05-06,Mobile,Direct,Home,5848.0,1,0,0,0,0.0
U06225,S06225,2026-05-06,Mobile,Instagram,Beauty,1858.0,1,0,0,0,0.0
U01402,S01402,2026-05-06,Mobile,Instagram,Home,5520.0,1,1,0,0,0.0
U05200,S05200,2026-05-06,Mobile,Facebook,Beauty,610.0,1,0,0,0,0.0
U09178,S09178,2026-05-07,Mobile,Direct,Shoes,1171.0,1,0,0,0,0.0
U03291,S03291,2026-05-07,Mobile,Direct,Clothing,2049.0,1,1,1,1,2049.0
U03598,S03598,2026-05-07,Desktop,Instagram,Home,6180.0,1,1,0,0,0.0
U08713,S08713,2026-05-07,Desktop,Instagram,Electronics,1760.0,1,1,1,1,1760.0
U00323,S00323,2026-05-07,Mobile,Google,Beauty,3670.0,1,0,0,0,0.0
U02963,S02963,2026-05-07,Mobile,Google,Clothing,323.0,1,0,0,0,0.0
U03257,S03257,2026-05-07,Mobile,Direct,Clothing,1440.0,1,1,0,0,0.0
U09209,S09209,2026-05-07,Mobile,Direct,Home,4461.0,1,0,0,0,0.0
U00301,S00301,2026-05-07,Desktop,Google,Shoes,1039.0,1,0,0,0,0.0
U11181,S11181,2026-05-07,Mobile,Email,Clothing,2955.0,1,1,0,0,0.0
U09319,S09319,2026-05-07,Desktop,Email,Shoes,3437.0,1,1,1,1,3437.0
U00134,S00134,2026-05-07,Mobile,Direct,Electronics,1357.0,1,0,0,0,0.0
U08530,S08530,2026-05-07,Mobile,Facebook,Clothing,1727.0,1,0,0,0,0.0
U03228,S03228,2026-05-07,Mobile,Direct,Electronics,300.0,1,1,1,0,0.0
U03088,S03088,2026-05-07,Mobile,Direct,Electronics,1046.0,1,0,0,0,0.0
U05041,S05041,2026-05-07,Mobile,Instagram,Home,1118.0,1,1,1,0,0.0
U00232,S00232,2026-05-07,Mobile,Facebook,Clothing,2576.0,1,0,0,0,0.0
U05113,S05113,2026-05-07,Desktop,Google,Home,572.0,1,1,1,1,572.0
U09176,S09176,2026-05-07,Tablet,Facebook,Shoes,5700.0,1,1,0,0,0.0
U07882,S07882,2026-05-07,Mobile,Google,Shoes,4508.0,1,1,1,0,0.0
U02410,S02410,2026-05-07,Tablet,Direct,Beauty,3045.0,1,1,1,1,3045.0
U07027,S07027,2026-05-07,Mobile,Google,Home,2567.0,1,0,0,0,0.0
U02261,S02261,2026-05-07,Desktop,Email,Shoes,1815.0,1,0,0,0,0.0
U09449,S09449,2026-05-07,Mobile,Direct,Electronics,2752.0,1,0,0,0,0.0
U02457,S02457,2026-05-07,Mobile,Google,Home,2821.0,1,0,0,0,0.0
U10680,S10680,2026-05-07,Mobile,Direct,Shoes,3742.0,1,0,0,0,0.0
U09712,S09712,2026-05-07,Mobile,Direct,Home,3259.0,1,0,0,0,0.0
U00034,S00034,2026-05-07,Mobile,Google,Shoes,2968.0,1,1,1,1,2968.0
U10017,S10017,2026-05-07,Desktop,Google,Home,5537.0,1,0,0,0,0.0
U05749,S05749,2026-05-07,Tablet,Email,Home,909.0,1,1,1,1,909.0
U10100,S10100,2026-05-07,Mobile,Google,Clothing,1604.0,1,1,1,1,1604.0
U06809,S06809,2026-05-07,Mobile,Direct,Home,7149.0,1,1,0,0,0.0
U06130,S06130,2026-05-07,Mobile,Instagram,Beauty,3915.0,1,0,0,0,0.0
U10624,S10624,2026-05-07,Mobile,Google,Shoes,3715.0,1,0,0,0,0.0
U01828,S01828,2026-05-07,Mobile,Email,Beauty,2683.0,1,1,1,1,2683.0
U07034,S07034,2026-05-07,Mobile,Direct,Home,771.0,1,0,0,0,0.0
U08342,S08342,2026-05-07,Mobile,Direct,Electronics,6710.0,1,0,0,0,0.0
U02257,S02257,2026-05-07,Desktop,Google,Beauty,1217.0,1,0,0,0,0.0
U03358,S03358,2026-05-07,Mobile,Google,Beauty,1728.0,1,0,0,0,0.0
U01631,S01631,2026-05-07,Mobile,Google,Electronics,13006.0,1,0,0,0,0.0
U07981,S07981,2026-05-07,Mobile,Google,Beauty,2187.0,1,0,0,0,0.0
U06807,S06807,2026-05-07,Mobile,Direct,Shoes,1344.0,1,1,0,0,0.0
U05947,S05947,2026-05-07,Mobile,Instagram,Beauty,4985.0,1,1,0,0,0.0
U07642,S07642,2026-05-07,Desktop,Instagram,Shoes,1434.0,1,1,1,1,1434.0
U09058,S09058,2026-05-07,Tablet,Google,Shoes,4444.0,1,0,0,0,0.0
U09686,S09686,2026-05-07,Mobile,Facebook,Beauty,811.0,1,0,0,0,0.0
U02755,S02755,2026-05-07,Desktop,Facebook,Electronics,1111.0,1,0,0,0,0.0
U07537,S07537,2026-05-07,Mobile,Direct,Home,2049.0,1,0,0,0,0.0
U09417,S09417,2026-05-07,Mobile,Email,Beauty,1574.0,1,0,0,0,0.0
U00871,S00871,2026-05-07,Desktop,Facebook,Clothing,2951.0,1,1,1,0,0.0
U09418,S09418,2026-05-07,Desktop,Direct,Shoes,454.0,1,1,0,0,0.0
U06150,S06150,2026-05-07,Desktop,Direct,Shoes,14786.0,1,0,0,0,0.0
U07260,S07260,2026-05-07,Mobile,Google,Shoes,1916.0,1,0,0,0,0.0
U08382,S08382,2026-05-07,Mobile,Direct,Clothing,6196.0,1,0,0,0,0.0
U02834,S02834,2026-05-07,Desktop,Google,Electronics,2551.0,1,0,0,0,0.0
U05970,S05970,2026-05-07,Desktop,Google,Clothing,1920.0,1,1,1,1,1920.0
U01661,S01661,2026-05-07,Mobile,Email,Electronics,300.0,1,1,1,1,300.0
U07194,S07194,2026-05-07,Mobile,Direct,Home,1822.0,1,1,0,0,0.0
U06135,S06135,2026-05-07,Mobile,Facebook,Shoes,1798.0,1,0,0,0,0.0
U02349,S02349,2026-05-07,Mobile,Facebook,Electronics,3604.0,1,1,0,0,0.0
U06143,S06143,2026-05-08,Mobile,Facebook,Shoes,1724.0,1,1,1,1,1724.0
U00087,S00087,2026-05-08,Desktop,Email,Clothing,3064.0,1,1,1,1,3064.0
U10417,S10417,2026-05-08,Mobile,Direct,Clothing,2892.0,1,0,0,0,0.0
U08764,S08764,2026-05-08,Desktop,Facebook,Electronics,2407.0,1,1,1,1,2407.0
U11879,S11879,2026-05-08,Mobile,Email,Home,599.0,1,0,0,0,0.0
U10167,S10167,2026-05-08,Desktop,Email,Home,6593.0,1,1,1,1,6593.0
U06901,S06901,2026-05-08,Mobile,Direct,Clothing,5679.0,1,1,1,0,0.0
U11777,S11777,2026-05-08,Mobile,Google,Home,847.0,1,0,0,0,0.0
U09387,S09387,2026-05-08,Desktop,Direct,Clothing,1855.0,1,1,1,0,0.0
U06794,S06794,2026-05-08,Mobile,Facebook,Electronics,1953.0,1,0,0,0,0.0
U07677,S07677,2026-05-08,Mobile,Email,Electronics,8678.0,1,0,0,0,0.0
U11474,S11474,2026-05-08,Mobile,Facebook,Clothing,1196.0,1,0,0,0,0.0
U06386,S06386,2026-05-08,Desktop,Google,Home,1418.0,1,0,0,0,0.0
U08968,S08968,2026-05-08,Mobile,Instagram,Shoes,4355.0,1,1,0,0,0.0
U11683,S11683,2026-05-08,Desktop,Email,Electronics,2125.0,1,1,1,1,2125.0
U04506,S04506,2026-05-08,Mobile,Direct,Shoes,693.0,1,0,0,0,0.0
U01367,S01367,2026-05-08,Mobile,Instagram,Home,7537.0,1,0,0,0,0.0
U02284,S02284,2026-05-08,Desktop,Direct,Beauty,9563.0,1,1,1,1,9563.0
U04846,S04846,2026-05-08,Mobile,Google,Home,2787.0,1,0,0,0,0.0
U09480,S09480,2026-05-08,Desktop,Google,Beauty,1124.0,1,1,1,1,1124.0
U04853,S04853,2026-05-08,Desktop,Google,Electronics,958.0,1,1,1,1,958.0
U05431,S05431,2026-05-08,Mobile,Google,Electronics,7521.0,1,1,1,1,7521.0
U06593,S06593,2026-05-08,Mobile,Instagram,Clothing,10300.0,1,0,0,0,0.0
U04240,S04240,2026-05-08,Desktop,Facebook,Shoes,2176.0,1,0,0,0,0.0
U09412,S09412,2026-05-08,Mobile,Direct,Clothing,1508.0,1,1,1,1,1508.0
U09881,S09881,2026-05-08,Mobile,Direct,Shoes,1279.0,1,1,0,0,0.0
U02389,S02389,2026-05-08,Desktop,Instagram,Shoes,1368.0,1,1,1,0,0.0
U07660,S07660,2026-05-08,Mobile,Google,Electronics,2873.0,1,0,0,0,0.0
U07661,S07661,2026-05-08,Mobile,Instagram,Electronics,7867.0,1,0,0,0,0.0
U07478,S07478,2026-05-08,Mobile,Instagram,Beauty,4042.0,1,0,0,0,0.0
U10583,S10583,2026-05-08,Mobile,Facebook,Clothing,3646.0,1,0,0,0,0.0
U06441,S06441,2026-05-08,Mobile,Facebook,Shoes,641.0,1,1,1,1,641.0
U10601,S10601,2026-05-08,Desktop,Direct,Clothing,7124.0,1,1,1,1,7124.0
U09404,S09404,2026-05-08,Mobile,Instagram,Beauty,5354.0,1,0,0,0,0.0
U04016,S04016,2026-05-08,Mobile,Google,Home,2955.0,1,0,0,0,0.0
U07491,S07491,2026-05-08,Tablet,Instagram,Beauty,2236.0,1,0,0,0,0.0
U05098,S05098,2026-05-08,Desktop,Instagram,Clothing,1680.0,1,1,1,1,1680.0
U06101,S06101,2026-05-08,Mobile,Instagram,Shoes,1627.0,1,0,0,0,0.0
U03380,S03380,2026-05-08,Tablet,Direct,Beauty,9176.0,1,0,0,0,0.0
U00921,S00921,2026-05-08,Mobile,Email,Electronics,2060.0,1,1,1,0,0.0
U09574,S09574,2026-05-08,Desktop,Google,Shoes,300.0,1,0,0,0,0.0
U11436,S11436,2026-05-08,Mobile,Google,Shoes,1834.0,1,1,1,0,0.0
U10367,S10367,2026-05-08,Desktop,Instagram,Beauty,1281.0,1,0,0,0,0.0
U05263,S05263,2026-05-08,Mobile,Google,Home,4776.0,1,1,0,0,0.0
U05269,S05269,2026-05-08,Desktop,Direct,Home,514.0,1,0,0,0,0.0
U11174,S11174,2026-05-08,Tablet,Instagram,Home,5964.0,1,0,0,0,0.0
U07771,S07771,2026-05-08,Mobile,Google,Electronics,2126.0,1,0,0,0,0.0
U00453,S00453,2026-05-08,Desktop,Direct,Clothing,5228.0,1,0,0,0,0.0
U08725,S08725,2026-05-08,Mobile,Instagram,Clothing,3728.0,1,0,0,0,0.0
U02708,S02708,2026-05-08,Mobile,Instagram,Shoes,1947.0,1,0,0,0,0.0
U05710,S05710,2026-05-08,Mobile,Direct,Home,2642.0,1,1,1,1,2642.0
U04558,S04558,2026-05-08,Desktop,Instagram,Shoes,2444.0,1,0,0,0,0.0
U00385,S00385,2026-05-08,Mobile,Email,Shoes,509.0,1,1,0,0,0.0
U05676,S05676,2026-05-08,Desktop,Google,Shoes,1257.0,1,1,1,1,1257.0
U11455,S11455,2026-05-08,Desktop,Google,Clothing,3471.0,1,0,0,0,0.0
U07838,S07838,2026-05-08,Desktop,Instagram,Home,3644.0,1,1,1,1,3644.0
U01558,S01558,2026-05-08,Mobile,Facebook,Beauty,959.0,1,0,0,0,0.0
U03886,S03886,2026-05-08,Mobile,Email,Shoes,2172.0,1,0,0,0,0.0
U11101,S11101,2026-05-08,Desktop,Google,Home,1316.0,1,0,0,0,0.0
U01784,S01784,2026-05-08,Mobile,Google,Home,620.0,1,0,0,0,0.0
U01842,S01842,2026-05-08,Mobile,Email,Beauty,2929.0,1,0,0,0,0.0
U10918,S10918,2026-05-08,Mobile,Google,Clothing,6672.0,1,0,0,0,0.0
U10959,S10959,2026-05-08,Mobile,Instagram,Electronics,1701.0,1,0,0,0,0.0
U04806,S04806,2026-05-08,Desktop,Facebook,Home,371.0,1,1,0,0,0.0
U03551,S03551,2026-05-08,Desktop,Direct,Electronics,4439.0,1,0,0,0,0.0
U09067,S09067,2026-05-08,Mobile,Google,Beauty,5169.0,1,0,0,0,0.0
U04058,S04058,2026-05-08,Tablet,Direct,Shoes,1257.0,1,0,0,0,0.0
U01693,S01693,2026-05-08,Mobile,Google,Clothing,2650.0,1,0,0,0,0.0
U03585,S03585,2026-05-08,Desktop,Direct,Home,7081.0,1,0,0,0,0.0
U07734,S07734,2026-05-08,Mobile,Facebook,Shoes,9841.0,1,1,0,0,0.0
U04679,S04679,2026-05-08,Mobile,Facebook,Shoes,1691.0,1,1,0,0,0.0
U03327,S03327,2026-05-08,Mobile,Google,Electronics,1628.0,1,0,0,0,0.0
U04376,S04376,2026-05-08,Mobile,Direct,Clothing,6144.0,1,0,0,0,0.0
U10900,S10900,2026-05-08,Mobile,Instagram,Clothing,728.0,1,0,0,0,0.0
U10345,S10345,2026-05-08,Mobile,Google,Electronics,2146.0,1,0,0,0,0.0
U08084,S08084,2026-05-08,Mobile,Google,Home,3165.0,1,0,0,0,0.0
U04808,S04808,2026-05-08,Mobile,Google,Beauty,947.0,1,1,1,0,0.0
U09649,S09649,2026-05-08,Mobile,Instagram,Beauty,1905.0,1,0,0,0,0.0
U09381,S09381,2026-05-08,Mobile,Direct,Electronics,1794.0,1,0,0,0,0.0
U02622,S02622,2026-05-08,Tablet,Instagram,Home,2481.0,1,0,0,0,0.0
U04046,S04046,2026-05-08,Mobile,Email,Shoes,4430.0,1,0,0,0,0.0
U03433,S03433,2026-05-09,Tablet,Facebook,Clothing,1591.0,1,0,0,0,0.0
U02034,S02034,2026-05-09,Mobile,Instagram,Shoes,9364.0,1,1,1,1,9364.0
U07240,S07240,2026-05-09,Desktop,Email,Clothing,3688.0,1,0,0,0,0.0
U09612,S09612,2026-05-09,Desktop,Google,Clothing,1044.0,1,0,0,0,0.0
U02269,S02269,2026-05-09,Desktop,Email,Home,3091.0,1,1,0,0,0.0
U04619,S04619,2026-05-09,Mobile,Email,Home,3582.0,1,0,0,0,0.0
U00262,S00262,2026-05-09,Desktop,Instagram,Home,3785.0,1,1,1,1,3785.0
U09822,S09822,2026-05-09,Desktop,Email,Home,1962.0,1,1,0,0,0.0
U04754,S04754,2026-05-09,Mobile,Direct,Shoes,1314.0,1,0,0,0,0.0
U08054,S08054,2026-05-09,Desktop,Google,Home,1768.0,1,1,1,1,1768.0
U02267,S02267,2026-05-09,Desktop,Direct,Home,3330.0,1,0,0,0,0.0
U11387,S11387,2026-05-09,Mobile,Direct,Clothing,768.0,1,1,1,1,768.0
U08002,S08002,2026-05-09,Desktop,Facebook,Clothing,5952.0,1,0,0,0,0.0
U00798,S00798,2026-05-09,Mobile,Google,Shoes,4363.0,1,0,0,0,0.0
U03847,S03847,2026-05-09,Desktop,Google,Shoes,3071.0,1,1,1,1,3071.0
U00246,S00246,2026-05-09,Desktop,Email,Shoes,17155.0,1,0,0,0,0.0
U10326,S10326,2026-05-09,Mobile,Facebook,Home,1478.0,1,0,0,0,0.0
U07998,S07998,2026-05-09,Mobile,Direct,Home,4042.0,1,1,0,0,0.0
U07056,S07056,2026-05-09,Mobile,Instagram,Shoes,1555.0,1,1,1,1,1555.0
U11818,S11818,2026-05-09,Mobile,Google,Home,7248.0,1,0,0,0,0.0
U11407,S11407,2026-05-09,Desktop,Direct,Beauty,2216.0,1,0,0,0,0.0
U11971,S11971,2026-05-09,Desktop,Facebook,Home,1294.0,1,1,1,1,1294.0
U04304,S04304,2026-05-09,Mobile,Instagram,Electronics,1060.0,1,1,1,1,1060.0
U00779,S00779,2026-05-09,Desktop,Instagram,Shoes,3322.0,1,0,0,0,0.0
U02100,S02100,2026-05-09,Mobile,Instagram,Electronics,2279.0,1,0,0,0,0.0
U10835,S10835,2026-05-09,Mobile,Facebook,Home,1019.0,1,0,0,0,0.0
U07503,S07503,2026-05-09,Mobile,Email,Shoes,10023.0,1,0,0,0,0.0
U00489,S00489,2026-05-09,Mobile,Facebook,Home,1471.0,1,0,0,0,0.0
U03085,S03085,2026-05-09,Desktop,Google,Clothing,8969.0,1,1,1,1,8969.0
U03615,S03615,2026-05-09,Mobile,Email,Home,2082.0,1,0,0,0,0.0
U09725,S09725,2026-05-09,Mobile,Google,Shoes,1574.0,1,0,0,0,0.0
U03359,S03359,2026-05-09,Desktop,Direct,Electronics,2583.0,1,0,0,0,0.0
U08330,S08330,2026-05-09,Mobile,Direct,Electronics,434.0,1,1,1,1,434.0
U05775,S05775,2026-05-09,Mobile,Direct,Clothing,889.0,1,1,0,0,0.0
U05764,S05764,2026-05-09,Tablet,Instagram,Electronics,3156.0,1,0,0,0,0.0
U05249,S05249,2026-05-09,Mobile,Instagram,Beauty,4012.0,1,0,0,0,0.0
U05255,S05255,2026-05-09,Desktop,Direct,Clothing,5669.0,1,1,1,0,0.0
U00970,S00970,2026-05-09,Mobile,Instagram,Clothing,2223.0,1,1,1,1,2223.0
U10960,S10960,2026-05-09,Tablet,Facebook,Clothing,626.0,1,0,0,0,0.0
U05706,S05706,2026-05-09,Mobile,Instagram,Shoes,15010.0,1,0,0,0,0.0
U05702,S05702,2026-05-09,Mobile,Facebook,Shoes,2633.0,1,0,0,0,0.0
U00445,S00445,2026-05-09,Mobile,Instagram,Beauty,2534.0,1,0,0,0,0.0
U10993,S10993,2026-05-09,Mobile,Direct,Electronics,1482.0,1,1,1,0,0.0
U05337,S05337,2026-05-09,Desktop,Facebook,Electronics,912.0,1,0,0,0,0.0
U02869,S02869,2026-05-09,Tablet,Email,Clothing,3079.0,1,1,0,0,0.0
U11009,S11009,2026-05-09,Mobile,Direct,Beauty,3368.0,1,0,0,0,0.0
U01554,S01554,2026-05-09,Mobile,Facebook,Electronics,3067.0,1,0,0,0,0.0
U05513,S05513,2026-05-09,Mobile,Email,Clothing,7755.0,1,1,1,1,7755.0
U05426,S05426,2026-05-09,Desktop,Facebook,Electronics,576.0,1,1,0,0,0.0
U10973,S10973,2026-05-09,Desktop,Email,Shoes,1756.0,1,0,0,0,0.0
U11579,S11579,2026-05-09,Desktop,Google,Electronics,2833.0,1,1,1,1,2833.0
U07747,S07747,2026-05-09,Mobile,Email,Clothing,4527.0,1,1,1,1,4527.0
U07930,S07930,2026-05-09,Desktop,Facebook,Home,2084.0,1,1,1,1,2084.0
U06643,S06643,2026-05-09,Mobile,Direct,Home,5399.0,1,0,0,0,0.0
U00817,S00817,2026-05-09,Desktop,Facebook,Shoes,3647.0,1,1,1,0,0.0
U07589,S07589,2026-05-09,Mobile,Google,Clothing,7325.0,1,0,0,0,0.0
U00623,S00623,2026-05-09,Tablet,Direct,Clothing,3623.0,1,1,1,0,0.0
U08196,S08196,2026-05-09,Mobile,Direct,Electronics,300.0,1,0,0,0,0.0
U11334,S11334,2026-05-09,Mobile,Instagram,Home,5683.0,1,0,0,0,0.0
U06388,S06388,2026-05-09,Mobile,Google,Shoes,1570.0,1,1,1,0,0.0
U08534,S08534,2026-05-09,Tablet,Instagram,Clothing,476.0,1,0,0,0,0.0
U06128,S06128,2026-05-09,Mobile,Google,Home,6133.0,1,0,0,0,0.0
U08667,S08667,2026-05-09,Mobile,Facebook,Beauty,9722.0,1,0,0,0,0.0
U01357,S01357,2026-05-09,Mobile,Google,Clothing,2130.0,1,1,1,1,2130.0
U04407,S04407,2026-05-09,Desktop,Google,Beauty,3398.0,1,1,1,1,3398.0
U02432,S02432,2026-05-09,Desktop,Direct,Home,1734.0,1,1,1,1,1734.0
U02999,S02999,2026-05-09,Tablet,Google,Electronics,722.0,1,1,1,1,722.0
U09022,S09022,2026-05-09,Tablet,Facebook,Electronics,2205.0,1,0,0,0,0.0
U11289,S11289,2026-05-09,Mobile,Google,Electronics,5906.0,1,0,0,0,0.0
U05039,S05039,2026-05-09,Desktop,Google,Electronics,2540.0,1,0,0,0,0.0
U02495,S02495,2026-05-09,Desktop,Google,Home,714.0,1,0,0,0,0.0
U09036,S09036,2026-05-09,Mobile,Google,Shoes,1527.0,1,1,1,1,1527.0
U01516,S01516,2026-05-09,Mobile,Direct,Clothing,814.0,1,0,0,0,0.0
U06223,S06223,2026-05-09,Mobile,Google,Home,4178.0,1,0,0,0,0.0
U10042,S10042,2026-05-10,Mobile,Instagram,Home,529.0,1,0,0,0,0.0
U03809,S03809,2026-05-10,Tablet,Google,Beauty,9169.0,1,1,0,0,0.0
U03657,S03657,2026-05-10,Mobile,Google,Clothing,728.0,1,0,0,0,0.0
U07865,S07865,2026-05-10,Desktop,Direct,Electronics,1229.0,1,1,1,0,0.0
U07648,S07648,2026-05-10,Mobile,Google,Beauty,2166.0,1,1,0,0,0.0
U07457,S07457,2026-05-10,Desktop,Instagram,Home,1276.0,1,0,0,0,0.0
U11616,S11616,2026-05-10,Mobile,Direct,Clothing,934.0,1,0,0,0,0.0
U08885,S08885,2026-05-10,Mobile,Direct,Shoes,8274.0,1,1,0,0,0.0
U04347,S04347,2026-05-10,Desktop,Instagram,Electronics,2431.0,1,0,0,0,0.0
U08008,S08008,2026-05-10,Desktop,Email,Beauty,8007.0,1,0,0,0,0.0
U09985,S09985,2026-05-10,Mobile,Google,Beauty,2821.0,1,0,0,0,0.0
U00410,S00410,2026-05-10,Tablet,Email,Home,5919.0,1,1,0,0,0.0
U08037,S08037,2026-05-10,Mobile,Instagram,Shoes,716.0,1,0,0,0,0.0
U00318,S00318,2026-05-10,Desktop,Instagram,Electronics,2212.0,1,1,0,0,0.0
U03390,S03390,2026-05-10,Mobile,Google,Electronics,1985.0,1,0,0,0,0.0
U10629,S10629,2026-05-10,Desktop,Instagram,Clothing,6442.0,1,1,1,1,6442.0
U10638,S10638,2026-05-10,Desktop,Instagram,Electronics,4504.0,1,1,0,0,0.0
U04197,S04197,2026-05-10,Mobile,Email,Clothing,2607.0,1,1,1,0,0.0
U10664,S10664,2026-05-10,Desktop,Instagram,Home,3891.0,1,0,0,0,0.0
U11299,S11299,2026-05-10,Desktop,Instagram,Home,1502.0,1,0,0,0,0.0
U06153,S06153,2026-05-10,Mobile,Google,Electronics,1448.0,1,1,1,1,1448.0
U06138,S06138,2026-05-10,Mobile,Facebook,Clothing,2647.0,1,1,0,0,0.0
U09057,S09057,2026-05-10,Desktop,Direct,Home,612.0,1,0,0,0,0.0
U02038,S02038,2026-05-10,Mobile,Google,Clothing,695.0,1,0,0,0,0.0
U05948,S05948,2026-05-10,Desktop,Instagram,Electronics,11431.0,1,0,0,0,0.0
U02646,S02646,2026-05-10,Desktop,Facebook,Beauty,6088.0,1,0,0,0,0.0
U05208,S05208,2026-05-10,Tablet,Google,Clothing,1578.0,1,0,0,0,0.0
U02693,S02693,2026-05-10,Desktop,Direct,Shoes,2293.0,1,0,0,0,0.0
U05247,S05247,2026-05-10,Mobile,Google,Beauty,8822.0,1,0,0,0,0.0
U02886,S02886,2026-05-10,Mobile,Direct,Home,1154.0,1,1,1,1,1154.0
U08365,S08365,2026-05-10,Mobile,Google,Clothing,8050.0,1,0,0,0,0.0
U08448,S08448,2026-05-10,Desktop,Google,Electronics,2777.0,1,0,0,0,0.0
U05626,S05626,2026-05-10,Mobile,Direct,Electronics,13628.0,1,0,0,0,0.0
U02849,S02849,2026-05-10,Desktop,Google,Clothing,4535.0,1,1,0,0,0.0
U05418,S05418,2026-05-10,Tablet,Direct,Home,1891.0,1,1,1,0,0.0
U05176,S05176,2026-05-10,Mobile,Instagram,Clothing,2818.0,1,0,0,0,0.0
U08190,S08190,2026-05-10,Desktop,Instagram,Clothing,5901.0,1,1,1,1,5901.0
U10573,S10573,2026-05-10,Mobile,Google,Electronics,4979.0,1,0,0,0,0.0
U01018,S01018,2026-05-10,Desktop,Instagram,Electronics,2992.0,1,0,0,0,0.0
U00732,S00732,2026-05-10,Mobile,Google,Home,4427.0,1,0,0,0,0.0
U03421,S03421,2026-05-10,Desktop,Direct,Clothing,596.0,1,0,0,0,0.0
U03137,S03137,2026-05-10,Desktop,Google,Electronics,13444.0,1,1,0,0,0.0
U08116,S08116,2026-05-10,Tablet,Instagram,Home,5195.0,1,1,1,0,0.0
U06821,S06821,2026-05-10,Desktop,Google,Home,2575.0,1,1,1,1,2575.0
U03113,S03113,2026-05-10,Desktop,Facebook,Clothing,864.0,1,0,0,0,0.0
U02376,S02376,2026-05-10,Mobile,Instagram,Clothing,1181.0,1,0,0,0,0.0
U03106,S03106,2026-05-10,Desktop,Email,Clothing,1036.0,1,1,1,1,1036.0
U08583,S08583,2026-05-10,Mobile,Google,Home,10411.0,1,0,0,0,0.0
U07122,S07122,2026-05-10,Mobile,Google,Home,1653.0,1,0,0,0,0.0
U07150,S07150,2026-05-10,Mobile,Google,Clothing,2638.0,1,1,1,1,2638.0
U03300,S03300,2026-05-10,Mobile,Facebook,Beauty,3187.0,1,1,1,0,0.0
U00648,S00648,2026-05-10,Mobile,Instagram,Beauty,1800.0,1,0,0,0,0.0
U04228,S04228,2026-05-10,Mobile,Facebook,Electronics,2433.0,1,0,0,0,0.0
U08157,S08157,2026-05-10,Desktop,Google,Electronics,2866.0,1,1,1,1,2866.0
U04224,S04224,2026-05-10,Mobile,Direct,Shoes,1054.0,1,0,0,0,0.0
U06578,S06578,2026-05-10,Desktop,Google,Clothing,9354.0,1,1,0,0,0.0
U10555,S10555,2026-05-10,Desktop,Google,Clothing,1795.0,1,0,0,0,0.0
U02090,S02090,2026-05-10,Mobile,Google,Shoes,2266.0,1,0,0,0,0.0
U06780,S06780,2026-05-10,Desktop,Google,Electronics,542.0,1,0,0,0,0.0
U03158,S03158,2026-05-10,Mobile,Instagram,Electronics,2200.0,1,0,0,0,0.0
U09333,S09333,2026-05-11,Mobile,Facebook,Shoes,1255.0,1,1,0,0,0.0
U01240,S01240,2026-05-11,Mobile,Google,Home,29522.0,1,0,0,0,0.0
U09245,S09245,2026-05-11,Mobile,Email,Shoes,8352.0,1,1,1,1,8352.0
U01372,S01372,2026-05-11,Tablet,Instagram,Electronics,6000.0,1,0,0,0,0.0
U11953,S11953,2026-05-11,Mobile,Instagram,Home,3936.0,1,0,0,0,0.0
U08985,S08985,2026-05-11,Mobile,Instagram,Electronics,9905.0,1,0,0,0,0.0
U08700,S08700,2026-05-11,Mobile,Direct,Clothing,4847.0,1,1,1,1,4847.0
U09511,S09511,2026-05-11,Mobile,Facebook,Beauty,3676.0,1,0,0,0,0.0
U01224,S01224,2026-05-11,Desktop,Google,Electronics,970.0,1,1,0,0,0.0
U09076,S09076,2026-05-11,Mobile,Google,Beauty,2128.0,1,0,0,0,0.0
U03966,S03966,2026-05-11,Mobile,Direct,Electronics,3159.0,1,0,0,0,0.0
U07961,S07961,2026-05-11,Mobile,Direct,Home,17908.0,1,0,0,0,0.0
U02468,S02468,2026-05-11,Mobile,Google,Shoes,930.0,1,1,1,0,0.0
U08325,S08325,2026-05-11,Desktop,Facebook,Electronics,4725.0,1,0,0,0,0.0
U11748,S11748,2026-05-11,Mobile,Google,Beauty,2331.0,1,1,1,1,2331.0
U00712,S00712,2026-05-11,Desktop,Google,Home,303.0,1,1,0,0,0.0
U10340,S10340,2026-05-11,Desktop,Instagram,Electronics,2165.0,1,0,0,0,0.0
U10968,S10968,2026-05-11,Tablet,Instagram,Shoes,3923.0,1,1,1,1,3923.0
U04777,S04777,2026-05-11,Mobile,Direct,Clothing,1001.0,1,1,0,0,0.0
U03728,S03728,2026-05-11,Mobile,Direct,Clothing,723.0,1,1,0,0,0.0
U09713,S09713,2026-05-11,Desktop,Email,Clothing,1548.0,1,1,1,1,1548.0
U10075,S10075,2026-05-11,Mobile,Direct,Home,811.0,1,0,0,0,0.0
U11261,S11261,2026-05-11,Mobile,Direct,Clothing,1351.0,1,1,1,1,1351.0
U05734,S05734,2026-05-11,Desktop,Google,Home,16170.0,1,0,0,0,0.0
U09699,S09699,2026-05-11,Mobile,Email,Clothing,992.0,1,1,0,0,0.0
U05740,S05740,2026-05-11,Mobile,Email,Clothing,4454.0,1,0,0,0,0.0
U02168,S02168,2026-05-11,Mobile,Direct,Shoes,605.0,1,1,0,0,0.0
U06449,S06449,2026-05-11,Desktop,Instagram,Clothing,6240.0,1,0,0,0,0.0
U03719,S03719,2026-05-11,Tablet,Instagram,Electronics,574.0,1,0,0,0,0.0
U04836,S04836,2026-05-11,Desktop,Instagram,Clothing,11545.0,1,0,0,0,0.0
U11053,S11053,2026-05-11,Desktop,Direct,Electronics,1605.0,1,1,0,0,0.0
U04123,S04123,2026-05-11,Desktop,Google,Electronics,6361.0,1,0,0,0,0.0
U10660,S10660,2026-05-11,Mobile,Direct,Shoes,2049.0,1,1,1,0,0.0
U03405,S03405,2026-05-11,Desktop,Email,Electronics,7238.0,1,0,0,0,0.0
U05180,S05180,2026-05-11,Mobile,Google,Shoes,4261.0,1,1,1,0,0.0
U03386,S03386,2026-05-11,Desktop,Email,Electronics,300.0,1,0,0,0,0.0
U07960,S07960,2026-05-11,Tablet,Direct,Shoes,1283.0,1,0,0,0,0.0
U05361,S05361,2026-05-11,Desktop,Facebook,Shoes,877.0,1,1,1,0,0.0
U02855,S02855,2026-05-11,Desktop,Direct,Electronics,828.0,1,0,0,0,0.0
U05414,S05414,2026-05-11,Mobile,Google,Electronics,4779.0,1,0,0,0,0.0
U00689,S00689,2026-05-11,Desktop,Google,Home,1403.0,1,0,0,0,0.0
U02249,S02249,2026-05-11,Mobile,Google,Electronics,3933.0,1,0,0,0,0.0
U02823,S02823,2026-05-11,Mobile,Instagram,Clothing,4838.0,1,0,0,0,0.0
U11316,S11316,2026-05-11,Mobile,Instagram,Electronics,2024.0,1,0,0,0,0.0
U02815,S02815,2026-05-11,Mobile,Google,Home,3734.0,1,1,1,0,0.0
U06876,S06876,2026-05-11,Mobile,Email,Shoes,4873.0,1,0,0,0,0.0
U02800,S02800,2026-05-11,Desktop,Email,Home,3017.0,1,1,1,0,0.0
U06773,S06773,2026-05-11,Mobile,Google,Electronics,5305.0,1,1,1,1,5305.0
U08235,S08235,2026-05-11,Desktop,Google,Shoes,1242.0,1,0,0,0,0.0
U01560,S01560,2026-05-11,Desktop,Direct,Electronics,1157.0,1,0,0,0,0.0
U11817,S11817,2026-05-11,Desktop,Direct,Clothing,5606.0,1,0,0,0,0.0
U06716,S06716,2026-05-11,Desktop,Facebook,Electronics,1846.0,1,0,0,0,0.0
U02929,S02929,2026-05-11,Mobile,Instagram,Home,4114.0,1,0,0,0,0.0
U02036,S02036,2026-05-11,Desktop,Direct,Electronics,766.0,1,0,0,0,0.0
U03441,S03441,2026-05-11,Mobile,Google,Shoes,3469.0,1,1,0,0,0.0
U02373,S02373,2026-05-11,Mobile,Facebook,Beauty,3074.0,1,1,1,1,3074.0
U02307,S02307,2026-05-11,Mobile,Google,Shoes,3099.0,1,1,1,1,3099.0
U10286,S10286,2026-05-11,Mobile,Instagram,Home,300.0,1,0,0,0,0.0
U06237,S06237,2026-05-11,Mobile,Email,Home,2829.0,1,0,0,0,0.0
U06044,S06044,2026-05-11,Tablet,Google,Clothing,5178.0,1,1,0,0,0.0
U08499,S08499,2026-05-11,Mobile,Google,Home,3395.0,1,1,0,0,0.0
U10204,S10204,2026-05-11,Mobile,Instagram,Beauty,3770.0,1,0,0,0,0.0
U07427,S07427,2026-05-11,Tablet,Direct,Home,1730.0,1,0,0,0,0.0
U03284,S03284,2026-05-11,Mobile,Direct,Electronics,1963.0,1,1,1,1,1963.0
U04563,S04563,2026-05-11,Mobile,Google,Shoes,1483.0,1,1,0,0,0.0
U03168,S03168,2026-05-11,Mobile,Email,Home,996.0,1,1,1,1,996.0
U11454,S11454,2026-05-11,Mobile,Direct,Home,2429.0,1,1,1,0,0.0
U07530,S07530,2026-05-11,Mobile,Direct,Home,648.0,1,0,0,0,0.0
U08437,S08437,2026-05-11,Mobile,Direct,Electronics,1673.0,1,1,0,0,0.0
U11618,S11618,2026-05-11,Mobile,Direct,Electronics,1318.0,1,0,0,0,0.0
U01540,S01540,2026-05-11,Mobile,Facebook,Home,332.0,1,0,0,0,0.0
U04425,S04425,2026-05-11,Mobile,Direct,Clothing,1747.0,1,1,0,0,0.0
U07498,S07498,2026-05-11,Mobile,Direct,Beauty,4001.0,1,0,0,0,0.0
U04084,S04084,2026-05-11,Mobile,Direct,Shoes,622.0,1,1,0,0,0.0
U06095,S06095,2026-05-12,Tablet,Instagram,Clothing,4846.0,1,1,1,1,4846.0
U09943,S09943,2026-05-12,Desktop,Instagram,Beauty,16298.0,1,0,0,0,0.0
U10729,S10729,2026-05-12,Desktop,Google,Electronics,2027.0,1,0,0,0,0.0
U10212,S10212,2026-05-12,Mobile,Direct,Electronics,4008.0,1,1,1,0,0.0
U10795,S10795,2026-05-12,Mobile,Google,Clothing,7831.0,1,1,0,0,0.0
U04145,S04145,2026-05-12,Mobile,Direct,Electronics,4545.0,1,0,0,0,0.0
U03953,S03953,2026-05-12,Tablet,Email,Home,7894.0,1,0,0,0,0.0
U09340,S09340,2026-05-12,Mobile,Google,Home,2421.0,1,1,1,1,2421.0
U10807,S10807,2026-05-12,Mobile,Facebook,Beauty,465.0,1,0,0,0,0.0
U06868,S06868,2026-05-12,Mobile,Direct,Shoes,1325.0,1,1,0,0,0.0
U06071,S06071,2026-05-12,Desktop,Direct,Electronics,3189.0,1,0,0,0,0.0
U07214,S07214,2026-05-12,Mobile,Instagram,Shoes,4296.0,1,0,0,0,0.0
U02907,S02907,2026-05-12,Tablet,Email,Beauty,2684.0,1,1,0,0,0.0
U09093,S09093,2026-05-12,Mobile,Instagram,Clothing,1068.0,1,0,0,0,0.0
U01295,S01295,2026-05-12,Mobile,Google,Beauty,461.0,1,0,0,0,0.0
U07043,S07043,2026-05-12,Mobile,Direct,Electronics,300.0,1,1,0,0,0.0
U05833,S05833,2026-05-12,Mobile,Instagram,Clothing,772.0,1,1,0,0,0.0
U05909,S05909,2026-05-12,Mobile,Direct,Electronics,2545.0,1,0,0,0,0.0
U07450,S07450,2026-05-12,Mobile,Facebook,Beauty,1997.0,1,0,0,0,0.0
U03939,S03939,2026-05-12,Mobile,Direct,Clothing,509.0,1,0,0,0,0.0
U05722,S05722,2026-05-12,Mobile,Google,Home,3435.0,1,0,0,0,0.0
U11014,S11014,2026-05-12,Mobile,Direct,Shoes,7467.0,1,1,1,0,0.0
U00800,S00800,2026-05-12,Desktop,Email,Electronics,4666.0,1,1,1,1,4666.0
U11994,S11994,2026-05-12,Mobile,Email,Clothing,1016.0,1,0,0,0,0.0
U01999,S01999,2026-05-12,Desktop,Google,Shoes,7853.0,1,1,0,0,0.0
U06580,S06580,2026-05-12,Tablet,Instagram,Clothing,2879.0,1,1,1,0,0.0
U05998,S05998,2026-05-12,Desktop,Email,Shoes,3090.0,1,0,0,0,0.0
U11059,S11059,2026-05-12,Tablet,Google,Shoes,2958.0,1,0,0,0,0.0
U07023,S07023,2026-05-12,Mobile,Direct,Beauty,1376.0,1,0,0,0,0.0
U07354,S07354,2026-05-12,Mobile,Google,Beauty,2097.0,1,1,0,0,0.0
U08887,S08887,2026-05-12,Mobile,Instagram,Clothing,2460.0,1,0,0,0,0.0
U07772,S07772,2026-05-12,Mobile,Google,Electronics,1760.0,1,0,0,0,0.0
U02565,S02565,2026-05-12,Mobile,Direct,Beauty,5084.0,1,0,0,0,0.0
U06938,S06938,2026-05-12,Mobile,Direct,Clothing,1044.0,1,0,0,0,0.0
U01831,S01831,2026-05-12,Mobile,Google,Home,1284.0,1,0,0,0,0.0
U05557,S05557,2026-05-12,Mobile,Facebook,Home,2950.0,1,1,1,0,0.0
U00298,S00298,2026-05-12,Desktop,Google,Beauty,2699.0,1,0,0,0,0.0
U03237,S03237,2026-05-12,Tablet,Direct,Clothing,7773.0,1,0,0,0,0.0
U08543,S08543,2026-05-12,Mobile,Facebook,Electronics,8747.0,1,1,1,1,8747.0
U11469,S11469,2026-05-12,Desktop,Direct,Electronics,1309.0,1,1,1,1,1309.0
U11311,S11311,2026-05-12,Mobile,Google,Clothing,6355.0,1,1,0,0,0.0
U00242,S00242,2026-05-12,Desktop,Google,Electronics,3702.0,1,0,0,0,0.0
U06688,S06688,2026-05-12,Desktop,Direct,Beauty,2745.0,1,0,0,0,0.0
U09795,S09795,2026-05-12,Mobile,Instagram,Clothing,5424.0,1,0,0,0,0.0
U02404,S02404,2026-05-12,Desktop,Direct,Clothing,348.0,1,1,0,0,0.0
U03192,S03192,2026-05-12,Mobile,Instagram,Beauty,1324.0,1,1,1,1,1324.0
U10584,S10584,2026-05-12,Mobile,Direct,Beauty,1160.0,1,1,0,0,0.0
U06783,S06783,2026-05-12,Mobile,Google,Shoes,5137.0,1,0,0,0,0.0
U08297,S08297,2026-05-12,Desktop,Google,Shoes,846.0,1,0,0,0,0.0
U03318,S03318,2026-05-12,Mobile,Google,Home,2711.0,1,0,0,0,0.0
U01621,S01621,2026-05-12,Mobile,Email,Electronics,2476.0,1,0,0,0,0.0
U00143,S00143,2026-05-12,Tablet,Direct,Home,2871.0,1,1,0,0,0.0
U08454,S08454,2026-05-12,Tablet,Instagram,Shoes,4381.0,1,1,1,1,4381.0
U03194,S03194,2026-05-12,Desktop,Google,Electronics,502.0,1,0,0,0,0.0
U06396,S06396,2026-05-12,Desktop,Direct,Electronics,6787.0,1,0,0,0,0.0
U03070,S03070,2026-05-12,Mobile,Instagram,Electronics,300.0,1,0,0,0,0.0
U08095,S08095,2026-05-12,Mobile,Google,Clothing,11045.0,1,0,0,0,0.0
U02957,S02957,2026-05-12,Mobile,Google,Beauty,3525.0,1,0,0,0,0.0
U06573,S06573,2026-05-12,Desktop,Instagram,Electronics,17465.0,1,0,0,0,0.0
U11644,S11644,2026-05-12,Mobile,Google,Clothing,826.0,1,0,0,0,0.0
U05107,S05107,2026-05-12,Mobile,Direct,Electronics,1459.0,1,0,0,0,0.0
U03548,S03548,2026-05-12,Tablet,Instagram,Electronics,3762.0,1,1,0,0,0.0
U04722,S04722,2026-05-12,Mobile,Email,Electronics,753.0,1,0,0,0,0.0
U03096,S03096,2026-05-12,Mobile,Facebook,Home,1965.0,1,0,0,0,0.0
U08343,S08343,2026-05-12,Desktop,Facebook,Clothing,6231.0,1,1,0,0,0.0
U06372,S06372,2026-05-12,Mobile,Google,Electronics,3031.0,1,0,0,0,0.0
U01472,S01472,2026-05-12,Mobile,Direct,Shoes,4005.0,1,1,1,1,4005.0
U11677,S11677,2026-05-12,Mobile,Direct,Shoes,3995.0,1,0,0,0,0.0
U09719,S09719,2026-05-12,Desktop,Instagram,Home,4693.0,1,0,0,0,0.0
U08704,S08704,2026-05-12,Mobile,Email,Beauty,1236.0,1,0,0,0,0.0
U04344,S04344,2026-05-12,Mobile,Google,Beauty,2756.0,1,0,0,0,0.0
U05130,S05130,2026-05-12,Tablet,Google,Electronics,1193.0,1,0,0,0,0.0
U08077,S08077,2026-05-12,Mobile,Google,Beauty,1055.0,1,0,0,0,0.0
U01553,S01553,2026-05-12,Mobile,Google,Shoes,511.0,1,0,0,0,0.0
U03715,S03715,2026-05-12,Desktop,Email,Clothing,7269.0,1,0,0,0,0.0
U11932,S11932,2026-05-13,Mobile,Instagram,Shoes,13719.0,1,0,0,0,0.0
U03709,S03709,2026-05-13,Mobile,Google,Clothing,2132.0,1,1,0,0,0.0
U02666,S02666,2026-05-13,Desktop,Instagram,Clothing,2296.0,1,0,0,0,0.0
U07025,S07025,2026-05-13,Mobile,Direct,Clothing,672.0,1,0,0,0,0.0
U01105,S01105,2026-05-13,Mobile,Instagram,Clothing,3226.0,1,1,1,1,3226.0
U04271,S04271,2026-05-13,Tablet,Facebook,Shoes,3249.0,1,1,0,0,0.0
U01966,S01966,2026-05-13,Mobile,Facebook,Home,2494.0,1,0,0,0,0.0
U02080,S02080,2026-05-13,Mobile,Email,Electronics,715.0,1,0,0,0,0.0
U01028,S01028,2026-05-13,Mobile,Instagram,Beauty,2500.0,1,1,1,0,0.0
U01168,S01168,2026-05-13,Mobile,Google,Shoes,1525.0,1,0,0,0,0.0
U09060,S09060,2026-05-13,Desktop,Google,Home,2903.0,1,0,0,0,0.0
U01284,S01284,2026-05-13,Desktop,Google,Electronics,4854.0,1,0,0,0,0.0
U11585,S11585,2026-05-13,Desktop,Google,Clothing,772.0,1,0,0,0,0.0
U11568,S11568,2026-05-13,Desktop,Instagram,Beauty,2151.0,1,0,0,0,0.0
U01959,S01959,2026-05-13,Desktop,Direct,Electronics,692.0,1,1,0,0,0.0
U07289,S07289,2026-05-13,Mobile,Google,Beauty,1522.0,1,0,0,0,0.0
U08556,S08556,2026-05-13,Mobile,Email,Home,1917.0,1,0,0,0,0.0
U00093,S00093,2026-05-13,Mobile,Google,Beauty,2042.0,1,0,0,0,0.0
U10725,S10725,2026-05-13,Tablet,Facebook,Home,6067.0,1,1,1,1,6067.0
U08859,S08859,2026-05-13,Mobile,Google,Electronics,4262.0,1,1,1,1,4262.0
U02610,S02610,2026-05-13,Mobile,Facebook,Clothing,1632.0,1,0,0,0,0.0
U09643,S09643,2026-05-13,Desktop,Email,Beauty,1301.0,1,0,0,0,0.0
U10480,S10480,2026-05-13,Desktop,Instagram,Clothing,2597.0,1,1,1,1,2597.0
U06652,S06652,2026-05-13,Tablet,Direct,Beauty,1005.0,1,0,0,0,0.0
U10089,S10089,2026-05-13,Mobile,Google,Clothing,960.0,1,0,0,0,0.0
U01885,S01885,2026-05-13,Mobile,Instagram,Beauty,1133.0,1,1,1,0,0.0
U08376,S08376,2026-05-13,Mobile,Google,Electronics,18288.0,1,0,0,0,0.0
U04705,S04705,2026-05-13,Mobile,Instagram,Clothing,1961.0,1,0,0,0,0.0
U00930,S00930,2026-05-13,Desktop,Email,Electronics,5020.0,1,0,0,0,0.0
U11104,S11104,2026-05-13,Mobile,Direct,Home,2997.0,1,0,0,0,0.0
U09147,S09147,2026-05-13,Mobile,Google,Clothing,3381.0,1,1,1,1,3381.0
U01401,S01401,2026-05-13,Mobile,Google,Clothing,2352.0,1,0,0,0,0.0
U11141,S11141,2026-05-13,Mobile,Direct,Clothing,1942.0,1,0,0,0,0.0
U05005,S05005,2026-05-13,Mobile,Instagram,Home,10016.0,1,0,0,0,0.0
U06857,S06857,2026-05-13,Mobile,Email,Shoes,3767.0,1,1,1,0,0.0
U05266,S05266,2026-05-13,Mobile,Email,Beauty,1933.0,1,0,0,0,0.0
U09905,S09905,2026-05-13,Mobile,Google,Electronics,697.0,1,1,0,0,0.0
U07938,S07938,2026-05-13,Mobile,Google,Beauty,1840.0,1,0,0,0,0.0
U11187,S11187,2026-05-13,Tablet,Google,Shoes,11346.0,1,0,0,0,0.0
U05054,S05054,2026-05-13,Mobile,Google,Home,2005.0,1,0,0,0,0.0
U09164,S09164,2026-05-13,Mobile,Google,Clothing,917.0,1,0,0,0,0.0
U02428,S02428,2026-05-13,Desktop,Google,Clothing,2537.0,1,0,0,0,0.0
U11211,S11211,2026-05-13,Mobile,Instagram,Beauty,5877.0,1,0,0,0,0.0
U01225,S01225,2026-05-13,Mobile,Email,Home,3997.0,1,0,0,0,0.0
U09429,S09429,2026-05-13,Desktop,Facebook,Shoes,4224.0,1,1,1,1,4224.0
U00124,S00124,2026-05-13,Mobile,Facebook,Home,1430.0,1,0,0,0,0.0
U09383,S09383,2026-05-13,Mobile,Google,Clothing,2302.0,1,0,0,0,0.0
U02777,S02777,2026-05-13,Desktop,Direct,Shoes,2162.0,1,1,0,0,0.0
U01861,S01861,2026-05-13,Mobile,Instagram,Electronics,9162.0,1,1,1,0,0.0
U02270,S02270,2026-05-13,Desktop,Instagram,Electronics,968.0,1,0,0,0,0.0
U02469,S02469,2026-05-13,Mobile,Google,Electronics,1674.0,1,1,1,1,1674.0
U06273,S06273,2026-05-13,Mobile,Google,Clothing,1428.0,1,1,1,1,1428.0
U06310,S06310,2026-05-13,Desktop,Google,Electronics,10608.0,1,0,0,0,0.0
U00668,S00668,2026-05-13,Tablet,Direct,Clothing,4259.0,1,0,0,0,0.0
U03513,S03513,2026-05-13,Tablet,Facebook,Home,2774.0,1,0,0,0,0.0
U11030,S11030,2026-05-13,Tablet,Google,Electronics,2827.0,1,0,0,0,0.0
U04844,S04844,2026-05-13,Mobile,Email,Clothing,10398.0,1,0,0,0,0.0
U02411,S02411,2026-05-13,Desktop,Instagram,Clothing,3610.0,1,0,0,0,0.0
U06883,S06883,2026-05-13,Mobile,Instagram,Electronics,2062.0,1,0,0,0,0.0
U09779,S09779,2026-05-13,Desktop,Direct,Beauty,1188.0,1,0,0,0,0.0
U01648,S01648,2026-05-13,Desktop,Direct,Clothing,5254.0,1,1,1,1,5254.0
U05502,S05502,2026-05-13,Mobile,Facebook,Shoes,4826.0,1,1,1,0,0.0
U10343,S10343,2026-05-13,Mobile,Google,Clothing,7851.0,1,1,0,0,0.0
U10769,S10769,2026-05-14,Desktop,Instagram,Home,2969.0,1,0,0,0,0.0
U09043,S09043,2026-05-14,Mobile,Direct,Electronics,1947.0,1,0,0,0,0.0
U09006,S09006,2026-05-14,Desktop,Google,Electronics,1464.0,1,1,1,1,1464.0
U06268,S06268,2026-05-14,Desktop,Instagram,Home,849.0,1,0,0,0,0.0
U10298,S10298,2026-05-14,Mobile,Direct,Home,1212.0,1,0,0,0,0.0
U10600,S10600,2026-05-14,Desktop,Email,Clothing,3192.0,1,0,0,0,0.0
U06248,S06248,2026-05-14,Tablet,Email,Shoes,4729.0,1,0,0,0,0.0
U03913,S03913,2026-05-14,Desktop,Google,Home,1758.0,1,0,0,0,0.0
U08956,S08956,2026-05-14,Mobile,Facebook,Electronics,2075.0,1,0,0,0,0.0
U10728,S10728,2026-05-14,Mobile,Facebook,Clothing,1587.0,1,0,0,0,0.0
U00688,S00688,2026-05-14,Tablet,Google,Clothing,1122.0,1,1,0,0,0.0
U10430,S10430,2026-05-14,Mobile,Direct,Electronics,3678.0,1,1,0,0,0.0
U10548,S10548,2026-05-14,Mobile,Google,Home,6530.0,1,0,0,0,0.0
U06104,S06104,2026-05-14,Desktop,Instagram,Home,6602.0,1,1,1,1,6602.0
U07777,S07777,2026-05-14,Mobile,Google,Electronics,4398.0,1,1,0,0,0.0
U07785,S07785,2026-05-14,Mobile,Google,Home,4229.0,1,1,0,0,0.0
U08822,S08822,2026-05-14,Mobile,Google,Clothing,16299.0,1,1,1,1,16299.0
U09958,S09958,2026-05-14,Mobile,Email,Home,4683.0,1,0,0,0,0.0
U09941,S09941,2026-05-14,Desktop,Email,Clothing,639.0,1,0,0,0,0.0
U02098,S02098,2026-05-14,Mobile,Google,Clothing,1397.0,1,1,1,1,1397.0
U08004,S08004,2026-05-14,Mobile,Google,Home,3595.0,1,1,1,1,3595.0
U09853,S09853,2026-05-14,Mobile,Google,Electronics,1535.0,1,1,0,0,0.0
U03503,S03503,2026-05-14,Mobile,Instagram,Clothing,2692.0,1,0,0,0,0.0
U01400,S01400,2026-05-14,Mobile,Google,Shoes,13045.0,1,0,0,0,0.0
U05537,S05537,2026-05-14,Mobile,Direct,Beauty,6191.0,1,0,0,0,0.0
U08777,S08777,2026-05-14,Mobile,Email,Beauty,1089.0,1,0,0,0,0.0
U04910,S04910,2026-05-14,Mobile,Direct,Electronics,1304.0,1,0,0,0,0.0
U11351,S11351,2026-05-14,Mobile,Direct,Shoes,2961.0,1,0,0,0,0.0
U08329,S08329,2026-05-14,Desktop,Direct,Beauty,3493.0,1,1,1,1,3493.0
U04238,S04238,2026-05-14,Desktop,Instagram,Home,2314.0,1,0,0,0,0.0
U08366,S08366,2026-05-14,Tablet,Direct,Electronics,4658.0,1,0,0,0,0.0
U08491,S08491,2026-05-14,Mobile,Google,Home,5153.0,1,1,1,0,0.0
U04493,S04493,2026-05-14,Tablet,Email,Electronics,6984.0,1,1,0,0,0.0
U04488,S04488,2026-05-14,Mobile,Facebook,Beauty,2704.0,1,1,0,0,0.0
U08658,S08658,2026-05-14,Mobile,Instagram,Shoes,903.0,1,0,0,0,0.0
U08696,S08696,2026-05-14,Mobile,Email,Shoes,3980.0,1,1,1,0,0.0
U03011,S03011,2026-05-14,Mobile,Google,Shoes,1472.0,1,1,1,1,1472.0
U01837,S01837,2026-05-14,Mobile,Direct,Shoes,6371.0,1,0,0,0,0.0
U05260,S05260,2026-05-14,Mobile,Direct,Electronics,8371.0,1,0,0,0,0.0
U02334,S02334,2026-05-14,Mobile,Google,Home,798.0,1,1,1,1,798.0
U02606,S02606,2026-05-14,Mobile,Direct,Beauty,877.0,1,0,0,0,0.0
U03802,S03802,2026-05-14,Mobile,Email,Shoes,1402.0,1,1,1,1,1402.0
U02678,S02678,2026-05-14,Desktop,Direct,Beauty,3287.0,1,1,1,0,0.0
U10115,S10115,2026-05-14,Mobile,Direct,Home,1826.0,1,1,0,0,0.0
U03472,S03472,2026-05-14,Mobile,Instagram,Electronics,4258.0,1,1,0,0,0.0
U02577,S02577,2026-05-14,Desktop,Email,Clothing,4888.0,1,1,0,0,0.0
U01908,S01908,2026-05-14,Mobile,Instagram,Electronics,3972.0,1,1,1,1,3972.0
U10868,S10868,2026-05-14,Mobile,Email,Home,1042.0,1,1,0,0,0.0
U03822,S03822,2026-05-14,Desktop,Google,Home,1373.0,1,1,1,1,1373.0
U06045,S06045,2026-05-14,Mobile,Facebook,Electronics,3914.0,1,0,0,0,0.0
U10203,S10203,2026-05-14,Mobile,Google,Clothing,597.0,1,0,0,0,0.0
U03459,S03459,2026-05-14,Mobile,Instagram,Shoes,2788.0,1,0,0,0,0.0
U00847,S00847,2026-05-14,Mobile,Instagram,Beauty,3117.0,1,1,1,1,3117.0
U05666,S05666,2026-05-14,Desktop,Google,Beauty,4349.0,1,0,0,0,0.0
U02769,S02769,2026-05-14,Desktop,Google,Clothing,882.0,1,0,0,0,0.0
U07679,S07679,2026-05-14,Desktop,Email,Clothing,2605.0,1,1,1,1,2605.0
U09113,S09113,2026-05-14,Mobile,Instagram,Shoes,1383.0,1,0,0,0,0.0
U09231,S09231,2026-05-15,Mobile,Google,Electronics,5731.0,1,0,0,0,0.0
U11426,S11426,2026-05-15,Desktop,Google,Beauty,1102.0,1,0,0,0,0.0
U06469,S06469,2026-05-15,Tablet,Direct,Clothing,1179.0,1,0,0,0,0.0
U06158,S06158,2026-05-15,Mobile,Direct,Electronics,3823.0,1,0,0,0,0.0
U06086,S06086,2026-05-15,Desktop,Google,Electronics,2771.0,1,1,1,1,2771.0
U04272,S04272,2026-05-15,Mobile,Facebook,Shoes,10184.0,1,1,0,0,0.0
U06460,S06460,2026-05-15,Desktop,Instagram,Clothing,752.0,1,1,0,0,0.0
U04292,S04292,2026-05-15,Mobile,Google,Electronics,933.0,1,0,0,0,0.0
U03221,S03221,2026-05-15,Mobile,Google,Electronics,2369.0,1,1,0,0,0.0
U01315,S01315,2026-05-15,Mobile,Google,Shoes,3736.0,1,0,0,0,0.0
U04552,S04552,2026-05-15,Desktop,Email,Electronics,623.0,1,0,0,0,0.0
U11784,S11784,2026-05-15,Desktop,Facebook,Clothing,960.0,1,1,1,0,0.0
U03371,S03371,2026-05-15,Desktop,Direct,Shoes,2660.0,1,0,0,0,0.0
U10709,S10709,2026-05-15,Desktop,Google,Shoes,2058.0,1,0,0,0,0.0
U09139,S09139,2026-05-15,Mobile,Google,Shoes,1730.0,1,0,0,0,0.0
U05613,S05613,2026-05-15,Mobile,Google,Clothing,8885.0,1,1,0,0,0.0
U02874,S02874,2026-05-15,Mobile,Email,Shoes,1399.0,1,0,0,0,0.0
U09366,S09366,2026-05-15,Mobile,Direct,Clothing,4060.0,1,1,1,0,0.0
U05250,S05250,2026-05-15,Desktop,Direct,Electronics,1465.0,1,1,0,0,0.0
U06329,S06329,2026-05-15,Mobile,Google,Clothing,3703.0,1,1,0,0,0.0
U04187,S04187,2026-05-15,Mobile,Email,Shoes,10041.0,1,0,0,0,0.0
U11266,S11266,2026-05-15,Mobile,Google,Beauty,374.0,1,0,0,0,0.0
U05746,S05746,2026-05-15,Mobile,Email,Shoes,1563.0,1,1,1,1,1563.0
U04994,S04994,2026-05-15,Mobile,Direct,Shoes,6300.0,1,0,0,0,0.0
U06399,S06399,2026-05-15,Mobile,Facebook,Electronics,1429.0,1,1,0,0,0.0
U06428,S06428,2026-05-15,Mobile,Facebook,Shoes,1445.0,1,0,0,0,0.0
U05838,S05838,2026-05-15,Mobile,Instagram,Shoes,1418.0,1,1,1,0,0.0
U04834,S04834,2026-05-15,Desktop,Direct,Electronics,1594.0,1,0,0,0,0.0
U11390,S11390,2026-05-15,Mobile,Direct,Shoes,524.0,1,0,0,0,0.0
U03320,S03320,2026-05-15,Mobile,Google,Clothing,1080.0,1,0,0,0,0.0
U09579,S09579,2026-05-15,Mobile,Email,Clothing,2700.0,1,1,1,0,0.0
U07907,S07907,2026-05-15,Mobile,Email,Electronics,7047.0,1,0,0,0,0.0
U00685,S00685,2026-05-15,Desktop,Google,Clothing,11411.0,1,0,0,0,0.0
U06825,S06825,2026-05-15,Mobile,Google,Electronics,2266.0,1,1,0,0,0.0
U00091,S00091,2026-05-15,Mobile,Instagram,Clothing,3569.0,1,0,0,0,0.0
U09848,S09848,2026-05-15,Mobile,Google,Shoes,1383.0,1,0,0,0,0.0
U03487,S03487,2026-05-15,Desktop,Google,Beauty,9781.0,1,1,0,0,0.0
U01394,S01394,2026-05-15,Mobile,Google,Shoes,667.0,1,0,0,0,0.0
U01738,S01738,2026-05-15,Mobile,Instagram,Shoes,1731.0,1,0,0,0,0.0
U08958,S08958,2026-05-15,Desktop,Instagram,Clothing,7461.0,1,1,1,1,7461.0
U10269,S10269,2026-05-15,Desktop,Instagram,Electronics,7160.0,1,0,0,0,0.0
U08244,S08244,2026-05-15,Mobile,Email,Electronics,3754.0,1,1,1,1,3754.0
U08272,S08272,2026-05-15,Mobile,Direct,Beauty,1200.0,1,0,0,0,0.0
U01580,S01580,2026-05-15,Desktop,Google,Home,1311.0,1,0,0,0,0.0
U08131,S08131,2026-05-15,Desktop,Instagram,Electronics,2579.0,1,0,0,0,0.0
U10123,S10123,2026-05-15,Mobile,Direct,Clothing,2735.0,1,1,1,0,0.0
U11890,S11890,2026-05-15,Mobile,Google,Clothing,2140.0,1,0,0,0,0.0
U03411,S03411,2026-05-15,Desktop,Facebook,Clothing,3368.0,1,0,0,0,0.0
U07227,S07227,2026-05-15,Mobile,Google,Clothing,6193.0,1,1,1,0,0.0
U07370,S07370,2026-05-15,Tablet,Email,Electronics,1305.0,1,0,0,0,0.0
U01010,S01010,2026-05-15,Mobile,Instagram,Shoes,5970.0,1,0,0,0,0.0
U00075,S00075,2026-05-15,Mobile,Email,Electronics,4724.0,1,0,0,0,0.0
U01986,S01986,2026-05-15,Tablet,Instagram,Home,851.0,1,1,1,1,851.0
U08482,S08482,2026-05-15,Mobile,Instagram,Beauty,2244.0,1,0,0,0,0.0
U10492,S10492,2026-05-15,Mobile,Google,Clothing,1528.0,1,1,0,0,0.0
U11829,S11829,2026-05-15,Mobile,Instagram,Clothing,3391.0,1,1,1,0,0.0
U09954,S09954,2026-05-15,Mobile,Google,Beauty,467.0,1,0,0,0,0.0
U07451,S07451,2026-05-15,Mobile,Direct,Shoes,3580.0,1,0,0,0,0.0
U09975,S09975,2026-05-16,Desktop,Direct,Home,18378.0,1,0,0,0,0.0
U09980,S09980,2026-05-16,Mobile,Google,Beauty,5802.0,1,1,1,0,0.0
U05462,S05462,2026-05-16,Mobile,Google,Home,7584.0,1,1,1,0,0.0
U05492,S05492,2026-05-16,Desktop,Direct,Electronics,5096.0,1,0,0,0,0.0
U09982,S09982,2026-05-16,Mobile,Instagram,Clothing,6195.0,1,1,1,1,6195.0
U01258,S01258,2026-05-16,Desktop,Direct,Electronics,5325.0,1,0,0,0,0.0
U01832,S01832,2026-05-16,Tablet,Google,Beauty,3937.0,1,1,1,0,0.0
U07705,S07705,2026-05-16,Mobile,Instagram,Clothing,3306.0,1,0,0,0,0.0
U03816,S03816,2026-05-16,Mobile,Direct,Electronics,667.0,1,1,1,0,0.0
U05636,S05636,2026-05-16,Desktop,Direct,Clothing,522.0,1,1,1,1,522.0
U09142,S09142,2026-05-16,Tablet,Facebook,Beauty,1452.0,1,0,0,0,0.0
U05709,S05709,2026-05-16,Mobile,Direct,Clothing,1234.0,1,0,0,0,0.0
U05758,S05758,2026-05-16,Mobile,Facebook,Electronics,1896.0,1,0,0,0,0.0
U05823,S05823,2026-05-16,Desktop,Instagram,Beauty,3618.0,1,0,0,0,0.0
U02656,S02656,2026-05-16,Tablet,Google,Shoes,1449.0,1,0,0,0,0.0
U10919,S10919,2026-05-16,Desktop,Google,Shoes,2200.0,1,0,0,0,0.0
U04079,S04079,2026-05-16,Mobile,Google,Home,2407.0,1,1,0,0,0.0
U04072,S04072,2026-05-16,Desktop,Instagram,Shoes,1243.0,1,0,0,0,0.0
U02010,S02010,2026-05-16,Desktop,Email,Beauty,5455.0,1,1,0,0,0.0
U09989,S09989,2026-05-16,Mobile,Instagram,Clothing,1884.0,1,0,0,0,0.0
U07832,S07832,2026-05-16,Desktop,Facebook,Home,300.0,1,0,0,0,0.0
U06637,S06637,2026-05-16,Mobile,Direct,Clothing,3885.0,1,0,0,0,0.0
U00046,S00046,2026-05-16,Desktop,Direct,Electronics,2447.0,1,0,0,0,0.0
U03584,S03584,2026-05-16,Desktop,Google,Electronics,1612.0,1,0,0,0,0.0
U08664,S08664,2026-05-16,Tablet,Google,Clothing,30000.0,1,0,0,0,0.0
U08551,S08551,2026-05-16,Mobile,Google,Shoes,3597.0,1,0,0,0,0.0
U01519,S01519,2026-05-16,Mobile,Instagram,Clothing,1291.0,1,1,0,0,0.0
U01009,S01009,2026-05-16,Desktop,Direct,Beauty,4478.0,1,1,0,0,0.0
U09246,S09246,2026-05-16,Mobile,Direct,Beauty,2511.0,1,0,0,0,0.0
U01001,S01001,2026-05-16,Mobile,Instagram,Home,1965.0,1,1,1,0,0.0
U01425,S01425,2026-05-16,Mobile,Instagram,Electronics,3877.0,1,0,0,0,0.0
U04625,S04625,2026-05-16,Mobile,Google,Shoes,810.0,1,1,1,0,0.0
U04665,S04665,2026-05-16,Mobile,Direct,Beauty,2805.0,1,1,1,1,2805.0
U08385,S08385,2026-05-16,Mobile,Instagram,Home,2267.0,1,0,0,0,0.0
U01568,S01568,2026-05-16,Mobile,Google,Clothing,1763.0,1,0,0,0,0.0
U03114,S03114,2026-05-16,Desktop,Facebook,Beauty,1654.0,1,0,0,0,0.0
U00127,S00127,2026-05-16,Mobile,Google,Electronics,576.0,1,0,0,0,0.0
U01611,S01611,2026-05-16,Mobile,Facebook,Beauty,2715.0,1,0,0,0,0.0
U03740,S03740,2026-05-16,Mobile,Instagram,Beauty,2000.0,1,0,0,0,0.0
U04923,S04923,2026-05-16,Mobile,Direct,Clothing,2823.0,1,1,1,1,2823.0
U04945,S04945,2026-05-16,Mobile,Facebook,Shoes,846.0,1,0,0,0,0.0
U01666,S01666,2026-05-16,Desktop,Google,Shoes,1368.0,1,1,1,1,1368.0
U09526,S09526,2026-05-16,Mobile,Email,Clothing,8078.0,1,0,0,0,0.0
U08780,S08780,2026-05-16,Mobile,Direct,Home,969.0,1,0,0,0,0.0
U00928,S00928,2026-05-16,Desktop,Google,Shoes,6003.0,1,1,1,1,6003.0
U02955,S02955,2026-05-16,Mobile,Direct,Clothing,5062.0,1,1,1,1,5062.0
U01762,S01762,2026-05-16,Mobile,Instagram,Electronics,1650.0,1,1,0,0,0.0
U06004,S06004,2026-05-16,Mobile,Instagram,Electronics,3727.0,1,1,0,0,0.0
U00394,S00394,2026-05-16,Desktop,Google,Home,2705.0,1,0,0,0,0.0
U05433,S05433,2026-05-16,Desktop,Google,Home,2409.0,1,1,1,1,2409.0
U11114,S11114,2026-05-16,Mobile,Instagram,Shoes,2812.0,1,0,0,0,0.0
U03594,S03594,2026-05-16,Mobile,Instagram,Home,4652.0,1,0,0,0,0.0
U06037,S06037,2026-05-16,Desktop,Email,Electronics,6428.0,1,0,0,0,0.0
U00172,S00172,2026-05-16,Mobile,Direct,Clothing,1930.0,1,0,0,0,0.0
U03567,S03567,2026-05-16,Desktop,Direct,Shoes,6211.0,1,0,0,0,0.0
U06230,S06230,2026-05-16,Mobile,Direct,Clothing,791.0,1,1,0,0,0.0
U10366,S10366,2026-05-16,Mobile,Google,Home,3476.0,1,0,0,0,0.0
U02413,S02413,2026-05-16,Mobile,Google,Home,300.0,1,0,0,0,0.0
U06105,S06105,2026-05-16,Mobile,Google,Home,1648.0,1,0,0,0,0.0
U02219,S02219,2026-05-16,Tablet,Direct,Home,1407.0,1,0,0,0,0.0
U04002,S04002,2026-05-16,Mobile,Instagram,Home,3553.0,1,0,0,0,0.0
U11775,S11775,2026-05-16,Mobile,Google,Electronics,2463.0,1,0,0,0,0.0
U06160,S06160,2026-05-16,Tablet,Instagram,Home,476.0,1,1,0,0,0.0
U10800,S10800,2026-05-16,Desktop,Instagram,Shoes,1098.0,1,0,0,0,0.0
U06656,S06656,2026-05-16,Mobile,Email,Home,1764.0,1,0,0,0,0.0
U06647,S06647,2026-05-16,Mobile,Instagram,Home,2522.0,1,0,0,0,0.0
U09423,S09423,2026-05-16,Mobile,Google,Clothing,10429.0,1,0,0,0,0.0
U06066,S06066,2026-05-16,Desktop,Direct,Electronics,1365.0,1,1,1,1,1365.0
U03607,S03607,2026-05-17,Mobile,Google,Clothing,807.0,1,0,0,0,0.0
U09698,S09698,2026-05-17,Mobile,Google,Beauty,7487.0,1,1,1,1,7487.0
U09965,S09965,2026-05-17,Mobile,Email,Shoes,1831.0,1,1,0,0,0.0
U10398,S10398,2026-05-17,Mobile,Direct,Electronics,1661.0,1,0,0,0,0.0
U06706,S06706,2026-05-17,Mobile,Instagram,Home,19144.0,1,0,0,0,0.0
U04751,S04751,2026-05-17,Mobile,Google,Clothing,2510.0,1,1,1,1,2510.0
U07656,S07656,2026-05-17,Desktop,Direct,Electronics,1838.0,1,1,1,1,1838.0
U10354,S10354,2026-05-17,Desktop,Facebook,Clothing,3724.0,1,0,0,0,0.0
U11903,S11903,2026-05-17,Mobile,Google,Electronics,4454.0,1,0,0,0,0.0
U11243,S11243,2026-05-17,Mobile,Direct,Clothing,14524.0,1,0,0,0,0.0
U02976,S02976,2026-05-17,Desktop,Direct,Beauty,9878.0,1,1,1,1,9878.0
U02948,S02948,2026-05-17,Desktop,Instagram,Shoes,2459.0,1,0,0,0,0.0
U05562,S05562,2026-05-17,Mobile,Direct,Shoes,1955.0,1,0,0,0,0.0
U06210,S06210,2026-05-17,Desktop,Google,Beauty,658.0,1,0,0,0,0.0
U01628,S01628,2026-05-17,Mobile,Google,Beauty,2527.0,1,1,1,0,0.0
U04895,S04895,2026-05-17,Desktop,Google,Beauty,6878.0,1,0,0,0,0.0
U07845,S07845,2026-05-17,Mobile,Facebook,Clothing,3121.0,1,1,1,1,3121.0
U06180,S06180,2026-05-17,Mobile,Direct,Electronics,1069.0,1,0,0,0,0.0
U01637,S01637,2026-05-17,Mobile,Google,Shoes,2597.0,1,1,0,0,0.0
U10008,S10008,2026-05-17,Tablet,Facebook,Clothing,5003.0,1,1,0,0,0.0
U03483,S03483,2026-05-17,Desktop,Email,Electronics,5958.0,1,0,0,0,0.0
U06165,S06165,2026-05-17,Desktop,Google,Electronics,2481.0,1,1,1,1,2481.0
U00588,S00588,2026-05-17,Mobile,Instagram,Electronics,1354.0,1,1,0,0,0.0
U01288,S01288,2026-05-17,Mobile,Facebook,Beauty,2735.0,1,0,0,0,0.0
U11733,S11733,2026-05-17,Tablet,Direct,Clothing,344.0,1,0,0,0,0.0
U08028,S08028,2026-05-17,Desktop,Google,Clothing,1062.0,1,0,0,0,0.0
U11044,S11044,2026-05-17,Mobile,Direct,Electronics,3444.0,1,1,1,1,3444.0
U02518,S02518,2026-05-17,Mobile,Google,Electronics,2023.0,1,0,0,0,0.0
U07313,S07313,2026-05-17,Mobile,Direct,Clothing,666.0,1,1,0,0,0.0
U08012,S08012,2026-05-17,Desktop,Direct,Clothing,3051.0,1,0,0,0,0.0
U09563,S09563,2026-05-17,Mobile,Google,Beauty,2204.0,1,1,0,0,0.0
U00179,S00179,2026-05-17,Desktop,Instagram,Home,3781.0,1,0,0,0,0.0
U07233,S07233,2026-05-17,Mobile,Email,Shoes,1252.0,1,1,0,0,0.0
U01743,S01743,2026-05-17,Mobile,Email,Electronics,2786.0,1,1,0,0,0.0
U07213,S07213,2026-05-17,Desktop,Facebook,Home,2212.0,1,0,0,0,0.0
U00788,S00788,2026-05-17,Mobile,Direct,Electronics,10081.0,1,1,0,0,0.0
U02603,S02603,2026-05-17,Mobile,Email,Home,4054.0,1,0,0,0,0.0
U08613,S08613,2026-05-17,Desktop,Google,Electronics,975.0,1,0,0,0,0.0
U09599,S09599,2026-05-17,Desktop,Email,Shoes,842.0,1,1,0,0,0.0
U06079,S06079,2026-05-17,Mobile,Google,Shoes,1496.0,1,1,0,0,0.0
U11897,S11897,2026-05-17,Mobile,Facebook,Electronics,7750.0,1,1,0,0,0.0
U00217,S00217,2026-05-17,Mobile,Instagram,Clothing,4166.0,1,0,0,0,0.0
U06543,S06543,2026-05-17,Tablet,Direct,Beauty,1054.0,1,1,0,0,0.0
U04697,S04697,2026-05-17,Mobile,Google,Clothing,1240.0,1,0,0,0,0.0
U00882,S00882,2026-05-17,Mobile,Direct,Home,4146.0,1,0,0,0,0.0
U00645,S00645,2026-05-17,Desktop,Instagram,Clothing,4902.0,1,1,1,0,0.0
U00138,S00138,2026-05-17,Mobile,Direct,Beauty,3197.0,1,1,0,0,0.0
U07623,S07623,2026-05-17,Mobile,Direct,Clothing,919.0,1,0,0,0,0.0
U06689,S06689,2026-05-17,Mobile,Instagram,Clothing,1171.0,1,1,0,0,0.0
U00452,S00452,2026-05-17,Desktop,Direct,Home,6471.0,1,1,1,0,0.0
U03590,S03590,2026-05-17,Mobile,Direct,Electronics,3546.0,1,0,0,0,0.0
U06309,S06309,2026-05-17,Mobile,Instagram,Electronics,6982.0,1,0,0,0,0.0
U10086,S10086,2026-05-17,Desktop,Instagram,Clothing,2146.0,1,0,0,0,0.0
U05195,S05195,2026-05-17,Desktop,Google,Home,5004.0,1,0,0,0,0.0
U01763,S01763,2026-05-17,Mobile,Google,Clothing,580.0,1,1,0,0,0.0
U11669,S11669,2026-05-17,Mobile,Email,Shoes,6520.0,1,1,0,0,0.0
U07496,S07496,2026-05-17,Desktop,Instagram,Shoes,5162.0,1,1,0,0,0.0
U07140,S07140,2026-05-17,Mobile,Direct,Shoes,6884.0,1,0,0,0,0.0
U04259,S04259,2026-05-17,Tablet,Direct,Clothing,1304.0,1,0,0,0,0.0
U01720,S01720,2026-05-18,Desktop,Google,Beauty,3033.0,1,1,1,0,0.0
U05162,S05162,2026-05-18,Tablet,Email,Home,5569.0,1,0,0,0,0.0
U05245,S05245,2026-05-18,Mobile,Direct,Beauty,1803.0,1,0,0,0,0.0
U03376,S03376,2026-05-18,Mobile,Instagram,Electronics,4267.0,1,1,1,0,0.0
U09520,S09520,2026-05-18,Mobile,Facebook,Shoes,9499.0,1,1,0,0,0.0
U08273,S08273,2026-05-18,Tablet,Google,Home,669.0,1,1,1,1,669.0
U06390,S06390,2026-05-18,Mobile,Direct,Electronics,720.0,1,0,0,0,0.0
U01460,S01460,2026-05-18,Mobile,Instagram,Home,1494.0,1,0,0,0,0.0
U00181,S00181,2026-05-18,Desktop,Google,Home,16291.0,1,0,0,0,0.0
U08564,S08564,2026-05-18,Mobile,Facebook,Clothing,612.0,1,0,0,0,0.0
U11493,S11493,2026-05-18,Mobile,Google,Shoes,6701.0,1,0,0,0,0.0
U08500,S08500,2026-05-18,Mobile,Google,Home,1238.0,1,1,0,0,0.0
U03703,S03703,2026-05-18,Mobile,Google,Shoes,1933.0,1,0,0,0,0.0
U10575,S10575,2026-05-18,Desktop,Direct,Shoes,13255.0,1,0,0,0,0.0
U08439,S08439,2026-05-18,Tablet,Instagram,Electronics,7007.0,1,0,0,0,0.0
U03184,S03184,2026-05-18,Mobile,Email,Home,1444.0,1,0,0,0,0.0
U03498,S03498,2026-05-18,Desktop,Google,Shoes,1701.0,1,1,1,1,1701.0
U00007,S00007,2026-05-18,Desktop,Google,Electronics,1996.0,1,1,0,0,0.0
U09299,S09299,2026-05-18,Desktop,Direct,Shoes,3140.0,1,0,0,0,0.0
U04711,S04711,2026-05-18,Desktop,Google,Clothing,1958.0,1,1,1,1,1958.0
U04227,S04227,2026-05-18,Mobile,Facebook,Home,7179.0,1,0,0,0,0.0
U08291,S08291,2026-05-18,Desktop,Direct,Electronics,9950.0,1,0,0,0,0.0
U06786,S06786,2026-05-18,Mobile,Google,Home,6133.0,1,1,1,1,6133.0
U06418,S06418,2026-05-18,Mobile,Direct,Electronics,1650.0,1,0,0,0,0.0
U00605,S00605,2026-05-18,Tablet,Google,Electronics,9871.0,1,1,1,1,9871.0
U03403,S03403,2026-05-18,Mobile,Google,Beauty,313.0,1,1,1,1,313.0
U03025,S03025,2026-05-18,Mobile,Direct,Home,1397.0,1,0,0,0,0.0
U00662,S00662,2026-05-18,Desktop,Instagram,Beauty,8769.0,1,1,1,0,0.0
U11190,S11190,2026-05-18,Mobile,Facebook,Clothing,13116.0,1,0,0,0,0.0
U02910,S02910,2026-05-18,Mobile,Email,Home,3208.0,1,1,0,0,0.0
U01896,S01896,2026-05-18,Mobile,Direct,Home,638.0,1,1,1,1,638.0
U03651,S03651,2026-05-18,Mobile,Email,Clothing,590.0,1,1,1,0,0.0
U00479,S00479,2026-05-18,Desktop,Facebook,Beauty,10109.0,1,0,0,0,0.0
U10741,S10741,2026-05-18,Tablet,Instagram,Home,4642.0,1,0,0,0,0.0
U08903,S08903,2026-05-18,Desktop,Google,Shoes,5732.0,1,1,0,0,0.0
U05512,S05512,2026-05-18,Mobile,Google,Shoes,1255.0,1,0,0,0,0.0
U00834,S00834,2026-05-18,Desktop,Google,Electronics,1867.0,1,0,0,0,0.0
U06635,S06635,2026-05-18,Desktop,Facebook,Clothing,4585.0,1,0,0,0,0.0
U07741,S07741,2026-05-18,Mobile,Instagram,Electronics,2326.0,1,1,1,1,2326.0
U07543,S07543,2026-05-18,Desktop,Direct,Shoes,335.0,1,1,1,1,335.0
U05553,S05553,2026-05-18,Mobile,Instagram,Electronics,3691.0,1,0,0,0,0.0
U08870,S08870,2026-05-18,Desktop,Facebook,Beauty,3962.0,1,1,0,0,0.0
U07737,S07737,2026-05-18,Desktop,Email,Clothing,10529.0,1,0,0,0,0.0
U03912,S03912,2026-05-18,Mobile,Email,Shoes,1511.0,1,0,0,0,0.0
U11756,S11756,2026-05-18,Desktop,Direct,Home,478.0,1,0,0,0,0.0
U02658,S02658,2026-05-18,Mobile,Instagram,Home,1734.0,1,0,0,0,0.0
U08905,S08905,2026-05-18,Tablet,Google,Electronics,1317.0,1,1,1,1,1317.0
U05584,S05584,2026-05-18,Desktop,Instagram,Home,6264.0,1,0,0,0,0.0
U05773,S05773,2026-05-18,Mobile,Email,Clothing,6775.0,1,0,0,0,0.0
U03557,S03557,2026-05-18,Mobile,Direct,Clothing,998.0,1,1,0,0,0.0
U01953,S01953,2026-05-18,Desktop,Facebook,Beauty,4476.0,1,0,0,0,0.0
U05606,S05606,2026-05-18,Mobile,Instagram,Shoes,2164.0,1,0,0,0,0.0
U03336,S03336,2026-05-18,Mobile,Google,Clothing,5145.0,1,1,1,1,5145.0
U07649,S07649,2026-05-18,Mobile,Instagram,Beauty,1819.0,1,0,0,0,0.0
U09921,S09921,2026-05-18,Mobile,Google,Electronics,920.0,1,0,0,0,0.0
U10069,S10069,2026-05-18,Mobile,Google,Shoes,2910.0,1,0,0,0,0.0
U05378,S05378,2026-05-18,Desktop,Direct,Shoes,15258.0,1,0,0,0,0.0
U04067,S04067,2026-05-18,Mobile,Google,Clothing,4976.0,1,0,0,0,0.0
U03617,S03617,2026-05-18,Mobile,Facebook,Beauty,1018.0,1,1,1,1,1018.0
U00706,S00706,2026-05-18,Mobile,Direct,Electronics,1233.0,1,0,0,0,0.0
U09026,S09026,2026-05-18,Mobile,Instagram,Clothing,8797.0,1,0,0,0,0.0
U07163,S07163,2026-05-18,Mobile,Google,Home,4061.0,1,0,0,0,0.0
U07069,S07069,2026-05-18,Mobile,Facebook,Clothing,770.0,1,1,1,1,770.0
U00379,S00379,2026-05-18,Mobile,Direct,Electronics,1401.0,1,0,0,0,0.0
U07071,S07071,2026-05-18,Desktop,Instagram,Home,3786.0,1,1,0,0,0.0
U06941,S06941,2026-05-18,Desktop,Instagram,Shoes,4056.0,1,1,1,1,4056.0
U03526,S03526,2026-05-19,Mobile,Direct,Beauty,686.0,1,0,0,0,0.0
U04639,S04639,2026-05-19,Mobile,Google,Electronics,3067.0,1,0,0,0,0.0
U01914,S01914,2026-05-19,Mobile,Google,Shoes,5138.0,1,1,0,0,0.0
U04641,S04641,2026-05-19,Mobile,Instagram,Beauty,3670.0,1,0,0,0,0.0
U00993,S00993,2026-05-19,Desktop,Instagram,Clothing,9999.0,1,1,0,0,0.0
U08425,S08425,2026-05-19,Mobile,Direct,Electronics,1729.0,1,0,0,0,0.0
U00743,S00743,2026-05-19,Desktop,Google,Beauty,1643.0,1,0,0,0,0.0
U07965,S07965,2026-05-19,Mobile,Google,Home,2712.0,1,1,1,0,0.0
U09475,S09475,2026-05-19,Mobile,Email,Electronics,16465.0,1,0,0,0,0.0
U09371,S09371,2026-05-19,Desktop,Email,Shoes,5206.0,1,0,0,0,0.0
U00176,S00176,2026-05-19,Mobile,Instagram,Electronics,3159.0,1,0,0,0,0.0
U07366,S07366,2026-05-19,Mobile,Direct,Home,644.0,1,0,0,0,0.0
U00633,S00633,2026-05-19,Mobile,Facebook,Shoes,2173.0,1,1,1,1,2173.0
U02061,S02061,2026-05-19,Tablet,Google,Clothing,5563.0,1,0,0,0,0.0
U09582,S09582,2026-05-19,Mobile,Direct,Clothing,1117.0,1,0,0,0,0.0
U00201,S00201,2026-05-19,Desktop,Direct,Home,300.0,1,1,1,1,300.0
U10557,S10557,2026-05-19,Mobile,Email,Home,430.0,1,0,0,0,0.0
U03248,S03248,2026-05-19,Desktop,Google,Clothing,2518.0,1,0,0,0,0.0
U03538,S03538,2026-05-19,Mobile,Google,Shoes,675.0,1,1,0,0,0.0
U09559,S09559,2026-05-19,Mobile,Direct,Clothing,9085.0,1,0,0,0,0.0
U03988,S03988,2026-05-19,Mobile,Email,Beauty,950.0,1,1,1,1,950.0
U03534,S03534,2026-05-19,Mobile,Facebook,Electronics,16530.0,1,0,0,0,0.0
U08516,S08516,2026-05-19,Mobile,Google,Clothing,4298.0,1,0,0,0,0.0
U00749,S00749,2026-05-19,Desktop,Instagram,Shoes,7240.0,1,0,0,0,0.0
U04388,S04388,2026-05-19,Mobile,Instagram,Clothing,3902.0,1,1,1,0,0.0
U02716,S02716,2026-05-19,Mobile,Google,Clothing,6277.0,1,1,0,0,0.0
U06736,S06736,2026-05-19,Tablet,Google,Shoes,1653.0,1,1,1,1,1653.0
U08849,S08849,2026-05-19,Desktop,Google,Electronics,8497.0,1,0,0,0,0.0
U03345,S03345,2026-05-19,Mobile,Instagram,Home,9168.0,1,1,0,0,0.0
U10422,S10422,2026-05-19,Mobile,Instagram,Electronics,1414.0,1,1,0,0,0.0
U00017,S00017,2026-05-19,Mobile,Facebook,Beauty,2287.0,1,0,0,0,0.0
U06376,S06376,2026-05-19,Mobile,Email,Clothing,2394.0,1,0,0,0,0.0
U02431,S02431,2026-05-19,Desktop,Instagram,Shoes,1301.0,1,0,0,0,0.0
U03500,S03500,2026-05-19,Desktop,Google,Clothing,2572.0,1,1,1,0,0.0
U07822,S07822,2026-05-19,Mobile,Google,Electronics,1022.0,1,0,0,0,0.0
U11265,S11265,2026-05-19,Mobile,Google,Beauty,7540.0,1,0,0,0,0.0
U01709,S01709,2026-05-19,Desktop,Facebook,Clothing,5758.0,1,0,0,0,0.0
U01347,S01347,2026-05-19,Mobile,Direct,Electronics,896.0,1,1,1,1,896.0
U06880,S06880,2026-05-19,Mobile,Instagram,Electronics,1669.0,1,0,0,0,0.0
U11142,S11142,2026-05-19,Mobile,Email,Shoes,2060.0,1,1,1,1,2060.0
U00904,S00904,2026-05-19,Mobile,Facebook,Beauty,8484.0,1,0,0,0,0.0
U05352,S05352,2026-05-19,Desktop,Email,Electronics,5234.0,1,0,0,0,0.0
U02873,S02873,2026-05-19,Mobile,Direct,Shoes,1369.0,1,0,0,0,0.0
U08767,S08767,2026-05-19,Desktop,Direct,Clothing,1923.0,1,0,0,0,0.0
U00312,S00312,2026-05-19,Mobile,Instagram,Home,4528.0,1,1,1,1,4528.0
U05495,S05495,2026-05-19,Desktop,Instagram,Beauty,6767.0,1,1,1,1,6767.0
U01145,S01145,2026-05-19,Mobile,Instagram,Shoes,719.0,1,1,1,0,0.0
U04718,S04718,2026-05-19,Mobile,Google,Shoes,2335.0,1,0,0,0,0.0
U09302,S09302,2026-05-19,Mobile,Instagram,Electronics,8775.0,1,1,0,0,0.0
U05607,S05607,2026-05-19,Mobile,Direct,Clothing,1801.0,1,0,0,0,0.0
U11400,S11400,2026-05-19,Tablet,Instagram,Clothing,2049.0,1,1,1,1,2049.0
U08347,S08347,2026-05-19,Desktop,Email,Electronics,2313.0,1,0,0,0,0.0
U10041,S10041,2026-05-19,Mobile,Instagram,Electronics,2370.0,1,0,0,0,0.0
U10438,S10438,2026-05-19,Desktop,Google,Clothing,4367.0,1,0,0,0,0.0
U08750,S08750,2026-05-19,Mobile,Direct,Home,1784.0,1,0,0,0,0.0
U05520,S05520,2026-05-19,Mobile,Direct,Home,5604.0,1,1,1,1,5604.0
U10049,S10049,2026-05-19,Tablet,Direct,Electronics,1913.0,1,0,0,0,0.0
U11384,S11384,2026-05-19,Mobile,Google,Home,3714.0,1,0,0,0,0.0
U09451,S09451,2026-05-19,Tablet,Google,Beauty,7105.0,1,1,1,1,7105.0
U03349,S03349,2026-05-19,Desktop,Instagram,Home,1521.0,1,0,0,0,0.0
U00977,S00977,2026-05-19,Mobile,Direct,Shoes,8383.0,1,1,0,0,0.0
U00437,S00437,2026-05-20,Mobile,Google,Shoes,1184.0,1,0,0,0,0.0
U00520,S00520,2026-05-20,Desktop,Google,Home,14275.0,1,1,0,0,0.0
U00180,S00180,2026-05-20,Desktop,Instagram,Shoes,3809.0,1,0,0,0,0.0
U11374,S11374,2026-05-20,Tablet,Instagram,Shoes,2772.0,1,0,0,0,0.0
U11292,S11292,2026-05-20,Mobile,Direct,Beauty,4890.0,1,1,1,1,4890.0
U11904,S11904,2026-05-20,Mobile,Facebook,Shoes,4586.0,1,0,0,0,0.0
U10154,S10154,2026-05-20,Mobile,Direct,Electronics,1507.0,1,0,0,0,0.0
U09716,S09716,2026-05-20,Mobile,Instagram,Home,962.0,1,0,0,0,0.0
U11577,S11577,2026-05-20,Mobile,Instagram,Electronics,7903.0,1,0,0,0,0.0
U00661,S00661,2026-05-20,Mobile,Facebook,Clothing,3500.0,1,0,0,0,0.0
U00679,S00679,2026-05-20,Mobile,Google,Electronics,3348.0,1,0,0,0,0.0
U00589,S00589,2026-05-20,Mobile,Instagram,Electronics,3958.0,1,0,0,0,0.0
U10360,S10360,2026-05-20,Desktop,Email,Clothing,876.0,1,1,1,1,876.0
U07791,S07791,2026-05-20,Desktop,Google,Shoes,2560.0,1,1,0,0,0.0
U03417,S03417,2026-05-20,Desktop,Instagram,Shoes,2337.0,1,1,1,0,0.0
U08839,S08839,2026-05-20,Mobile,Facebook,Shoes,946.0,1,1,0,0,0.0
U04886,S04886,2026-05-20,Desktop,Google,Shoes,572.0,1,0,0,0,0.0
U03697,S03697,2026-05-20,Mobile,Facebook,Electronics,6767.0,1,0,0,0,0.0
U08832,S08832,2026-05-20,Mobile,Google,Home,1755.0,1,0,0,0,0.0
U02624,S02624,2026-05-20,Tablet,Direct,Home,5849.0,1,1,0,0,0.0
U04673,S04673,2026-05-20,Mobile,Google,Clothing,1527.0,1,1,1,1,1527.0
U08215,S08215,2026-05-20,Mobile,Direct,Beauty,1912.0,1,1,1,1,1912.0
U08808,S08808,2026-05-20,Desktop,Facebook,Beauty,2001.0,1,0,0,0,0.0
U06219,S06219,2026-05-20,Mobile,Instagram,Electronics,2226.0,1,0,0,0,0.0
U01235,S01235,2026-05-20,Mobile,Direct,Clothing,1467.0,1,1,0,0,0.0
U08455,S08455,2026-05-20,Mobile,Google,Beauty,5900.0,1,1,0,0,0.0
U02102,S02102,2026-05-20,Mobile,Google,Home,545.0,1,0,0,0,0.0
U02830,S02830,2026-05-20,Desktop,Facebook,Shoes,1623.0,1,1,1,1,1623.0
U06434,S06434,2026-05-20,Desktop,Email,Shoes,2342.0,1,1,1,0,0.0
U03290,S03290,2026-05-20,Mobile,Instagram,Electronics,546.0,1,1,1,0,0.0
U04514,S04514,2026-05-20,Mobile,Direct,Shoes,2506.0,1,0,0,0,0.0
U09106,S09106,2026-05-20,Desktop,Google,Beauty,2135.0,1,0,0,0,0.0
U01619,S01619,2026-05-20,Tablet,Google,Beauty,6133.0,1,0,0,0,0.0
U02022,S02022,2026-05-20,Mobile,Google,Electronics,5809.0,1,1,0,0,0.0
U04615,S04615,2026-05-20,Mobile,Instagram,Home,800.0,1,0,0,0,0.0
U03253,S03253,2026-05-20,Mobile,Direct,Shoes,2316.0,1,1,1,1,2316.0
U07840,S07840,2026-05-20,Mobile,Instagram,Electronics,332.0,1,0,0,0,0.0
U08992,S08992,2026-05-20,Mobile,Facebook,Electronics,817.0,1,0,0,0,0.0
U01343,S01343,2026-05-20,Mobile,Google,Electronics,1218.0,1,0,0,0,0.0
U05504,S05504,2026-05-20,Desktop,Email,Clothing,745.0,1,1,1,0,0.0
U05244,S05244,2026-05-20,Mobile,Email,Electronics,5582.0,1,0,0,0,0.0
U02008,S02008,2026-05-20,Mobile,Facebook,Electronics,1114.0,1,0,0,0,0.0
U03733,S03733,2026-05-20,Mobile,Google,Clothing,917.0,1,0,0,0,0.0
U04144,S04144,2026-05-20,Mobile,Facebook,Electronics,12511.0,1,1,0,0,0.0
U02875,S02875,2026-05-20,Mobile,Instagram,Shoes,5842.0,1,0,0,0,0.0
U01275,S01275,2026-05-20,Mobile,Email,Electronics,1025.0,1,0,0,0,0.0
U07431,S07431,2026-05-20,Desktop,Instagram,Clothing,726.0,1,0,0,0,0.0
U04600,S04600,2026-05-20,Mobile,Direct,Clothing,13350.0,1,0,0,0,0.0
U01744,S01744,2026-05-20,Tablet,Direct,Clothing,398.0,1,0,0,0,0.0
U08423,S08423,2026-05-20,Desktop,Direct,Beauty,1280.0,1,0,0,0,0.0
U03592,S03592,2026-05-20,Mobile,Google,Shoes,864.0,1,0,0,0,0.0
U04307,S04307,2026-05-20,Mobile,Instagram,Home,718.0,1,0,0,0,0.0
U03275,S03275,2026-05-20,Desktop,Email,Beauty,8822.0,1,1,1,1,8822.0
U03432,S03432,2026-05-20,Mobile,Direct,Shoes,1187.0,1,0,0,0,0.0
U08090,S08090,2026-05-20,Mobile,Instagram,Electronics,1426.0,1,1,0,0,0.0
U08646,S08646,2026-05-20,Mobile,Google,Home,1185.0,1,0,0,0,0.0
U09247,S09247,2026-05-20,Mobile,Facebook,Shoes,9333.0,1,0,0,0,0.0
U06061,S06061,2026-05-20,Desktop,Direct,Shoes,1570.0,1,0,0,0,0.0
U07549,S07549,2026-05-21,Mobile,Email,Electronics,300.0,1,0,0,0,0.0
U03798,S03798,2026-05-21,Desktop,Direct,Electronics,2237.0,1,1,0,0,0.0
U08883,S08883,2026-05-21,Desktop,Direct,Shoes,2578.0,1,1,1,1,2578.0
U09847,S09847,2026-05-21,Desktop,Google,Clothing,2317.0,1,0,0,0,0.0
U05031,S05031,2026-05-21,Mobile,Direct,Clothing,2060.0,1,0,0,0,0.0
U01818,S01818,2026-05-21,Mobile,Direct,Beauty,3143.0,1,1,0,0,0.0
U08369,S08369,2026-05-21,Mobile,Facebook,Beauty,1988.0,1,1,1,0,0.0
U11738,S11738,2026-05-21,Desktop,Google,Clothing,845.0,1,1,1,1,845.0
U02591,S02591,2026-05-21,Desktop,Facebook,Shoes,8280.0,1,1,1,0,0.0
U04661,S04661,2026-05-21,Desktop,Google,Home,3749.0,1,0,0,0,0.0
U11555,S11555,2026-05-21,Desktop,Email,Home,1876.0,1,0,0,0,0.0
U03235,S03235,2026-05-21,Mobile,Google,Clothing,449.0,1,1,1,1,449.0
U10982,S10982,2026-05-21,Mobile,Direct,Beauty,6736.0,1,1,0,0,0.0
U06379,S06379,2026-05-21,Mobile,Facebook,Electronics,687.0,1,0,0,0,0.0
U03471,S03471,2026-05-21,Mobile,Google,Electronics,2812.0,1,1,0,0,0.0
U06083,S06083,2026-05-21,Mobile,Facebook,Beauty,1552.0,1,1,1,1,1552.0
U05578,S05578,2026-05-21,Desktop,Google,Home,6130.0,1,1,1,1,6130.0
U10877,S10877,2026-05-21,Mobile,Google,Clothing,13072.0,1,0,0,0,0.0
U01803,S01803,2026-05-21,Mobile,Google,Home,7295.0,1,0,0,0,0.0
U01994,S01994,2026-05-21,Mobile,Instagram,Home,9501.0,1,1,0,0,0.0
U05897,S05897,2026-05-21,Mobile,Facebook,Clothing,15636.0,1,1,1,0,0.0
U02720,S02720,2026-05-21,Mobile,Instagram,Beauty,16337.0,1,1,0,0,0.0
U05271,S05271,2026-05-21,Tablet,Google,Home,3845.0,1,0,0,0,0.0
U00477,S00477,2026-05-21,Mobile,Email,Shoes,4007.0,1,0,0,0,0.0
U08039,S08039,2026-05-21,Mobile,Google,Beauty,980.0,1,0,0,0,0.0
U01801,S01801,2026-05-21,Mobile,Google,Home,5684.0,1,0,0,0,0.0
U03502,S03502,2026-05-21,Mobile,Facebook,Electronics,561.0,1,0,0,0,0.0
U01464,S01464,2026-05-21,Mobile,Google,Home,6831.0,1,0,0,0,0.0
U04792,S04792,2026-05-21,Mobile,Email,Beauty,682.0,1,0,0,0,0.0
U06899,S06899,2026-05-21,Mobile,Facebook,Home,1218.0,1,0,0,0,0.0
U07611,S07611,2026-05-21,Desktop,Google,Shoes,490.0,1,0,0,0,0.0
U01600,S01600,2026-05-21,Mobile,Email,Home,846.0,1,1,0,0,0.0
U11910,S11910,2026-05-21,Mobile,Direct,Beauty,2358.0,1,0,0,0,0.0
U06910,S06910,2026-05-21,Mobile,Instagram,Clothing,5954.0,1,1,1,1,5954.0
U02441,S02441,2026-05-21,Tablet,Google,Electronics,1531.0,1,0,0,0,0.0
U06740,S06740,2026-05-21,Mobile,Google,Clothing,2149.0,1,0,0,0,0.0
U10216,S10216,2026-05-21,Mobile,Direct,Electronics,447.0,1,1,0,0,0.0
U00145,S00145,2026-05-21,Mobile,Instagram,Clothing,601.0,1,1,1,0,0.0
U02160,S02160,2026-05-21,Mobile,Facebook,Electronics,5315.0,1,0,0,0,0.0
U09922,S09922,2026-05-21,Mobile,Google,Home,4297.0,1,0,0,0,0.0
U11603,S11603,2026-05-21,Mobile,Email,Beauty,3189.0,1,1,0,0,0.0
U04111,S04111,2026-05-21,Mobile,Direct,Electronics,1445.0,1,0,0,0,0.0
U01389,S01389,2026-05-21,Desktop,Instagram,Beauty,1567.0,1,0,0,0,0.0
U04293,S04293,2026-05-21,Mobile,Google,Shoes,2467.0,1,1,0,0,0.0
U07665,S07665,2026-05-21,Mobile,Google,Electronics,2814.0,1,1,1,0,0.0
U11093,S11093,2026-05-21,Desktop,Google,Clothing,657.0,1,0,0,0,0.0
U06019,S06019,2026-05-21,Desktop,Email,Shoes,1968.0,1,0,0,0,0.0
U01398,S01398,2026-05-21,Desktop,Instagram,Shoes,3040.0,1,0,0,0,0.0
U01234,S01234,2026-05-21,Desktop,Email,Shoes,2371.0,1,0,0,0,0.0
U06951,S06951,2026-05-21,Mobile,Facebook,Beauty,782.0,1,1,1,0,0.0
U01748,S01748,2026-05-21,Mobile,Instagram,Home,1345.0,1,0,0,0,0.0
U01906,S01906,2026-05-21,Mobile,Facebook,Shoes,3907.0,1,1,1,0,0.0
U02094,S02094,2026-05-21,Mobile,Email,Clothing,2806.0,1,0,0,0,0.0
U02246,S02246,2026-05-21,Mobile,Email,Clothing,1360.0,1,0,0,0,0.0
U10005,S10005,2026-05-21,Mobile,Direct,Clothing,3597.0,1,1,1,1,3597.0
U07120,S07120,2026-05-21,Desktop,Google,Shoes,4309.0,1,1,1,1,4309.0
U04469,S04469,2026-05-21,Tablet,Instagram,Clothing,5947.0,1,1,1,1,5947.0
U05000,S05000,2026-05-21,Mobile,Email,Beauty,10105.0,1,0,0,0,0.0
U09996,S09996,2026-05-21,Mobile,Instagram,Clothing,4256.0,1,0,0,0,0.0
U03540,S03540,2026-05-21,Mobile,Facebook,Electronics,6242.0,1,0,0,0,0.0
U09489,S09489,2026-05-21,Tablet,Google,Electronics,595.0,1,0,0,0,0.0
U09298,S09298,2026-05-21,Tablet,Google,Clothing,2010.0,1,0,0,0,0.0
U01482,S01482,2026-05-21,Mobile,Google,Electronics,3731.0,1,0,0,0,0.0
U06030,S06030,2026-05-21,Mobile,Direct,Home,5825.0,1,0,0,0,0.0
U02993,S02993,2026-05-21,Mobile,Google,Shoes,4993.0,1,0,0,0,0.0
U08429,S08429,2026-05-21,Tablet,Email,Clothing,2892.0,1,1,1,1,2892.0
U02473,S02473,2026-05-21,Desktop,Google,Clothing,327.0,1,1,0,0,0.0
U03383,S03383,2026-05-21,Tablet,Facebook,Shoes,381.0,1,0,0,0,0.0
U04803,S04803,2026-05-21,Mobile,Google,Electronics,2255.0,1,0,0,0,0.0
U05986,S05986,2026-05-21,Mobile,Instagram,Electronics,2289.0,1,0,0,0,0.0
U00883,S00883,2026-05-21,Tablet,Google,Beauty,1053.0,1,0,0,0,0.0
U09994,S09994,2026-05-21,Mobile,Google,Beauty,3419.0,1,0,0,0,0.0
U11298,S11298,2026-05-21,Desktop,Google,Clothing,4143.0,1,0,0,0,0.0
U01833,S01833,2026-05-21,Mobile,Instagram,Clothing,1276.0,1,0,0,0,0.0
U01944,S01944,2026-05-22,Mobile,Google,Electronics,999.0,1,0,0,0,0.0
U10454,S10454,2026-05-22,Mobile,Instagram,Clothing,4465.0,1,1,0,0,0.0
U01851,S01851,2026-05-22,Mobile,Instagram,Electronics,21463.0,1,0,0,0,0.0
U08316,S08316,2026-05-22,Mobile,Instagram,Shoes,2061.0,1,0,0,0,0.0
U11145,S11145,2026-05-22,Mobile,Direct,Clothing,2639.0,1,1,1,0,0.0
U06299,S06299,2026-05-22,Mobile,Direct,Beauty,2694.0,1,0,0,0,0.0
U07360,S07360,2026-05-22,Desktop,Email,Electronics,5155.0,1,1,1,1,5155.0
U10101,S10101,2026-05-22,Tablet,Direct,Clothing,6041.0,1,0,0,0,0.0
U02990,S02990,2026-05-22,Mobile,Direct,Shoes,1751.0,1,0,0,0,0.0
U10808,S10808,2026-05-22,Mobile,Facebook,Shoes,1261.0,1,1,0,0,0.0
U07595,S07595,2026-05-22,Mobile,Email,Electronics,2648.0,1,0,0,0,0.0
U07646,S07646,2026-05-22,Mobile,Direct,Clothing,2777.0,1,0,0,0,0.0
U01898,S01898,2026-05-22,Mobile,Instagram,Home,9087.0,1,0,0,0,0.0
U06858,S06858,2026-05-22,Mobile,Facebook,Shoes,5202.0,1,0,0,0,0.0
U09518,S09518,2026-05-22,Mobile,Direct,Shoes,1504.0,1,0,0,0,0.0
U01000,S01000,2026-05-22,Mobile,Email,Shoes,702.0,1,1,0,0,0.0
U10394,S10394,2026-05-22,Mobile,Google,Shoes,14754.0,1,0,0,0,0.0
U11576,S11576,2026-05-22,Mobile,Direct,Electronics,1130.0,1,0,0,0,0.0
U04492,S04492,2026-05-22,Desktop,Google,Clothing,2197.0,1,0,0,0,0.0
U03456,S03456,2026-05-22,Desktop,Facebook,Home,4520.0,1,1,0,0,0.0
U11457,S11457,2026-05-22,Mobile,Instagram,Clothing,3759.0,1,0,0,0,0.0
U07683,S07683,2026-05-22,Mobile,Email,Electronics,1295.0,1,0,0,0,0.0
U00782,S00782,2026-05-22,Desktop,Direct,Clothing,2555.0,1,1,0,0,0.0
U09460,S09460,2026-05-22,Tablet,Google,Home,6322.0,1,1,0,0,0.0
U03763,S03763,2026-05-22,Mobile,Instagram,Home,3086.0,1,1,0,0,0.0
U10066,S10066,2026-05-22,Tablet,Instagram,Electronics,1259.0,1,1,1,1,1259.0
U10933,S10933,2026-05-22,Desktop,Direct,Electronics,987.0,1,1,1,1,987.0
U10924,S10924,2026-05-22,Mobile,Email,Clothing,1110.0,1,1,0,0,0.0
U07931,S07931,2026-05-22,Mobile,Facebook,Electronics,3447.0,1,1,1,0,0.0
U05070,S05070,2026-05-22,Mobile,Google,Clothing,3148.0,1,1,0,0,0.0
U11405,S11405,2026-05-22,Mobile,Instagram,Home,1939.0,1,1,0,0,0.0
U04662,S04662,2026-05-22,Desktop,Facebook,Beauty,1200.0,1,0,0,0,0.0
U05190,S05190,2026-05-22,Mobile,Google,Shoes,1749.0,1,1,0,0,0.0
U06436,S06436,2026-05-22,Mobile,Email,Clothing,3873.0,1,0,0,0,0.0
U11273,S11273,2026-05-22,Tablet,Direct,Clothing,584.0,1,0,0,0,0.0
U00960,S00960,2026-05-22,Mobile,Direct,Electronics,6064.0,1,0,0,0,0.0
U09782,S09782,2026-05-22,Mobile,Instagram,Clothing,4033.0,1,1,0,0,0.0
U01695,S01695,2026-05-22,Desktop,Google,Clothing,475.0,1,1,0,0,0.0
U04363,S04363,2026-05-22,Desktop,Facebook,Electronics,1551.0,1,0,0,0,0.0
U03706,S03706,2026-05-22,Mobile,Google,Shoes,9521.0,1,0,0,0,0.0
U05624,S05624,2026-05-22,Mobile,Direct,Beauty,2326.0,1,0,0,0,0.0
U03525,S03525,2026-05-22,Mobile,Email,Home,1429.0,1,0,0,0,0.0
U02699,S02699,2026-05-22,Mobile,Instagram,Clothing,3275.0,1,0,0,0,0.0
U03678,S03678,2026-05-22,Mobile,Google,Home,15708.0,1,0,0,0,0.0
U06983,S06983,2026-05-22,Mobile,Google,Shoes,16456.0,1,0,0,0,0.0
U05167,S05167,2026-05-22,Mobile,Google,Clothing,1430.0,1,0,0,0,0.0
U11230,S11230,2026-05-22,Desktop,Google,Shoes,2013.0,1,1,0,0,0.0
U03665,S03665,2026-05-22,Mobile,Google,Clothing,3597.0,1,0,0,0,0.0
U02163,S02163,2026-05-22,Mobile,Direct,Electronics,1260.0,1,0,0,0,0.0
U09951,S09951,2026-05-22,Mobile,Google,Electronics,981.0,1,0,0,0,0.0
U08977,S08977,2026-05-22,Mobile,Google,Beauty,12635.0,1,0,0,0,0.0
U03612,S03612,2026-05-22,Mobile,Instagram,Electronics,2136.0,1,0,0,0,0.0
U06430,S06430,2026-05-22,Mobile,Instagram,Clothing,6264.0,1,1,1,1,6264.0
U02325,S02325,2026-05-22,Mobile,Instagram,Beauty,814.0,1,1,1,0,0.0
U03165,S03165,2026-05-22,Mobile,Instagram,Clothing,2616.0,1,1,1,1,2616.0
U04922,S04922,2026-05-23,Mobile,Direct,Clothing,19152.0,1,0,0,0,0.0
U08256,S08256,2026-05-23,Mobile,Google,Clothing,9301.0,1,0,0,0,0.0
U03186,S03186,2026-05-23,Mobile,Instagram,Home,515.0,1,0,0,0,0.0
U06382,S06382,2026-05-23,Desktop,Google,Home,3246.0,1,0,0,0,0.0
U10013,S10013,2026-05-23,Mobile,Email,Shoes,26543.0,1,1,0,0,0.0
U01681,S01681,2026-05-23,Desktop,Google,Clothing,3684.0,1,1,1,0,0.0
U02686,S02686,2026-05-23,Desktop,Facebook,Clothing,2386.0,1,0,0,0,0.0
U08807,S08807,2026-05-23,Mobile,Email,Home,1867.0,1,0,0,0,0.0
U00065,S00065,2026-05-23,Desktop,Instagram,Beauty,1550.0,1,1,0,0,0.0
U01248,S01248,2026-05-23,Mobile,Google,Home,13289.0,1,0,0,0,0.0
U08145,S08145,2026-05-23,Mobile,Google,Beauty,3533.0,1,1,0,0,0.0
U02924,S02924,2026-05-23,Desktop,Google,Home,3550.0,1,0,0,0,0.0
U01673,S01673,2026-05-23,Desktop,Google,Electronics,3598.0,1,0,0,0,0.0
U04516,S04516,2026-05-23,Mobile,Email,Shoes,21849.0,1,0,0,0,0.0
U00985,S00985,2026-05-23,Mobile,Instagram,Home,4072.0,1,1,1,1,4072.0
U08159,S08159,2026-05-23,Mobile,Instagram,Home,1533.0,1,1,0,0,0.0
U11095,S11095,2026-05-23,Mobile,Google,Shoes,4028.0,1,0,0,0,0.0
U02417,S02417,2026-05-23,Mobile,Direct,Shoes,2610.0,1,1,0,0,0.0
U11855,S11855,2026-05-23,Mobile,Google,Clothing,7766.0,1,0,0,0,0.0
U00463,S00463,2026-05-23,Tablet,Google,Clothing,2563.0,1,0,0,0,0.0
U06693,S06693,2026-05-23,Desktop,Direct,Electronics,4962.0,1,1,1,1,4962.0
U00337,S00337,2026-05-23,Mobile,Google,Electronics,1852.0,1,1,1,1,1852.0
U09308,S09308,2026-05-23,Tablet,Google,Shoes,3447.0,1,1,1,1,3447.0
U01701,S01701,2026-05-23,Desktop,Direct,Beauty,1610.0,1,1,0,0,0.0
U06314,S06314,2026-05-23,Mobile,Google,Shoes,1108.0,1,0,0,0,0.0
U07272,S07272,2026-05-23,Desktop,Google,Shoes,12019.0,1,0,0,0,0.0
U03934,S03934,2026-05-23,Mobile,Facebook,Electronics,2132.0,1,0,0,0,0.0
U07376,S07376,2026-05-23,Mobile,Instagram,Home,3021.0,1,0,0,0,0.0
U11687,S11687,2026-05-23,Mobile,Facebook,Electronics,2020.0,1,1,1,1,2020.0
U03979,S03979,2026-05-23,Mobile,Google,Shoes,2380.0,1,1,0,0,0.0
U05413,S05413,2026-05-23,Mobile,Google,Shoes,1333.0,1,1,1,0,0.0
U02440,S02440,2026-05-23,Desktop,Direct,Electronics,1791.0,1,0,0,0,0.0
U09729,S09729,2026-05-23,Mobile,Direct,Home,1598.0,1,0,0,0,0.0
U03949,S03949,2026-05-23,Desktop,Google,Shoes,3684.0,1,0,0,0,0.0
U01320,S01320,2026-05-23,Desktop,Google,Electronics,5271.0,1,1,0,0,0.0
U03271,S03271,2026-05-23,Tablet,Google,Clothing,1944.0,1,1,1,1,1944.0
U02898,S02898,2026-05-23,Mobile,Google,Electronics,2886.0,1,0,0,0,0.0
U04372,S04372,2026-05-23,Mobile,Email,Beauty,6109.0,1,0,0,0,0.0
U10392,S10392,2026-05-23,Tablet,Direct,Electronics,641.0,1,1,1,0,0.0
U04332,S04332,2026-05-23,Tablet,Email,Electronics,2132.0,1,1,1,1,2132.0
U08576,S08576,2026-05-23,Mobile,Google,Beauty,7819.0,1,0,0,0,0.0
U09470,S09470,2026-05-23,Mobile,Google,Beauty,6208.0,1,0,0,0,0.0
U11467,S11467,2026-05-23,Mobile,Instagram,Beauty,4409.0,1,1,1,0,0.0
U01740,S01740,2026-05-23,Desktop,Email,Electronics,3395.0,1,0,0,0,0.0
U08561,S08561,2026-05-23,Mobile,Facebook,Electronics,1980.0,1,1,1,1,1980.0
U03989,S03989,2026-05-24,Tablet,Google,Beauty,2941.0,1,0,0,0,0.0
U03951,S03951,2026-05-24,Mobile,Email,Clothing,8681.0,1,0,0,0,0.0
U10569,S10569,2026-05-24,Mobile,Facebook,Clothing,1224.0,1,0,0,0,0.0
U04023,S04023,2026-05-24,Mobile,Facebook,Electronics,2523.0,1,1,1,1,2523.0
U11832,S11832,2026-05-24,Mobile,Instagram,Clothing,8542.0,1,1,0,0,0.0
U01892,S01892,2026-05-24,Desktop,Facebook,Clothing,4723.0,1,1,1,1,4723.0
U08614,S08614,2026-05-24,Mobile,Google,Clothing,1607.0,1,1,0,0,0.0
U04531,S04531,2026-05-24,Desktop,Email,Home,3862.0,1,1,1,1,3862.0
U06450,S06450,2026-05-24,Desktop,Instagram,Shoes,1002.0,1,0,0,0,0.0
U05438,S05438,2026-05-24,Mobile,Instagram,Shoes,2940.0,1,1,0,0,0.0
U00556,S00556,2026-05-24,Mobile,Instagram,Home,7534.0,1,0,0,0,0.0
U09542,S09542,2026-05-24,Tablet,Google,Clothing,3998.0,1,1,1,0,0.0
U02383,S02383,2026-05-24,Mobile,Direct,Clothing,4287.0,1,0,0,0,0.0
U06758,S06758,2026-05-24,Desktop,Google,Clothing,3189.0,1,0,0,0,0.0
U02165,S02165,2026-05-24,Desktop,Google,Beauty,4332.0,1,1,1,1,4332.0
U11237,S11237,2026-05-24,Mobile,Direct,Clothing,2156.0,1,1,1,1,2156.0
U09224,S09224,2026-05-24,Desktop,Facebook,Beauty,895.0,1,1,1,1,895.0
U10327,S10327,2026-05-24,Mobile,Direct,Beauty,2139.0,1,1,0,0,0.0
U00396,S00396,2026-05-24,Mobile,Instagram,Shoes,2445.0,1,0,0,0,0.0
U03395,S03395,2026-05-24,Desktop,Google,Clothing,741.0,1,1,0,0,0.0
U03226,S03226,2026-05-24,Desktop,Google,Electronics,11784.0,1,0,0,0,0.0
U02115,S02115,2026-05-24,Mobile,Instagram,Electronics,11123.0,1,0,0,0,0.0
U06067,S06067,2026-05-24,Mobile,Google,Clothing,2288.0,1,1,1,1,2288.0
U05129,S05129,2026-05-24,Desktop,Instagram,Home,3606.0,1,0,0,0,0.0
U03570,S03570,2026-05-24,Mobile,Google,Clothing,4916.0,1,0,0,0,0.0
U03761,S03761,2026-05-24,Tablet,Google,Electronics,2055.0,1,1,1,1,2055.0
U07162,S07162,2026-05-24,Mobile,Direct,Clothing,982.0,1,1,0,0,0.0
U01552,S01552,2026-05-24,Mobile,Direct,Clothing,6285.0,1,1,1,1,6285.0
U11558,S11558,2026-05-24,Tablet,Google,Home,2623.0,1,0,0,0,0.0
U10894,S10894,2026-05-24,Mobile,Email,Clothing,678.0,1,0,0,0,0.0
U00211,S00211,2026-05-24,Desktop,Direct,Shoes,996.0,1,1,0,0,0.0
U04395,S04395,2026-05-24,Mobile,Google,Beauty,762.0,1,1,0,0,0.0
U04137,S04137,2026-05-24,Mobile,Direct,Clothing,1357.0,1,0,0,0,0.0
U11593,S11593,2026-05-24,Desktop,Google,Clothing,654.0,1,0,0,0,0.0
U03149,S03149,2026-05-24,Desktop,Google,Home,8974.0,1,0,0,0,0.0
U10356,S10356,2026-05-24,Desktop,Google,Clothing,872.0,1,0,0,0,0.0
U07802,S07802,2026-05-24,Desktop,Email,Shoes,8567.0,1,1,1,1,8567.0
U02763,S02763,2026-05-24,Mobile,Email,Home,1819.0,1,0,0,0,0.0
U00473,S00473,2026-05-24,Mobile,Google,Shoes,1863.0,1,0,0,0,0.0
U08334,S08334,2026-05-24,Mobile,Google,Clothing,2432.0,1,0,0,0,0.0
U02203,S02203,2026-05-24,Desktop,Direct,Shoes,6259.0,1,0,0,0,0.0
U05052,S05052,2026-05-24,Mobile,Google,Clothing,1464.0,1,1,1,1,1464.0
U01082,S01082,2026-05-24,Desktop,Instagram,Electronics,13055.0,1,0,0,0,0.0
U04164,S04164,2026-05-24,Mobile,Google,Home,10608.0,1,0,0,0,0.0
U09457,S09457,2026-05-24,Mobile,Direct,Electronics,1978.0,1,0,0,0,0.0
U09445,S09445,2026-05-24,Desktop,Direct,Beauty,1943.0,1,1,0,0,0.0
U06639,S06639,2026-05-24,Desktop,Email,Clothing,300.0,1,0,0,0,0.0
U03705,S03705,2026-05-24,Mobile,Email,Clothing,6228.0,1,0,0,0,0.0
U00340,S00340,2026-05-24,Tablet,Email,Shoes,927.0,1,0,0,0,0.0
U05770,S05770,2026-05-24,Desktop,Email,Clothing,4451.0,1,1,1,0,0.0
U03166,S03166,2026-05-24,Desktop,Google,Electronics,5860.0,1,0,0,0,0.0
U02302,S02302,2026-05-24,Desktop,Email,Electronics,1010.0,1,1,1,1,1010.0
U08803,S08803,2026-05-24,Mobile,Facebook,Clothing,6048.0,1,0,0,0,0.0
U03233,S03233,2026-05-24,Mobile,Google,Home,2522.0,1,0,0,0,0.0
U08981,S08981,2026-05-24,Mobile,Facebook,Electronics,3127.0,1,0,0,0,0.0
U05487,S05487,2026-05-24,Desktop,Email,Clothing,1288.0,1,1,0,0,0.0
U04201,S04201,2026-05-24,Mobile,Google,Shoes,4954.0,1,1,1,0,0.0
U10721,S10721,2026-05-24,Mobile,Instagram,Electronics,5904.0,1,1,1,0,0.0
U08295,S08295,2026-05-24,Desktop,Google,Electronics,6911.0,1,0,0,0,0.0
U03493,S03493,2026-05-24,Desktop,Facebook,Clothing,7274.0,1,1,1,1,7274.0
U08197,S08197,2026-05-24,Desktop,Instagram,Shoes,9177.0,1,1,1,0,0.0
U05908,S05908,2026-05-24,Desktop,Email,Clothing,2152.0,1,1,1,1,2152.0
U06315,S06315,2026-05-24,Desktop,Google,Electronics,1323.0,1,1,0,0,0.0
U07190,S07190,2026-05-24,Desktop,Email,Beauty,431.0,1,0,0,0,0.0
U10305,S10305,2026-05-24,Desktop,Direct,Beauty,3566.0,1,0,0,0,0.0
U06931,S06931,2026-05-24,Mobile,Direct,Clothing,1009.0,1,0,0,0,0.0
U06465,S06465,2026-05-25,Mobile,Direct,Shoes,545.0,1,1,0,0,0.0
U03398,S03398,2026-05-25,Mobile,Google,Clothing,3855.0,1,0,0,0,0.0
U04373,S04373,2026-05-25,Mobile,Facebook,Clothing,6466.0,1,0,0,0,0.0
U10669,S10669,2026-05-25,Mobile,Instagram,Electronics,4351.0,1,0,0,0,0.0
U02529,S02529,2026-05-25,Desktop,Google,Beauty,2287.0,1,0,0,0,0.0
U01834,S01834,2026-05-25,Mobile,Direct,Clothing,300.0,1,0,0,0,0.0
U03337,S03337,2026-05-25,Mobile,Email,Shoes,2414.0,1,0,0,0,0.0
U02371,S02371,2026-05-25,Mobile,Email,Shoes,1637.0,1,0,0,0,0.0
U02996,S02996,2026-05-25,Mobile,Direct,Home,1401.0,1,0,0,0,0.0
U00564,S00564,2026-05-25,Desktop,Facebook,Home,986.0,1,0,0,0,0.0
U04448,S04448,2026-05-25,Mobile,Google,Clothing,4069.0,1,1,0,0,0.0
U08485,S08485,2026-05-25,Desktop,Direct,Shoes,1906.0,1,1,0,0,0.0
U11620,S11620,2026-05-25,Mobile,Direct,Clothing,20439.0,1,0,0,0,0.0
U01824,S01824,2026-05-25,Mobile,Direct,Home,2756.0,1,0,0,0,0.0
U05007,S05007,2026-05-25,Desktop,Direct,Home,9718.0,1,1,0,0,0.0
U11743,S11743,2026-05-25,Tablet,Instagram,Shoes,3055.0,1,1,0,0,0.0
U00628,S00628,2026-05-25,Mobile,Google,Clothing,930.0,1,1,0,0,0.0
U10592,S10592,2026-05-25,Desktop,Instagram,Home,3741.0,1,0,0,0,0.0
U01859,S01859,2026-05-25,Mobile,Instagram,Clothing,2915.0,1,1,1,1,2915.0
U07682,S07682,2026-05-25,Desktop,Facebook,Electronics,5568.0,1,1,1,1,5568.0
U06206,S06206,2026-05-25,Desktop,Instagram,Beauty,333.0,1,1,1,0,0.0
U00392,S00392,2026-05-25,Mobile,Instagram,Electronics,2655.0,1,1,0,0,0.0
U01732,S01732,2026-05-25,Mobile,Instagram,Beauty,450.0,1,0,0,0,0.0
U06624,S06624,2026-05-25,Mobile,Email,Clothing,14182.0,1,1,1,1,14182.0
U08268,S08268,2026-05-25,Mobile,Direct,Electronics,560.0,1,1,0,0,0.0
U02380,S02380,2026-05-25,Desktop,Instagram,Home,656.0,1,0,0,0,0.0
U03282,S03282,2026-05-25,Mobile,Google,Beauty,2070.0,1,0,0,0,0.0
U06707,S06707,2026-05-25,Mobile,Email,Clothing,1955.0,1,0,0,0,0.0
U01725,S01725,2026-05-25,Mobile,Direct,Beauty,416.0,1,0,0,0,0.0
U08636,S08636,2026-05-25,Mobile,Direct,Clothing,793.0,1,0,0,0,0.0
U02772,S02772,2026-05-25,Desktop,Direct,Clothing,9137.0,1,0,0,0,0.0
U04582,S04582,2026-05-25,Desktop,Direct,Clothing,12005.0,1,1,1,1,12005.0
U10864,S10864,2026-05-25,Mobile,Google,Clothing,1183.0,1,0,0,0,0.0
U10814,S10814,2026-05-25,Desktop,Direct,Clothing,3633.0,1,0,0,0,0.0
U07238,S07238,2026-05-25,Desktop,Google,Clothing,17010.0,1,0,0,0,0.0
U01918,S01918,2026-05-25,Desktop,Email,Clothing,1442.0,1,0,0,0,0.0
U03558,S03558,2026-05-25,Tablet,Google,Clothing,4598.0,1,1,0,0,0.0
U01919,S01919,2026-05-25,Mobile,Instagram,Home,4606.0,1,0,0,0,0.0
U01364,S01364,2026-05-25,Mobile,Facebook,Clothing,7342.0,1,0,0,0,0.0
U02811,S02811,2026-05-25,Mobile,Facebook,Beauty,10744.0,1,0,0,0,0.0
U01927,S01927,2026-05-25,Mobile,Instagram,Shoes,2752.0,1,0,0,0,0.0
U11483,S11483,2026-05-25,Mobile,Facebook,Clothing,2588.0,1,0,0,0,0.0
U02076,S02076,2026-05-25,Mobile,Instagram,Clothing,14485.0,1,0,0,0,0.0
U08825,S08825,2026-05-25,Desktop,Instagram,Clothing,2682.0,1,1,1,0,0.0
U07485,S07485,2026-05-25,Mobile,Google,Home,802.0,1,0,0,0,0.0
U03689,S03689,2026-05-25,Mobile,Google,Home,2297.0,1,1,1,0,0.0
U06017,S06017,2026-05-25,Mobile,Facebook,Clothing,1231.0,1,0,0,0,0.0
U00517,S00517,2026-05-25,Mobile,Instagram,Home,4675.0,1,0,0,0,0.0
U02078,S02078,2026-05-25,Mobile,Instagram,Clothing,2046.0,1,0,0,0,0.0
U03698,S03698,2026-05-25,Mobile,Google,Clothing,2171.0,1,0,0,0,0.0
U02244,S02244,2026-05-25,Mobile,Google,Beauty,939.0,1,1,1,1,939.0
U02167,S02167,2026-05-25,Desktop,Email,Home,942.0,1,1,1,1,942.0
U00009,S00009,2026-05-25,Mobile,Direct,Clothing,4631.0,1,1,1,0,0.0
U09358,S09358,2026-05-25,Desktop,Direct,Home,1913.0,1,1,1,1,1913.0
U03413,S03413,2026-05-25,Mobile,Direct,Home,1957.0,1,0,0,0,0.0
U08681,S08681,2026-05-25,Mobile,Email,Shoes,2353.0,1,0,0,0,0.0
U07059,S07059,2026-05-25,Mobile,Instagram,Clothing,3295.0,1,1,1,1,3295.0
U10205,S10205,2026-05-25,Desktop,Google,Electronics,300.0,1,0,0,0,0.0
U00287,S00287,2026-05-25,Mobile,Email,Clothing,1000.0,1,0,0,0,0.0
U06859,S06859,2026-05-25,Mobile,Google,Clothing,958.0,1,0,0,0,0.0
U03159,S03159,2026-05-25,Desktop,Email,Home,1826.0,1,0,0,0,0.0
U05546,S05546,2026-05-25,Mobile,Google,Beauty,414.0,1,1,1,1,414.0
U03759,S03759,2026-05-25,Tablet,Direct,Shoes,2820.0,1,0,0,0,0.0
U02540,S02540,2026-05-25,Mobile,Direct,Clothing,2240.0,1,1,1,0,0.0
U11361,S11361,2026-05-26,Desktop,Google,Shoes,3895.0,1,1,1,1,3895.0
U05539,S05539,2026-05-26,Mobile,Instagram,Electronics,15031.0,1,0,0,0,0.0
U08419,S08419,2026-05-26,Mobile,Google,Home,6199.0,1,0,0,0,0.0
U10717,S10717,2026-05-26,Mobile,Email,Home,2085.0,1,0,0,0,0.0
U05989,S05989,2026-05-26,Tablet,Direct,Home,7841.0,1,1,1,1,7841.0
U06381,S06381,2026-05-26,Desktop,Google,Clothing,4618.0,1,1,1,1,4618.0
U02580,S02580,2026-05-26,Tablet,Google,Beauty,2724.0,1,0,0,0,0.0
U07769,S07769,2026-05-26,Tablet,Direct,Shoes,755.0,1,1,1,0,0.0
U09730,S09730,2026-05-26,Tablet,Instagram,Home,8711.0,1,1,1,1,8711.0
U01829,S01829,2026-05-26,Tablet,Instagram,Home,7904.0,1,0,0,0,0.0
U01765,S01765,2026-05-26,Mobile,Email,Beauty,10840.0,1,0,0,0,0.0
U07355,S07355,2026-05-26,Mobile,Facebook,Home,2963.0,1,1,0,0,0.0
U09918,S09918,2026-05-26,Mobile,Instagram,Beauty,4408.0,1,0,0,0,0.0
U04262,S04262,2026-05-26,Desktop,Facebook,Home,1193.0,1,0,0,0,0.0
U07348,S07348,2026-05-26,Mobile,Google,Beauty,2159.0,1,0,0,0,0.0
U10344,S10344,2026-05-26,Tablet,Direct,Beauty,300.0,1,0,0,0,0.0
U09961,S09961,2026-05-26,Mobile,Google,Electronics,1069.0,1,0,0,0,0.0
U02799,S02799,2026-05-26,Desktop,Direct,Electronics,7314.0,1,0,0,0,0.0
U04358,S04358,2026-05-26,Mobile,Instagram,Electronics,4894.0,1,0,0,0,0.0
U01976,S01976,2026-05-26,Mobile,Direct,Shoes,767.0,1,0,0,0,0.0
U07794,S07794,2026-05-26,Mobile,Google,Clothing,2811.0,1,0,0,0,0.0
U11068,S11068,2026-05-26,Mobile,Google,Clothing,5729.0,1,0,0,0,0.0
U06853,S06853,2026-05-26,Desktop,Email,Home,6562.0,1,0,0,0,0.0
U03747,S03747,2026-05-26,Mobile,Instagram,Clothing,465.0,1,0,0,0,0.0
U08286,S08286,2026-05-26,Mobile,Instagram,Electronics,1229.0,1,0,0,0,0.0
U06289,S06289,2026-05-26,Mobile,Google,Electronics,1449.0,1,1,1,1,1449.0
U06925,S06925,2026-05-26,Mobile,Google,Beauty,4509.0,1,1,1,0,0.0
U06638,S06638,2026-05-26,Desktop,Direct,Electronics,2779.0,1,0,0,0,0.0
U02821,S02821,2026-05-26,Mobile,Google,Clothing,3374.0,1,0,0,0,0.0
U02454,S02454,2026-05-26,Desktop,Email,Electronics,1477.0,1,0,0,0,0.0
U02464,S02464,2026-05-26,Mobile,Google,Home,1075.0,1,0,0,0,0.0
U11711,S11711,2026-05-26,Mobile,Direct,Home,881.0,1,0,0,0,0.0
U04659,S04659,2026-05-26,Mobile,Email,Home,3763.0,1,1,1,1,3763.0
U11435,S11435,2026-05-26,Mobile,Direct,Shoes,950.0,1,0,0,0,0.0
U03825,S03825,2026-05-26,Desktop,Instagram,Home,1376.0,1,1,1,1,1376.0
U03826,S03826,2026-05-26,Mobile,Email,Electronics,1650.0,1,1,0,0,0.0
U03252,S03252,2026-05-26,Mobile,Google,Beauty,2745.0,1,1,1,0,0.0
U02312,S02312,2026-05-26,Mobile,Google,Electronics,2363.0,1,1,1,0,0.0
U01379,S01379,2026-05-26,Desktop,Direct,Shoes,1723.0,1,0,0,0,0.0
U06851,S06851,2026-05-26,Tablet,Google,Beauty,1758.0,1,0,0,0,0.0
U07468,S07468,2026-05-26,Mobile,Facebook,Home,4706.0,1,0,0,0,0.0
U09553,S09553,2026-05-26,Desktop,Facebook,Beauty,4365.0,1,0,0,0,0.0
U06815,S06815,2026-05-26,Mobile,Email,Home,1644.0,1,0,0,0,0.0
U08122,S08122,2026-05-26,Mobile,Instagram,Clothing,3038.0,1,1,1,0,0.0
U09170,S09170,2026-05-26,Mobile,Instagram,Home,743.0,1,0,0,0,0.0
U01502,S01502,2026-05-26,Tablet,Google,Home,4230.0,1,1,1,1,4230.0
U08549,S08549,2026-05-26,Desktop,Direct,Shoes,708.0,1,0,0,0,0.0
U07948,S07948,2026-05-26,Mobile,Google,Shoes,2425.0,1,0,0,0,0.0
U08709,S08709,2026-05-26,Mobile,Facebook,Home,989.0,1,0,0,0,0.0
U01523,S01523,2026-05-26,Desktop,Email,Shoes,578.0,1,1,1,0,0.0
U06498,S06498,2026-05-26,Mobile,Email,Beauty,1305.0,1,0,0,0,0.0
U09257,S09257,2026-05-26,Mobile,Google,Beauty,1685.0,1,0,0,0,0.0
U06486,S06486,2026-05-26,Desktop,Instagram,Clothing,4022.0,1,0,0,0,0.0
U08107,S08107,2026-05-26,Mobile,Instagram,Electronics,4296.0,1,0,0,0,0.0
U09195,S09195,2026-05-26,Mobile,Google,Home,1954.0,1,0,0,0,0.0
U09203,S09203,2026-05-26,Mobile,Direct,Clothing,2383.0,1,1,1,1,2383.0
U06512,S06512,2026-05-26,Mobile,Instagram,Clothing,2501.0,1,1,0,0,0.0
U09357,S09357,2026-05-26,Tablet,Facebook,Home,1898.0,1,1,1,1,1898.0
U09163,S09163,2026-05-26,Desktop,Instagram,Clothing,4643.0,1,0,0,0,0.0
U00457,S00457,2026-05-26,Tablet,Google,Home,922.0,1,1,1,1,922.0
U03950,S03950,2026-05-26,Mobile,Direct,Clothing,3016.0,1,0,0,0,0.0
U08299,S08299,2026-05-26,Mobile,Facebook,Shoes,1150.0,1,0,0,0,0.0
U00226,S00226,2026-05-26,Tablet,Google,Shoes,2695.0,1,0,0,0,0.0
U07925,S07925,2026-05-26,Desktop,Google,Shoes,3475.0,1,0,0,0,0.0
U11666,S11666,2026-05-26,Desktop,Instagram,Shoes,3049.0,1,1,1,1,3049.0
U08035,S08035,2026-05-26,Mobile,Direct,Shoes,3095.0,1,0,0,0,0.0
U09873,S09873,2026-05-26,Desktop,Instagram,Clothing,1623.0,1,0,0,0,0.0
U04671,S04671,2026-05-26,Mobile,Facebook,Electronics,3102.0,1,1,0,0,0.0
U01190,S01190,2026-05-26,Desktop,Direct,Electronics,1283.0,1,1,1,0,0.0
U09652,S09652,2026-05-26,Desktop,Instagram,Home,7244.0,1,1,0,0,0.0
U07062,S07062,2026-05-26,Mobile,Direct,Clothing,8387.0,1,0,0,0,0.0
U07052,S07052,2026-05-26,Mobile,Google,Beauty,1457.0,1,0,0,0,0.0
U03635,S03635,2026-05-26,Mobile,Direct,Clothing,2166.0,1,0,0,0,0.0
U06196,S06196,2026-05-26,Mobile,Instagram,Home,805.0,1,1,0,0,0.0
U00534,S00534,2026-05-26,Desktop,Instagram,Home,6481.0,1,0,0,0,0.0
U10325,S10325,2026-05-26,Mobile,Email,Shoes,2330.0,1,0,0,0,0.0
U04322,S04322,2026-05-27,Mobile,Email,Clothing,1524.0,1,1,0,0,0.0
U08995,S08995,2026-05-27,Mobile,Instagram,Clothing,1347.0,1,0,0,0,0.0
U08005,S08005,2026-05-27,Desktop,Email,Shoes,300.0,1,0,0,0,0.0
U08045,S08045,2026-05-27,Tablet,Instagram,Home,852.0,1,0,0,0,0.0
U10372,S10372,2026-05-27,Mobile,Google,Clothing,2171.0,1,0,0,0,0.0
U10297,S10297,2026-05-27,Desktop,Direct,Clothing,1643.0,1,0,0,0,0.0
U06480,S06480,2026-05-27,Mobile,Google,Beauty,1126.0,1,0,0,0,0.0
U10306,S10306,2026-05-27,Mobile,Instagram,Beauty,690.0,1,1,1,0,0.0
U05150,S05150,2026-05-27,Mobile,Google,Shoes,13709.0,1,1,1,1,13709.0
U09229,S09229,2026-05-27,Desktop,Google,Beauty,1914.0,1,0,0,0,0.0
U00153,S00153,2026-05-27,Mobile,Direct,Home,1396.0,1,0,0,0,0.0
U00593,S00593,2026-05-27,Mobile,Direct,Shoes,3412.0,1,0,0,0,0.0
U07183,S07183,2026-05-27,Desktop,Google,Beauty,4792.0,1,0,0,0,0.0
U07182,S07182,2026-05-27,Mobile,Email,Beauty,2251.0,1,0,0,0,0.0
U07172,S07172,2026-05-27,Mobile,Direct,Electronics,1673.0,1,0,0,0,0.0
U07165,S07165,2026-05-27,Tablet,Direct,Electronics,1433.0,1,0,0,0,0.0
U04683,S04683,2026-05-27,Desktop,Instagram,Electronics,2780.0,1,1,1,1,2780.0
U02744,S02744,2026-05-27,Desktop,Email,Shoes,502.0,1,0,0,0,0.0
U02669,S02669,2026-05-27,Mobile,Google,Electronics,5783.0,1,0,0,0,0.0
U07941,S07941,2026-05-27,Mobile,Facebook,Clothing,14343.0,1,0,0,0,0.0
U09100,S09100,2026-05-27,Tablet,Email,Electronics,13129.0,1,0,0,0,0.0
U07118,S07118,2026-05-27,Desktop,Google,Electronics,3262.0,1,1,1,1,3262.0
U01227,S01227,2026-05-27,Mobile,Email,Clothing,1127.0,1,0,0,0,0.0
U09937,S09937,2026-05-27,Mobile,Google,Beauty,7277.0,1,1,1,1,7277.0
U02756,S02756,2026-05-27,Desktop,Direct,Beauty,2473.0,1,1,0,0,0.0
U00741,S00741,2026-05-27,Mobile,Facebook,Shoes,3985.0,1,1,1,0,0.0
U04724,S04724,2026-05-27,Mobile,Google,Home,1378.0,1,0,0,0,0.0
U10970,S10970,2026-05-27,Mobile,Instagram,Electronics,1878.0,1,1,0,0,0.0
U01209,S01209,2026-05-27,Mobile,Instagram,Home,1678.0,1,0,0,0,0.0
U10208,S10208,2026-05-27,Mobile,Direct,Shoes,2055.0,1,0,0,0,0.0
U03625,S03625,2026-05-27,Desktop,Google,Electronics,2022.0,1,0,0,0,0.0
U00144,S00144,2026-05-27,Mobile,Google,Clothing,2170.0,1,0,0,0,0.0
U02623,S02623,2026-05-27,Mobile,Facebook,Home,452.0,1,0,0,0,0.0
U05927,S05927,2026-05-27,Desktop,Instagram,Electronics,1681.0,1,0,0,0,0.0
U05443,S05443,2026-05-27,Desktop,Email,Shoes,3210.0,1,1,1,1,3210.0
U02241,S02241,2026-05-27,Mobile,Google,Shoes,1749.0,1,1,1,1,1749.0
U05305,S05305,2026-05-27,Mobile,Direct,Electronics,1943.0,1,0,0,0,0.0
U02259,S02259,2026-05-27,Mobile,Instagram,Home,9476.0,1,0,0,0,0.0
U08719,S08719,2026-05-27,Mobile,Facebook,Shoes,5092.0,1,1,1,0,0.0
U09680,S09680,2026-05-27,Mobile,Instagram,Shoes,4152.0,1,1,1,0,0.0
U10140,S10140,2026-05-27,Mobile,Google,Electronics,3887.0,1,0,0,0,0.0
U10748,S10748,2026-05-27,Desktop,Email,Clothing,3688.0,1,1,1,1,3688.0
U09701,S09701,2026-05-27,Mobile,Google,Beauty,977.0,1,0,0,0,0.0
U07459,S07459,2026-05-27,Mobile,Direct,Electronics,832.0,1,1,1,1,832.0
U00250,S00250,2026-05-27,Mobile,Instagram,Clothing,2186.0,1,1,0,0,0.0
U05370,S05370,2026-05-27,Mobile,Google,Electronics,2278.0,1,0,0,0,0.0
U06016,S06016,2026-05-27,Mobile,Email,Shoes,912.0,1,1,1,0,0.0
U06826,S06826,2026-05-27,Mobile,Email,Beauty,667.0,1,1,1,0,0.0
U03453,S03453,2026-05-27,Mobile,Facebook,Clothing,1076.0,1,0,0,0,0.0
U08461,S08461,2026-05-27,Desktop,Direct,Beauty,4953.0,1,0,0,0,0.0
U08791,S08791,2026-05-27,Desktop,Direct,Electronics,4138.0,1,1,1,1,4138.0
U03378,S03378,2026-05-27,Desktop,Google,Shoes,1913.0,1,1,1,1,1913.0
U08705,S08705,2026-05-27,Mobile,Email,Shoes,3850.0,1,0,0,0,0.0
U09524,S09524,2026-05-27,Mobile,Facebook,Beauty,3556.0,1,1,1,1,3556.0
U05440,S05440,2026-05-27,Mobile,Direct,Clothing,3626.0,1,0,0,0,0.0
U00532,S00532,2026-05-27,Desktop,Email,Clothing,1898.0,1,0,0,0,0.0
U00692,S00692,2026-05-27,Desktop,Email,Clothing,300.0,1,0,0,0,0.0
U02605,S02605,2026-05-27,Mobile,Facebook,Electronics,666.0,1,0,0,0,0.0
U06131,S06131,2026-05-27,Mobile,Email,Shoes,4154.0,1,1,1,1,4154.0
U09572,S09572,2026-05-27,Desktop,Instagram,Beauty,694.0,1,1,0,0,0.0
U06891,S06891,2026-05-27,Desktop,Google,Beauty,10060.0,1,1,1,1,10060.0
U02795,S02795,2026-05-27,Desktop,Instagram,Clothing,649.0,1,0,0,0,0.0
U00826,S00826,2026-05-27,Mobile,Direct,Clothing,1101.0,1,0,0,0,0.0
U07506,S07506,2026-05-28,Desktop,Instagram,Beauty,2435.0,1,0,0,0,0.0
U08021,S08021,2026-05-28,Mobile,Facebook,Beauty,13398.0,1,1,1,0,0.0
U10749,S10749,2026-05-28,Mobile,Instagram,Beauty,3293.0,1,0,0,0,0.0
U10604,S10604,2026-05-28,Desktop,Email,Electronics,1702.0,1,1,0,0,0.0
U10577,S10577,2026-05-28,Desktop,Instagram,Clothing,5149.0,1,0,0,0,0.0
U11659,S11659,2026-05-28,Mobile,Instagram,Home,1072.0,1,0,0,0,0.0
U08017,S08017,2026-05-28,Desktop,Instagram,Clothing,1073.0,1,0,0,0,0.0
U06539,S06539,2026-05-28,Mobile,Direct,Shoes,2098.0,1,1,0,0,0.0
U11519,S11519,2026-05-28,Mobile,Instagram,Home,3545.0,1,1,1,0,0.0
U00090,S00090,2026-05-28,Mobile,Email,Electronics,3508.0,1,0,0,0,0.0
U00227,S00227,2026-05-28,Mobile,Google,Clothing,4273.0,1,0,0,0,0.0
U11377,S11377,2026-05-28,Desktop,Direct,Home,1715.0,1,1,1,1,1715.0
U03440,S03440,2026-05-28,Mobile,Email,Electronics,3349.0,1,0,0,0,0.0
U08049,S08049,2026-05-28,Mobile,Google,Electronics,2199.0,1,1,0,0,0.0
U06141,S06141,2026-05-28,Mobile,Email,Clothing,1054.0,1,1,1,1,1054.0
U07596,S07596,2026-05-28,Desktop,Direct,Home,1593.0,1,0,0,0,0.0
U06731,S06731,2026-05-28,Desktop,Facebook,Shoes,1515.0,1,1,0,0,0.0
U06722,S06722,2026-05-28,Mobile,Direct,Electronics,1295.0,1,0,0,0,0.0
U02138,S02138,2026-05-28,Desktop,Facebook,Electronics,2324.0,1,0,0,0,0.0
U00669,S00669,2026-05-28,Mobile,Instagram,Shoes,2321.0,1,1,1,1,2321.0
U04497,S04497,2026-05-28,Mobile,Direct,Shoes,7458.0,1,0,0,0,0.0
U06511,S06511,2026-05-28,Desktop,Email,Shoes,21465.0,1,0,0,0,0.0
U02850,S02850,2026-05-28,Mobile,Google,Clothing,614.0,1,0,0,0,0.0
U09248,S09248,2026-05-28,Mobile,Instagram,Home,9138.0,1,1,0,0,0.0
U05660,S05660,2026-05-28,Desktop,Google,Beauty,1959.0,1,0,0,0,0.0
U03214,S03214,2026-05-28,Mobile,Direct,Beauty,300.0,1,0,0,0,0.0
U01742,S01742,2026-05-28,Mobile,Email,Electronics,604.0,1,0,0,0,0.0
U01017,S01017,2026-05-28,Desktop,Direct,Beauty,3323.0,1,1,1,1,3323.0
U06704,S06704,2026-05-28,Mobile,Google,Clothing,2377.0,1,1,1,1,2377.0
U04807,S04807,2026-05-28,Mobile,Email,Electronics,3408.0,1,0,0,0,0.0
U06703,S06703,2026-05-28,Tablet,Facebook,Electronics,907.0,1,0,0,0,0.0
U05116,S05116,2026-05-28,Tablet,Direct,Home,574.0,1,1,1,0,0.0
U06417,S06417,2026-05-28,Mobile,Google,Shoes,2705.0,1,0,0,0,0.0
U02148,S02148,2026-05-28,Tablet,Facebook,Electronics,1204.0,1,0,0,0,0.0
U05106,S05106,2026-05-28,Mobile,Instagram,Beauty,2856.0,1,1,1,1,2856.0
U03234,S03234,2026-05-28,Mobile,Instagram,Shoes,8944.0,1,1,1,1,8944.0
U04544,S04544,2026-05-28,Mobile,Facebook,Home,2285.0,1,1,1,1,2285.0
U01064,S01064,2026-05-28,Desktop,Facebook,Electronics,11481.0,1,1,0,0,0.0
U00203,S00203,2026-05-28,Mobile,Email,Shoes,731.0,1,1,1,1,731.0
U10238,S10238,2026-05-28,Mobile,Google,Clothing,1998.0,1,1,1,1,1998.0
U09485,S09485,2026-05-28,Desktop,Email,Electronics,2095.0,1,1,0,0,0.0
U09033,S09033,2026-05-28,Mobile,Google,Beauty,1972.0,1,0,0,0,0.0
U09974,S09974,2026-05-28,Mobile,Google,Beauty,3215.0,1,0,0,0,0.0
U01335,S01335,2026-05-28,Tablet,Instagram,Home,861.0,1,1,0,0,0.0
U03480,S03480,2026-05-28,Mobile,Google,Clothing,968.0,1,0,0,0,0.0
U07229,S07229,2026-05-28,Mobile,Direct,Electronics,873.0,1,1,1,0,0.0
U00418,S00418,2026-05-28,Desktop,Google,Clothing,1699.0,1,1,1,1,1699.0
U05239,S05239,2026-05-28,Mobile,Google,Clothing,1351.0,1,1,1,1,1351.0
U04132,S04132,2026-05-28,Desktop,Direct,Electronics,2697.0,1,1,1,1,2697.0
U09399,S09399,2026-05-28,Desktop,Direct,Electronics,3620.0,1,1,1,1,3620.0
U00998,S00998,2026-05-28,Mobile,Instagram,Shoes,3874.0,1,0,0,0,0.0
U01767,S01767,2026-05-28,Tablet,Direct,Home,1448.0,1,0,0,0,0.0
U07317,S07317,2026-05-28,Desktop,Instagram,Home,1425.0,1,0,0,0,0.0
U05376,S05376,2026-05-28,Desktop,Direct,Clothing,3077.0,1,0,0,0,0.0
U11217,S11217,2026-05-28,Desktop,Google,Home,5087.0,1,0,0,0,0.0
U02618,S02618,2026-05-28,Desktop,Direct,Home,4226.0,1,1,1,0,0.0
U07842,S07842,2026-05-28,Mobile,Facebook,Electronics,3658.0,1,0,0,0,0.0
U06585,S06585,2026-05-28,Mobile,Instagram,Home,5218.0,1,1,1,1,5218.0
U02493,S02493,2026-05-28,Mobile,Facebook,Electronics,2455.0,1,0,0,0,0.0
U10841,S10841,2026-05-28,Desktop,Google,Electronics,5559.0,1,1,1,1,5559.0
U06362,S06362,2026-05-28,Desktop,Email,Electronics,1129.0,1,1,0,0,0.0
U06107,S06107,2026-05-28,Tablet,Google,Electronics,4617.0,1,0,0,0,0.0
U10996,S10996,2026-05-28,Desktop,Instagram,Shoes,5774.0,1,0,0,0,0.0
U00273,S00273,2026-05-28,Mobile,Google,Electronics,3696.0,1,0,0,0,0.0
U00703,S00703,2026-05-29,Mobile,Direct,Clothing,3517.0,1,1,1,1,3517.0
U04378,S04378,2026-05-29,Mobile,Google,Clothing,345.0,1,0,0,0,0.0
U07821,S07821,2026-05-29,Desktop,Facebook,Shoes,3884.0,1,1,1,1,3884.0
U04981,S04981,2026-05-29,Desktop,Direct,Clothing,6066.0,1,1,1,1,6066.0
U07403,S07403,2026-05-29,Mobile,Direct,Clothing,4368.0,1,1,0,0,0.0
U02020,S02020,2026-05-29,Mobile,Direct,Electronics,1610.0,1,0,0,0,0.0
U07630,S07630,2026-05-29,Desktop,Direct,Home,1689.0,1,1,0,0,0.0
U11522,S11522,2026-05-29,Mobile,Email,Beauty,9617.0,1,1,1,1,9617.0
U06884,S06884,2026-05-29,Desktop,Email,Electronics,4254.0,1,1,1,0,0.0
U10456,S10456,2026-05-29,Desktop,Direct,Electronics,1900.0,1,0,0,0,0.0
U00805,S00805,2026-05-29,Mobile,Email,Electronics,3019.0,1,0,0,0,0.0
U07786,S07786,2026-05-29,Tablet,Instagram,Clothing,12329.0,1,0,0,0,0.0
U11345,S11345,2026-05-29,Desktop,Google,Clothing,4014.0,1,0,0,0,0.0
U11538,S11538,2026-05-29,Mobile,Google,Clothing,2017.0,1,1,1,1,2017.0
U07153,S07153,2026-05-29,Tablet,Google,Electronics,1547.0,1,1,1,1,1547.0
U11296,S11296,2026-05-29,Desktop,Direct,Electronics,799.0,1,1,1,0,0.0
U10246,S10246,2026-05-29,Desktop,Google,Electronics,1242.0,1,0,0,0,0.0
U00216,S00216,2026-05-29,Desktop,Google,Electronics,1281.0,1,1,1,1,1281.0
U10528,S10528,2026-05-29,Desktop,Email,Home,3019.0,1,0,0,0,0.0
U03039,S03039,2026-05-29,Mobile,Instagram,Clothing,5732.0,1,0,0,0,0.0
U07558,S07558,2026-05-29,Mobile,Facebook,Clothing,4528.0,1,0,0,0,0.0
U04463,S04463,2026-05-29,Mobile,Google,Electronics,6387.0,1,0,0,0,0.0
U10097,S10097,2026-05-29,Mobile,Google,Clothing,2575.0,1,0,0,0,0.0
U07700,S07700,2026-05-29,Mobile,Email,Electronics,694.0,1,1,1,1,694.0
U07696,S07696,2026-05-29,Mobile,Google,Shoes,890.0,1,0,0,0,0.0
U06612,S06612,2026-05-29,Mobile,Direct,Beauty,967.0,1,1,1,1,967.0
U00270,S00270,2026-05-29,Mobile,Google,Shoes,897.0,1,1,1,1,897.0
U04737,S04737,2026-05-29,Desktop,Direct,Clothing,3620.0,1,0,0,0,0.0
U00256,S00256,2026-05-29,Desktop,Facebook,Shoes,2448.0,1,1,1,0,0.0
U07237,S07237,2026-05-29,Mobile,Direct,Shoes,9434.0,1,0,0,0,0.0
U03001,S03001,2026-05-29,Desktop,Instagram,Shoes,684.0,1,1,1,1,684.0
U03269,S03269,2026-05-29,Tablet,Google,Home,2054.0,1,0,0,0,0.0
U01799,S01799,2026-05-29,Mobile,Google,Clothing,2426.0,1,0,0,0,0.0
U08191,S08191,2026-05-29,Desktop,Instagram,Home,6647.0,1,1,1,0,0.0
U01436,S01436,2026-05-29,Tablet,Instagram,Home,1032.0,1,0,0,0,0.0
U03772,S03772,2026-05-29,Tablet,Google,Electronics,2011.0,1,0,0,0,0.0
U03959,S03959,2026-05-29,Mobile,Google,Electronics,1626.0,1,0,0,0,0.0
U08902,S08902,2026-05-29,Desktop,Instagram,Beauty,2370.0,1,0,0,0,0.0
U06140,S06140,2026-05-29,Mobile,Google,Beauty,2800.0,1,1,0,0,0.0
U05810,S05810,2026-05-29,Desktop,Direct,Beauty,1576.0,1,1,1,1,1576.0
U09400,S09400,2026-05-29,Desktop,Google,Electronics,1529.0,1,0,0,0,0.0
U04277,S04277,2026-05-29,Mobile,Google,Beauty,705.0,1,0,0,0,0.0
U11155,S11155,2026-05-29,Mobile,Direct,Clothing,6069.0,1,1,1,1,6069.0
U08553,S08553,2026-05-29,Desktop,Instagram,Clothing,937.0,1,0,0,0,0.0
U11011,S11011,2026-05-29,Mobile,Google,Electronics,3476.0,1,1,1,0,0.0
U10886,S10886,2026-05-29,Mobile,Instagram,Beauty,1508.0,1,1,1,1,1508.0
U11789,S11789,2026-05-29,Desktop,Google,Clothing,2347.0,1,1,1,1,2347.0
U03760,S03760,2026-05-29,Mobile,Google,Beauty,4622.0,1,1,1,0,0.0
U04094,S04094,2026-05-29,Mobile,Google,Clothing,4456.0,1,0,0,0,0.0
U01663,S01663,2026-05-29,Desktop,Facebook,Shoes,3086.0,1,1,0,0,0.0
U06169,S06169,2026-05-29,Mobile,Direct,Beauty,2267.0,1,0,0,0,0.0
U00560,S00560,2026-05-29,Mobile,Google,Clothing,1440.0,1,1,0,0,0.0
U03384,S03384,2026-05-29,Mobile,Direct,Home,2137.0,1,1,1,1,2137.0
U05377,S05377,2026-05-29,Mobile,Facebook,Shoes,1565.0,1,0,0,0,0.0
U03510,S03510,2026-05-29,Mobile,Instagram,Electronics,2794.0,1,0,0,0,0.0
U05867,S05867,2026-05-29,Desktop,Google,Clothing,2592.0,1,0,0,0,0.0
U04074,S04074,2026-05-29,Mobile,Instagram,Electronics,10448.0,1,0,0,0,0.0
U06443,S06443,2026-05-29,Desktop,Google,Electronics,2198.0,1,0,0,0,0.0
U02668,S02668,2026-05-29,Mobile,Direct,Beauty,854.0,1,0,0,0,0.0
U05272,S05272,2026-05-29,Desktop,Instagram,Home,1263.0,1,1,1,1,1263.0
U09352,S09352,2026-05-29,Mobile,Email,Beauty,3920.0,1,1,1,0,0.0
U05576,S05576,2026-05-29,Mobile,Instagram,Home,3171.0,1,1,0,0,0.0
U09239,S09239,2026-05-29,Desktop,Instagram,Home,1609.0,1,0,0,0,0.0
U03531,S03531,2026-05-29,Mobile,Facebook,Beauty,2064.0,1,0,0,0,0.0
U08078,S08078,2026-05-29,Mobile,Email,Electronics,11446.0,1,0,0,0,0.0
U01264,S01264,2026-05-29,Tablet,Instagram,Home,5353.0,1,1,1,0,0.0
U08857,S08857,2026-05-29,Desktop,Google,Beauty,1819.0,1,0,0,0,0.0
U03926,S03926,2026-05-29,Mobile,Direct,Electronics,1394.0,1,0,0,0,0.0
U08863,S08863,2026-05-29,Desktop,Google,Beauty,13872.0,1,0,0,0,0.0
U06087,S06087,2026-05-29,Mobile,Google,Electronics,679.0,1,0,0,0,0.0
U03892,S03892,2026-05-29,Desktop,Email,Clothing,2873.0,1,0,0,0,0.0
U04184,S04184,2026-05-29,Mobile,Google,Home,15467.0,1,1,1,1,15467.0
U05257,S05257,2026-05-30,Mobile,Instagram,Electronics,3987.0,1,0,0,0,0.0
U05895,S05895,2026-05-30,Mobile,Google,Clothing,5342.0,1,1,1,0,0.0
U10007,S10007,2026-05-30,Mobile,Direct,Electronics,3562.0,1,1,1,0,0.0
U07748,S07748,2026-05-30,Desktop,Instagram,Beauty,2491.0,1,0,0,0,0.0
U04374,S04374,2026-05-30,Mobile,Email,Shoes,759.0,1,0,0,0,0.0
U05289,S05289,2026-05-30,Mobile,Instagram,Clothing,6187.0,1,0,0,0,0.0
U08994,S08994,2026-05-30,Mobile,Direct,Home,857.0,1,0,0,0,0.0
U10224,S10224,2026-05-30,Desktop,Google,Clothing,2490.0,1,1,0,0,0.0
U06246,S06246,2026-05-30,Mobile,Direct,Electronics,783.0,1,1,1,1,783.0
U11371,S11371,2026-05-30,Mobile,Google,Clothing,5712.0,1,1,1,1,5712.0
U11163,S11163,2026-05-30,Mobile,Instagram,Shoes,2847.0,1,1,0,0,0.0
U01297,S01297,2026-05-30,Mobile,Instagram,Electronics,3075.0,1,0,0,0,0.0
U06312,S06312,2026-05-30,Desktop,Instagram,Beauty,300.0,1,0,0,0,0.0
U11734,S11734,2026-05-30,Mobile,Instagram,Electronics,2247.0,1,1,1,0,0.0
U08539,S08539,2026-05-30,Mobile,Instagram,Beauty,1037.0,1,1,1,0,0.0
U09432,S09432,2026-05-30,Mobile,Direct,Clothing,3490.0,1,0,0,0,0.0
U10109,S10109,2026-05-30,Desktop,Direct,Clothing,2444.0,1,1,1,0,0.0
U09521,S09521,2026-05-30,Desktop,Facebook,Clothing,5578.0,1,0,0,0,0.0
U01422,S01422,2026-05-30,Mobile,Direct,Beauty,5393.0,1,0,0,0,0.0
U03034,S03034,2026-05-30,Mobile,Google,Home,19572.0,1,0,0,0,0.0
U11098,S11098,2026-05-30,Desktop,Google,Beauty,3649.0,1,1,1,0,0.0
U10409,S10409,2026-05-30,Desktop,Google,Home,1920.0,1,0,0,0,0.0
U06048,S06048,2026-05-30,Mobile,Instagram,Home,744.0,1,1,1,0,0.0
U10428,S10428,2026-05-30,Desktop,Facebook,Shoes,2068.0,1,1,0,0,0.0
U00235,S00235,2026-05-30,Tablet,Facebook,Clothing,1637.0,1,1,0,0,0.0
U06798,S06798,2026-05-30,Mobile,Instagram,Home,8752.0,1,0,0,0,0.0
U01037,S01037,2026-05-30,Mobile,Facebook,Shoes,1059.0,1,1,1,0,0.0
U00811,S00811,2026-05-30,Mobile,Direct,Home,3522.0,1,1,0,0,0.0
U04971,S04971,2026-05-30,Desktop,Direct,Beauty,4434.0,1,0,0,0,0.0
U11898,S11898,2026-05-30,Mobile,Facebook,Home,2895.0,1,0,0,0,0.0
U08672,S08672,2026-05-30,Mobile,Google,Clothing,458.0,1,1,1,1,458.0
U10161,S10161,2026-05-30,Mobile,Google,Clothing,18057.0,1,0,0,0,0.0
U07628,S07628,2026-05-30,Desktop,Facebook,Clothing,2728.0,1,0,0,0,0.0
U04473,S04473,2026-05-30,Desktop,Google,Home,1290.0,1,1,1,1,1290.0
U01879,S01879,2026-05-30,Mobile,Direct,Shoes,1701.0,1,0,0,0,0.0
U10884,S10884,2026-05-30,Desktop,Google,Electronics,2622.0,1,0,0,0,0.0
U05408,S05408,2026-05-30,Mobile,Instagram,Shoes,6786.0,1,0,0,0,0.0
U10051,S10051,2026-05-30,Mobile,Direct,Home,4948.0,1,0,0,0,0.0
U04880,S04880,2026-05-30,Mobile,Email,Shoes,1815.0,1,0,0,0,0.0
U06705,S06705,2026-05-30,Mobile,Google,Electronics,1278.0,1,0,0,0,0.0
U10667,S10667,2026-05-30,Mobile,Instagram,Electronics,1026.0,1,1,1,0,0.0
U03060,S03060,2026-05-30,Mobile,Google,Beauty,2343.0,1,0,0,0,0.0
U04601,S04601,2026-05-30,Desktop,Instagram,Electronics,1257.0,1,0,0,0,0.0
U04455,S04455,2026-05-30,Mobile,Google,Electronics,1530.0,1,1,1,1,1530.0
U01975,S01975,2026-05-30,Mobile,Google,Electronics,3102.0,1,1,0,0,0.0
U02200,S02200,2026-05-30,Desktop,Email,Shoes,2540.0,1,0,0,0,0.0
U02640,S02640,2026-05-30,Mobile,Facebook,Clothing,2774.0,1,0,0,0,0.0
U06651,S06651,2026-05-30,Desktop,Direct,Shoes,1291.0,1,0,0,0,0.0
U09844,S09844,2026-05-30,Desktop,Direct,Shoes,6705.0,1,0,0,0,0.0
U03268,S03268,2026-05-30,Desktop,Google,Electronics,303.0,1,1,1,1,303.0
U01141,S01141,2026-05-30,Mobile,Direct,Clothing,3561.0,1,0,0,0,0.0
U09891,S09891,2026-05-30,Mobile,Google,Electronics,2955.0,1,0,0,0,0.0
U07110,S07110,2026-05-30,Mobile,Google,Electronics,4154.0,1,0,0,0,0.0
U05754,S05754,2026-05-30,Desktop,Google,Home,6690.0,1,0,0,0,0.0
U01644,S01644,2026-05-30,Mobile,Google,Shoes,5741.0,1,1,1,1,5741.0
U11951,S11951,2026-05-30,Desktop,Google,Clothing,7936.0,1,0,0,0,0.0
U06387,S06387,2026-05-30,Mobile,Facebook,Home,3852.0,1,0,0,0,0.0
U05789,S05789,2026-05-30,Desktop,Direct,Clothing,1036.0,1,1,0,0,0.0
U05790,S05790,2026-05-30,Mobile,Google,Clothing,1867.0,1,0,0,0,0.0
U06619,S06619,2026-05-30,Mobile,Instagram,Home,9538.0,1,0,0,0,0.0
U07184,S07184,2026-05-30,Mobile,Instagram,Home,2088.0,1,0,0,0,0.0
U02426,S02426,2026-05-30,Desktop,Instagram,Shoes,629.0,1,0,0,0,0.0
U03210,S03210,2026-05-30,Mobile,Direct,Clothing,1446.0,1,0,0,0,0.0
U06370,S06370,2026-05-30,Desktop,Instagram,Shoes,4154.0,1,1,1,0,0.0
U07681,S07681,2026-05-31,Tablet,Google,Home,1976.0,1,0,0,0,0.0
U06867,S06867,2026-05-31,Mobile,Google,Clothing,1540.0,1,0,0,0,0.0
U10334,S10334,2026-05-31,Mobile,Instagram,Clothing,3100.0,1,1,1,1,3100.0
U05189,S05189,2026-05-31,Desktop,Google,Clothing,1234.0,1,1,1,1,1234.0
U07714,S07714,2026-05-31,Mobile,Google,Electronics,4544.0,1,0,0,0,0.0
U06839,S06839,2026-05-31,Tablet,Google,Home,3518.0,1,1,1,1,3518.0
U11894,S11894,2026-05-31,Desktop,Instagram,Clothing,3817.0,1,1,0,0,0.0
U06979,S06979,2026-05-31,Desktop,Google,Shoes,1186.0,1,1,1,1,1186.0
U05845,S05845,2026-05-31,Mobile,Direct,Clothing,891.0,1,0,0,0,0.0
U10142,S10142,2026-05-31,Desktop,Direct,Electronics,2864.0,1,1,1,1,2864.0
U06201,S06201,2026-05-31,Mobile,Direct,Beauty,29291.0,1,0,0,0,0.0
U06588,S06588,2026-05-31,Tablet,Google,Clothing,1171.0,1,1,0,0,0.0
U03022,S03022,2026-05-31,Desktop,Facebook,Home,3388.0,1,1,1,1,3388.0
U02585,S02585,2026-05-31,Mobile,Direct,Electronics,1578.0,1,0,0,0,0.0
U00973,S00973,2026-05-31,Mobile,Direct,Home,851.0,1,1,1,1,851.0
U07143,S07143,2026-05-31,Desktop,Google,Electronics,982.0,1,0,0,0,0.0
U08917,S08917,2026-05-31,Mobile,Direct,Home,3379.0,1,0,0,0,0.0
U02974,S02974,2026-05-31,Tablet,Direct,Shoes,6471.0,1,0,0,0,0.0
U07361,S07361,2026-05-31,Mobile,Direct,Electronics,2560.0,1,0,0,0,0.0
U11629,S11629,2026-05-31,Mobile,Instagram,Beauty,2430.0,1,1,0,0,0.0
U06990,S06990,2026-05-31,Mobile,Google,Beauty,1875.0,1,0,0,0,0.0
U11656,S11656,2026-05-31,Mobile,Google,Home,2850.0,1,0,0,0,0.0
U09598,S09598,2026-05-31,Mobile,Instagram,Electronics,1263.0,1,1,1,0,0.0
U05933,S05933,2026-05-31,Mobile,Google,Beauty,15349.0,1,1,1,1,15349.0
U09617,S09617,2026-05-31,Mobile,Google,Electronics,3065.0,1,0,0,0,0.0
U10048,S10048,2026-05-31,Mobile,Google,Shoes,1887.0,1,1,0,0,0.0
U05935,S05935,2026-05-31,Mobile,Google,Electronics,2401.0,1,0,0,0,0.0
U04714,S04714,2026-05-31,Desktop,Email,Shoes,1601.0,1,0,0,0,0.0
U05971,S05971,2026-05-31,Mobile,Direct,Shoes,7100.0,1,1,1,1,7100.0
U09362,S09362,2026-05-31,Mobile,Direct,Shoes,650.0,1,1,0,0,0.0
U07939,S07939,2026-05-31,Mobile,Instagram,Home,5566.0,1,0,0,0,0.0
U03815,S03815,2026-05-31,Mobile,Google,Clothing,9214.0,1,1,1,1,9214.0
U10285,S10285,2026-05-31,Mobile,Instagram,Shoes,4626.0,1,0,0,0,0.0
U01587,S01587,2026-05-31,Mobile,Instagram,Electronics,1364.0,1,0,0,0,0.0
U07383,S07383,2026-05-31,Tablet,Instagram,Electronics,1469.0,1,0,0,0,0.0
U11058,S11058,2026-05-31,Mobile,Instagram,Clothing,4076.0,1,0,0,0,0.0
U00733,S00733,2026-05-31,Mobile,Google,Electronics,8724.0,1,0,0,0,0.0
U06838,S06838,2026-05-31,Desktop,Instagram,Electronics,1822.0,1,1,0,0,0.0
U02375,S02375,2026-05-31,Mobile,Google,Beauty,4812.0,1,0,0,0,0.0
U08446,S08446,2026-05-31,Mobile,Instagram,Electronics,7042.0,1,1,0,0,0.0
U00031,S00031,2026-05-31,Desktop,Google,Shoes,6571.0,1,0,0,0,0.0
U06307,S06307,2026-05-31,Desktop,Email,Home,1235.0,1,0,0,0,0.0
U05813,S05813,2026-05-31,Desktop,Instagram,Home,352.0,1,1,1,0,0.0
U11575,S11575,2026-05-31,Desktop,Google,Beauty,806.0,1,0,0,0,0.0
U05297,S05297,2026-05-31,Tablet,Instagram,Beauty,539.0,1,0,0,0,0.0
U09115,S09115,2026-05-31,Mobile,Email,Electronics,19096.0,1,0,0,0,0.0
U09050,S09050,2026-05-31,Mobile,Google,Shoes,1277.0,1,1,1,0,0.0
U08360,S08360,2026-05-31,Mobile,Direct,Clothing,1591.0,1,1,1,0,0.0
U04127,S04127,2026-05-31,Mobile,Facebook,Beauty,1817.0,1,0,0,0,0.0
U02347,S02347,2026-05-31,Desktop,Google,Clothing,2454.0,1,1,1,1,2454.0
U05893,S05893,2026-05-31,Mobile,Facebook,Beauty,3626.0,1,1,1,1,3626.0
U03608,S03608,2026-05-31,Mobile,Instagram,Clothing,1832.0,1,0,0,0,0.0
U04427,S04427,2026-05-31,Mobile,Instagram,Shoes,1514.0,1,0,0,0,0.0
U05673,S05673,2026-05-31,Mobile,Instagram,Home,1999.0,1,0,0,0,0.0
U00121,S00121,2026-05-31,Mobile,Instagram,Electronics,2431.0,1,1,1,1,2431.0
U05802,S05802,2026-05-31,Mobile,Direct,Clothing,4439.0,1,0,0,0,0.0
U01430,S01430,2026-05-31,Mobile,Facebook,Clothing,1732.0,1,0,0,0,0.0
U06354,S06354,2026-05-31,Mobile,Instagram,Clothing,2864.0,1,1,0,0,0.0
U04795,S04795,2026-05-31,Mobile,Direct,Shoes,1394.0,1,1,0,0,0.0
U11543,S11543,2026-05-31,Mobile,Direct,Shoes,11365.0,1,0,0,0,0.0
U06251,S06251,2026-05-31,Desktop,Google,Home,1218.0,1,0,0,0,0.0
U01178,S01178,2026-05-31,Mobile,Instagram,Electronics,2446.0,1,0,0,0,0.0
U10946,S10946,2026-05-31,Tablet,Instagram,Beauty,1883.0,1,1,1,1,1883.0
U02785,S02785,2026-05-31,Mobile,Google,Shoes,2835.0,1,1,1,1,2835.0
U03445,S03445,2026-06-01,Desktop,Facebook,Electronics,1156.0,1,0,0,0,0.0
U05424,S05424,2026-06-01,Mobile,Google,Beauty,2547.0,1,1,0,0,0.0
U00796,S00796,2026-06-01,Mobile,Email,Shoes,2686.0,1,0,0,0,0.0
U09292,S09292,2026-06-01,Desktop,Instagram,Beauty,3339.0,1,0,0,0,0.0
U03042,S03042,2026-06-01,Tablet,Direct,Clothing,4335.0,1,1,1,1,4335.0
U01185,S01185,2026-06-01,Mobile,Email,Home,6846.0,1,0,0,0,0.0
U03858,S03858,2026-06-01,Mobile,Google,Clothing,3013.0,1,0,0,0,0.0
U10137,S10137,2026-06-01,Desktop,Facebook,Beauty,1982.0,1,1,0,0,0.0
U09762,S09762,2026-06-01,Mobile,Facebook,Home,383.0,1,0,0,0,0.0
U02939,S02939,2026-06-01,Mobile,Direct,Shoes,3181.0,1,1,0,0,0.0
U08117,S08117,2026-06-01,Mobile,Instagram,Shoes,2865.0,1,1,1,1,2865.0
U08016,S08016,2026-06-01,Mobile,Google,Beauty,5734.0,1,0,0,0,0.0
U08869,S08869,2026-06-01,Mobile,Google,Clothing,2822.0,1,1,0,0,0.0
U07528,S07528,2026-06-01,Desktop,Direct,Beauty,2071.0,1,0,0,0,0.0
U03817,S03817,2026-06-01,Mobile,Instagram,Shoes,1682.0,1,0,0,0,0.0
U07598,S07598,2026-06-01,Desktop,Google,Home,8489.0,1,1,0,0,0.0
U00354,S00354,2026-06-01,Mobile,Email,Shoes,1314.0,1,1,1,0,0.0
U00353,S00353,2026-06-01,Mobile,Instagram,Shoes,896.0,1,0,0,0,0.0
U03630,S03630,2026-06-01,Mobile,Instagram,Clothing,1595.0,1,0,0,0,0.0
U02556,S02556,2026-06-01,Desktop,Direct,Shoes,395.0,1,1,1,1,395.0
U03899,S03899,2026-06-01,Mobile,Google,Shoes,1146.0,1,0,0,0,0.0
U08085,S08085,2026-06-01,Mobile,Facebook,Beauty,4159.0,1,1,1,1,4159.0
U08707,S08707,2026-06-01,Mobile,Email,Electronics,795.0,1,0,0,0,0.0
U08838,S08838,2026-06-01,Desktop,Email,Clothing,1033.0,1,1,1,0,0.0
U07470,S07470,2026-06-01,Mobile,Google,Beauty,5790.0,1,0,0,0,0.0
U08056,S08056,2026-06-01,Mobile,Google,Electronics,3546.0,1,0,0,0,0.0
U10413,S10413,2026-06-01,Mobile,Direct,Beauty,3718.0,1,0,0,0,0.0
U04541,S04541,2026-06-01,Mobile,Facebook,Electronics,807.0,1,0,0,0,0.0
U03331,S03331,2026-06-01,Tablet,Direct,Clothing,1103.0,1,0,0,0,0.0
U04982,S04982,2026-06-01,Mobile,Google,Beauty,6945.0,1,1,0,0,0.0
U01088,S01088,2026-06-01,Desktop,Google,Home,1133.0,1,0,0,0,0.0
U08186,S08186,2026-06-01,Tablet,Direct,Home,1910.0,1,0,0,0,0.0
U08320,S08320,2026-06-01,Mobile,Google,Clothing,3774.0,1,0,0,0,0.0
U09663,S09663,2026-06-01,Mobile,Email,Shoes,600.0,1,0,0,0,0.0
U07835,S07835,2026-06-01,Mobile,Direct,Shoes,1904.0,1,0,0,0,0.0
U11047,S11047,2026-06-01,Desktop,Google,Clothing,2337.0,1,0,0,0,0.0
U09008,S09008,2026-06-01,Mobile,Facebook,Electronics,904.0,1,0,0,0,0.0
U04352,S04352,2026-06-01,Mobile,Instagram,Clothing,1144.0,1,0,0,0,0.0
U08503,S08503,2026-06-01,Mobile,Google,Home,379.0,1,0,0,0,0.0
U01952,S01952,2026-06-01,Mobile,Direct,Home,3088.0,1,0,0,0,0.0
U00117,S00117,2026-06-01,Desktop,Instagram,Electronics,4952.0,1,0,0,0,0.0
U02207,S02207,2026-06-01,Desktop,Direct,Clothing,5337.0,1,1,0,0,0.0
U00952,S00952,2026-06-01,Mobile,Google,Home,5882.0,1,0,0,0,0.0
U04656,S04656,2026-06-01,Desktop,Direct,Electronics,4035.0,1,1,1,1,4035.0
U04139,S04139,2026-06-01,Desktop,Google,Clothing,7743.0,1,1,1,0,0.0
U08252,S08252,2026-06-01,Mobile,Facebook,Shoes,483.0,1,0,0,0,0.0
U01571,S01571,2026-06-01,Mobile,Instagram,Beauty,1874.0,1,0,0,0,0.0
U00765,S00765,2026-06-01,Desktop,Instagram,Clothing,4689.0,1,0,0,0,0.0
U03154,S03154,2026-06-01,Mobile,Google,Clothing,2295.0,1,0,0,0,0.0
U11057,S11057,2026-06-01,Mobile,Instagram,Beauty,4794.0,1,1,1,0,0.0
U03061,S03061,2026-06-01,Mobile,Google,Beauty,883.0,1,1,0,0,0.0
U06171,S06171,2026-06-01,Tablet,Direct,Electronics,1837.0,1,0,0,0,0.0
U02701,S02701,2026-06-01,Desktop,Facebook,Electronics,300.0,1,1,1,1,300.0
U02324,S02324,2026-06-01,Mobile,Instagram,Electronics,3226.0,1,1,1,0,0.0
U02951,S02951,2026-06-01,Mobile,Direct,Home,300.0,1,0,0,0,0.0
U03652,S03652,2026-06-01,Mobile,Direct,Home,17525.0,1,1,0,0,0.0
U04879,S04879,2026-06-01,Mobile,Google,Home,2904.0,1,1,1,0,0.0
U00260,S00260,2026-06-01,Mobile,Direct,Electronics,6912.0,1,0,0,0,0.0
U04871,S04871,2026-06-01,Mobile,Facebook,Home,2255.0,1,0,0,0,0.0
U11617,S11617,2026-06-01,Mobile,Google,Beauty,4530.0,1,1,1,0,0.0
U11886,S11886,2026-06-01,Mobile,Instagram,Clothing,2597.0,1,0,0,0,0.0
U04829,S04829,2026-06-01,Desktop,Direct,Shoes,1751.0,1,1,1,1,1751.0
U10169,S10169,2026-06-02,Desktop,Facebook,Electronics,564.0,1,0,0,0,0.0
U11939,S11939,2026-06-02,Mobile,Direct,Electronics,5955.0,1,0,0,0,0.0
U11933,S11933,2026-06-02,Mobile,Email,Home,5424.0,1,1,0,0,0.0
U04536,S04536,2026-06-02,Mobile,Google,Clothing,1709.0,1,0,0,0,0.0
U05659,S05659,2026-06-02,Mobile,Google,Clothing,1096.0,1,1,1,1,1096.0
U09353,S09353,2026-06-02,Mobile,Email,Electronics,704.0,1,0,0,0,0.0
U01049,S01049,2026-06-02,Desktop,Facebook,Home,3176.0,1,1,1,1,3176.0
U05693,S05693,2026-06-02,Mobile,Facebook,Electronics,1967.0,1,0,0,0,0.0
U06985,S06985,2026-06-02,Mobile,Direct,Beauty,2604.0,1,0,0,0,0.0
U04583,S04583,2026-06-02,Desktop,Google,Electronics,1633.0,1,0,0,0,0.0
U09166,S09166,2026-06-02,Mobile,Instagram,Electronics,2463.0,1,0,0,0,0.0
U01352,S01352,2026-06-02,Desktop,Facebook,Electronics,5428.0,1,0,0,0,0.0
U05698,S05698,2026-06-02,Desktop,Direct,Beauty,587.0,1,1,0,0,0.0
U10255,S10255,2026-06-02,Desktop,Email,Electronics,3382.0,1,0,0,0,0.0
U09101,S09101,2026-06-02,Mobile,Google,Electronics,5282.0,1,1,1,0,0.0
U02627,S02627,2026-06-02,Mobile,Direct,Electronics,1052.0,1,1,1,1,1052.0
U09148,S09148,2026-06-02,Mobile,Instagram,Clothing,5617.0,1,0,0,0,0.0
U09426,S09426,2026-06-02,Desktop,Email,Home,910.0,1,1,1,1,910.0
U02132,S02132,2026-06-02,Desktop,Facebook,Home,799.0,1,0,0,0,0.0
U06892,S06892,2026-06-02,Mobile,Email,Clothing,843.0,1,0,0,0,0.0
U10899,S10899,2026-06-02,Mobile,Google,Clothing,9317.0,1,0,0,0,0.0
U10399,S10399,2026-06-02,Desktop,Email,Beauty,3011.0,1,0,0,0,0.0
U03656,S03656,2026-06-02,Mobile,Email,Clothing,6887.0,1,0,0,0,0.0
U08840,S08840,2026-06-02,Desktop,Facebook,Beauty,1650.0,1,0,0,0,0.0
U07271,S07271,2026-06-02,Desktop,Google,Shoes,1731.0,1,0,0,0,0.0
U00705,S00705,2026-06-02,Mobile,Instagram,Home,4763.0,1,0,0,0,0.0
U01968,S01968,2026-06-02,Desktop,Direct,Clothing,791.0,1,0,0,0,0.0
U09938,S09938,2026-06-02,Mobile,Google,Shoes,2830.0,1,0,0,0,0.0
U10449,S10449,2026-06-02,Mobile,Google,Shoes,337.0,1,0,0,0,0.0
U01528,S01528,2026-06-02,Mobile,Google,Shoes,6194.0,1,0,0,0,0.0
U10496,S10496,2026-06-02,Desktop,Direct,Shoes,1158.0,1,0,0,0,0.0
U00406,S00406,2026-06-02,Desktop,Direct,Electronics,8773.0,1,0,0,0,0.0
U04361,S04361,2026-06-02,Mobile,Google,Clothing,994.0,1,0,0,0,0.0
U03884,S03884,2026-06-02,Mobile,Direct,Electronics,6915.0,1,1,1,0,0.0
U07667,S07667,2026-06-02,Desktop,Facebook,Clothing,5724.0,1,1,1,1,5724.0
U10473,S10473,2026-06-02,Desktop,Instagram,Electronics,1808.0,1,0,0,0,0.0
U03423,S03423,2026-06-02,Desktop,Email,Clothing,2429.0,1,0,0,0,0.0
U06054,S06054,2026-06-02,Mobile,Google,Beauty,791.0,1,1,0,0,0.0
U09968,S09968,2026-06-02,Desktop,Google,Clothing,1329.0,1,0,0,0,0.0
U02960,S02960,2026-06-02,Desktop,Google,Home,1386.0,1,0,0,0,0.0
U00569,S00569,2026-06-02,Mobile,Facebook,Electronics,2842.0,1,0,0,0,0.0
U00659,S00659,2026-06-02,Mobile,Facebook,Clothing,2176.0,1,0,0,0,0.0
U04936,S04936,2026-06-02,Mobile,Email,Shoes,2703.0,1,1,1,1,2703.0
U07684,S07684,2026-06-02,Desktop,Google,Electronics,5930.0,1,1,1,1,5930.0
U08523,S08523,2026-06-02,Tablet,Instagram,Home,1817.0,1,0,0,0,0.0
U10581,S10581,2026-06-02,Desktop,Google,Clothing,5289.0,1,1,0,0,0.0
U10589,S10589,2026-06-02,Mobile,Instagram,Clothing,5632.0,1,0,0,0,0.0
U07744,S07744,2026-06-02,Desktop,Google,Beauty,1774.0,1,0,0,0,0.0
U06701,S06701,2026-06-02,Mobile,Email,Shoes,9866.0,1,1,0,0,0.0
U10111,S10111,2026-06-02,Mobile,Instagram,Electronics,8189.0,1,1,1,0,0.0
U11226,S11226,2026-06-02,Mobile,Google,Beauty,713.0,1,0,0,0,0.0
U08754,S08754,2026-06-02,Desktop,Email,Clothing,6617.0,1,0,0,0,0.0
U01534,S01534,2026-06-02,Desktop,Facebook,Beauty,4740.0,1,1,0,0,0.0
U11545,S11545,2026-06-03,Mobile,Direct,Shoes,5169.0,1,0,0,0,0.0
U06283,S06283,2026-06-03,Mobile,Facebook,Home,567.0,1,1,1,1,567.0
U05575,S05575,2026-06-03,Mobile,Email,Home,4107.0,1,1,1,0,0.0
U02496,S02496,2026-06-03,Mobile,Email,Beauty,4506.0,1,0,0,0,0.0
U11725,S11725,2026-06-03,Mobile,Facebook,Clothing,1998.0,1,0,0,0,0.0
U10363,S10363,2026-06-03,Mobile,Google,Home,877.0,1,0,0,0,0.0
U08414,S08414,2026-06-03,Mobile,Facebook,Shoes,2712.0,1,0,0,0,0.0
U11759,S11759,2026-06-03,Mobile,Google,Shoes,473.0,1,0,0,0,0.0
U06256,S06256,2026-06-03,Desktop,Google,Home,3316.0,1,0,0,0,0.0
U02221,S02221,2026-06-03,Mobile,Instagram,Beauty,1740.0,1,0,0,0,0.0
U03506,S03506,2026-06-03,Mobile,Direct,Home,2319.0,1,1,0,0,0.0
U08441,S08441,2026-06-03,Desktop,Facebook,Home,2493.0,1,0,0,0,0.0
U09999,S09999,2026-06-03,Mobile,Instagram,Home,3502.0,1,1,1,1,3502.0
U11288,S11288,2026-06-03,Tablet,Google,Home,15076.0,1,1,1,0,0.0
U03718,S03718,2026-06-03,Desktop,Direct,Beauty,16923.0,1,0,0,0,0.0
U02567,S02567,2026-06-03,Mobile,Direct,Electronics,884.0,1,0,0,0,0.0
U10508,S10508,2026-06-03,Mobile,Direct,Shoes,7475.0,1,0,0,0,0.0
U09270,S09270,2026-06-03,Desktop,Google,Clothing,22818.0,1,0,0,0,0.0
U01727,S01727,2026-06-03,Mobile,Instagram,Clothing,6274.0,1,0,0,0,0.0
U02403,S02403,2026-06-03,Desktop,Facebook,Shoes,18834.0,1,0,0,0,0.0
U04297,S04297,2026-06-03,Mobile,Google,Electronics,10897.0,1,1,0,0,0.0
U11627,S11627,2026-06-03,Mobile,Google,Shoes,368.0,1,1,1,1,368.0
U07075,S07075,2026-06-03,Desktop,Google,Clothing,2050.0,1,1,1,0,0.0
U06446,S06446,2026-06-03,Mobile,Google,Home,515.0,1,0,0,0,0.0
U06439,S06439,2026-06-03,Desktop,Google,Beauty,2648.0,1,0,0,0,0.0
U04283,S04283,2026-06-03,Mobile,Google,Clothing,1405.0,1,0,0,0,0.0
U09193,S09193,2026-06-03,Mobile,Instagram,Electronics,1086.0,1,1,0,0,0.0
U00890,S00890,2026-06-03,Desktop,Instagram,Electronics,3196.0,1,0,0,0,0.0
U06419,S06419,2026-06-03,Desktop,Direct,Electronics,1846.0,1,1,1,1,1846.0
U01282,S01282,2026-06-03,Mobile,Google,Home,12558.0,1,0,0,0,0.0
U08153,S08153,2026-06-03,Mobile,Direct,Shoes,1863.0,1,0,0,0,0.0
U05096,S05096,2026-06-03,Mobile,Direct,Electronics,3539.0,1,1,1,1,3539.0
U06954,S06954,2026-06-03,Desktop,Google,Home,730.0,1,1,0,0,0.0
U04349,S04349,2026-06-03,Mobile,Facebook,Clothing,1834.0,1,0,0,0,0.0
U01629,S01629,2026-06-03,Mobile,Facebook,Electronics,1315.0,1,0,0,0,0.0
U04664,S04664,2026-06-03,Mobile,Instagram,Electronics,2976.0,1,0,0,0,0.0
U01123,S01123,2026-06-03,Desktop,Instagram,Home,26459.0,1,0,0,0,0.0
U05201,S05201,2026-06-03,Mobile,Facebook,Shoes,3767.0,1,1,1,1,3767.0
U11595,S11595,2026-06-03,Mobile,Direct,Clothing,5172.0,1,0,0,0,0.0
U09936,S09936,2026-06-03,Mobile,Direct,Electronics,1430.0,1,1,1,1,1430.0
U05216,S05216,2026-06-03,Mobile,Instagram,Beauty,2176.0,1,0,0,0,0.0
U08267,S08267,2026-06-03,Tablet,Google,Shoes,1435.0,1,0,0,0,0.0
U00873,S00873,2026-06-03,Tablet,Google,Beauty,1587.0,1,0,0,0,0.0
U10608,S10608,2026-06-03,Tablet,Facebook,Electronics,1494.0,1,0,0,0,0.0
U04048,S04048,2026-06-03,Mobile,Instagram,Electronics,13574.0,1,0,0,0,0.0
U07288,S07288,2026-06-03,Mobile,Instagram,Clothing,1527.0,1,0,0,0,0.0
U02547,S02547,2026-06-03,Tablet,Instagram,Clothing,6222.0,1,1,1,0,0.0
U03993,S03993,2026-06-03,Mobile,Google,Electronics,11413.0,1,0,0,0,0.0
U00546,S00546,2026-06-03,Mobile,Direct,Beauty,3333.0,1,0,0,0,0.0
U05423,S05423,2026-06-03,Desktop,Google,Shoes,1760.0,1,1,0,0,0.0
U06103,S06103,2026-06-03,Desktop,Google,Shoes,2390.0,1,1,1,1,2390.0
U03005,S03005,2026-06-03,Mobile,Instagram,Electronics,9751.0,1,0,0,0,0.0
U03947,S03947,2026-06-03,Mobile,Google,Beauty,931.0,1,0,0,0,0.0
U10446,S10446,2026-06-03,Mobile,Google,Shoes,3851.0,1,1,1,0,0.0
U02550,S02550,2026-06-03,Mobile,Google,Home,724.0,1,0,0,0,0.0
U06479,S06479,2026-06-03,Mobile,Direct,Beauty,1741.0,1,1,1,1,1741.0
U06003,S06003,2026-06-03,Mobile,Facebook,Home,4686.0,1,0,0,0,0.0
U01036,S01036,2026-06-03,Desktop,Direct,Beauty,1225.0,1,1,1,0,0.0
U08810,S08810,2026-06-03,Desktop,Google,Beauty,1700.0,1,1,1,1,1700.0
U05452,S05452,2026-06-03,Mobile,Google,Beauty,8299.0,1,0,0,0,0.0
U02251,S02251,2026-06-03,Mobile,Direct,Clothing,4130.0,1,0,0,0,0.0
U11091,S11091,2026-06-03,Mobile,Direct,Electronics,2433.0,1,0,0,0,0.0
U04014,S04014,2026-06-03,Mobile,Google,Clothing,8632.0,1,1,1,0,0.0
U03225,S03225,2026-06-03,Mobile,Email,Clothing,1981.0,1,0,0,0,0.0
U05146,S05146,2026-06-03,Desktop,Facebook,Shoes,3193.0,1,0,0,0,0.0
U02612,S02612,2026-06-03,Desktop,Instagram,Beauty,3036.0,1,0,0,0,0.0
U04874,S04874,2026-06-03,Mobile,Facebook,Clothing,3876.0,1,0,0,0,0.0
U04597,S04597,2026-06-03,Mobile,Instagram,Clothing,1060.0,1,0,0,0,0.0
U01522,S01522,2026-06-03,Mobile,Direct,Beauty,1942.0,1,1,1,0,0.0
U08923,S08923,2026-06-03,Mobile,Email,Beauty,7754.0,1,0,0,0,0.0
U08141,S08141,2026-06-04,Mobile,Google,Clothing,1114.0,1,1,1,0,0.0
U06690,S06690,2026-06-04,Mobile,Google,Home,5816.0,1,0,0,0,0.0
U11105,S11105,2026-06-04,Desktop,Google,Electronics,5068.0,1,1,1,0,0.0
U06797,S06797,2026-06-04,Desktop,Google,Home,1139.0,1,1,1,1,1139.0
U00886,S00886,2026-06-04,Mobile,Direct,Electronics,1865.0,1,0,0,0,0.0
U04933,S04933,2026-06-04,Desktop,Instagram,Beauty,887.0,1,1,1,1,887.0
U05001,S05001,2026-06-04,Mobile,Email,Beauty,483.0,1,1,1,1,483.0
U02703,S02703,2026-06-04,Mobile,Email,Beauty,17546.0,1,1,1,0,0.0
U03215,S03215,2026-06-04,Mobile,Google,Home,11107.0,1,0,0,0,0.0
U10617,S10617,2026-06-04,Mobile,Instagram,Electronics,3008.0,1,0,0,0,0.0
U05191,S05191,2026-06-04,Mobile,Email,Clothing,1851.0,1,1,1,1,1851.0
U05500,S05500,2026-06-04,Mobile,Google,Shoes,807.0,1,1,0,0,0.0
U05196,S05196,2026-06-04,Tablet,Direct,Home,1397.0,1,1,1,1,1397.0
U03669,S03669,2026-06-04,Mobile,Google,Shoes,4709.0,1,0,0,0,0.0
U02747,S02747,2026-06-04,Mobile,Instagram,Clothing,300.0,1,1,1,1,300.0
U04443,S04443,2026-06-04,Desktop,Google,Home,13408.0,1,0,0,0,0.0
U01651,S01651,2026-06-04,Mobile,Direct,Beauty,2514.0,1,0,0,0,0.0
U05714,S05714,2026-06-04,Desktop,Instagram,Shoes,3547.0,1,1,1,1,3547.0
U09776,S09776,2026-06-04,Mobile,Google,Clothing,4597.0,1,0,0,0,0.0
U01946,S01946,2026-06-04,Tablet,Direct,Clothing,1475.0,1,1,0,0,0.0
U00002,S00002,2026-06-04,Mobile,Instagram,Shoes,1140.0,1,1,0,0,0.0
U07037,S07037,2026-06-04,Mobile,Google,Electronics,1177.0,1,0,0,0,0.0
U11993,S11993,2026-06-04,Desktop,Direct,Shoes,6055.0,1,1,0,0,0.0
U04317,S04317,2026-06-04,Tablet,Direct,Shoes,506.0,1,1,0,0,0.0
U00676,S00676,2026-06-04,Mobile,Google,Electronics,4618.0,1,0,0,0,0.0
U04525,S04525,2026-06-04,Desktop,Instagram,Clothing,5579.0,1,1,0,0,0.0
U07949,S07949,2026-06-04,Mobile,Instagram,Shoes,389.0,1,0,0,0,0.0
U02247,S02247,2026-06-04,Mobile,Email,Clothing,784.0,1,1,0,0,0.0
U09838,S09838,2026-06-04,Mobile,Direct,Electronics,4163.0,1,1,1,1,4163.0
U03898,S03898,2026-06-04,Mobile,Google,Electronics,10002.0,1,0,0,0,0.0
U03227,S03227,2026-06-04,Desktop,Google,Electronics,2701.0,1,1,1,1,2701.0
U01930,S01930,2026-06-04,Mobile,Email,Shoes,1372.0,1,0,0,0,0.0
U01391,S01391,2026-06-04,Tablet,Direct,Beauty,1056.0,1,0,0,0,0.0
U10598,S10598,2026-06-04,Mobile,Facebook,Electronics,8330.0,1,0,0,0,0.0
U06519,S06519,2026-06-04,Mobile,Email,Clothing,1234.0,1,0,0,0,0.0
U01700,S01700,2026-06-04,Desktop,Google,Beauty,2692.0,1,1,1,1,2692.0
U04241,S04241,2026-06-04,Desktop,Email,Electronics,1696.0,1,1,1,1,1696.0
U00857,S00857,2026-06-04,Desktop,Google,Beauty,6225.0,1,0,0,0,0.0
U00587,S00587,2026-06-04,Mobile,Google,Clothing,889.0,1,0,0,0,0.0
U05243,S05243,2026-06-04,Mobile,Google,Electronics,2654.0,1,0,0,0,0.0
U04198,S04198,2026-06-04,Desktop,Google,Home,703.0,1,0,0,0,0.0
U07422,S07422,2026-06-04,Mobile,Direct,Home,4678.0,1,1,1,1,4678.0
U11437,S11437,2026-06-04,Mobile,Google,Shoes,14391.0,1,0,0,0,0.0
U00583,S00583,2026-06-04,Mobile,Email,Beauty,16693.0,1,0,0,0,0.0
U06657,S06657,2026-06-04,Mobile,Direct,Home,1611.0,1,0,0,0,0.0
U02075,S02075,2026-06-04,Mobile,Instagram,Home,2365.0,1,0,0,0,0.0
U09446,S09446,2026-06-04,Mobile,Direct,Electronics,5906.0,1,0,0,0,0.0
U05299,S05299,2026-06-04,Mobile,Google,Home,2721.0,1,0,0,0,0.0
U01298,S01298,2026-06-04,Mobile,Google,Electronics,1891.0,1,1,1,0,0.0
U08589,S08589,2026-06-04,Mobile,Google,Electronics,1252.0,1,0,0,0,0.0
U06147,S06147,2026-06-04,Desktop,Direct,Beauty,1153.0,1,0,0,0,0.0
U02876,S02876,2026-06-04,Mobile,Direct,Beauty,3937.0,1,0,0,0,0.0
U06262,S06262,2026-06-04,Mobile,Direct,Shoes,5299.0,1,0,0,0,0.0
U11118,S11118,2026-06-04,Mobile,Google,Electronics,1660.0,1,0,0,0,0.0
U06947,S06947,2026-06-04,Desktop,Direct,Shoes,2011.0,1,0,0,0,0.0
U10025,S10025,2026-06-04,Mobile,Email,Electronics,2233.0,1,0,0,0,0.0
U02291,S02291,2026-06-04,Tablet,Facebook,Clothing,742.0,1,1,1,1,742.0
U01792,S01792,2026-06-04,Mobile,Direct,Beauty,453.0,1,0,0,0,0.0
U01441,S01441,2026-06-04,Mobile,Direct,Electronics,426.0,1,0,0,0,0.0
U08655,S08655,2026-06-04,Mobile,Instagram,Clothing,8060.0,1,1,1,0,0.0
U03800,S03800,2026-06-04,Mobile,Facebook,Beauty,930.0,1,1,1,1,930.0
U05389,S05389,2026-06-04,Mobile,Email,Shoes,2869.0,1,0,0,0,0.0
U08876,S08876,2026-06-04,Mobile,Instagram,Clothing,624.0,1,0,0,0,0.0
U11139,S11139,2026-06-04,Mobile,Google,Home,428.0,1,1,1,1,428.0
U08860,S08860,2026-06-04,Mobile,Google,Home,2387.0,1,0,0,0,0.0
U07698,S07698,2026-06-04,Desktop,Google,Beauty,1351.0,1,0,0,0,0.0
U06770,S06770,2026-06-05,Mobile,Direct,Electronics,1164.0,1,0,0,0,0.0
U02942,S02942,2026-06-05,Mobile,Facebook,Electronics,6003.0,1,0,0,0,0.0
U05402,S05402,2026-06-05,Mobile,Direct,Electronics,4893.0,1,1,1,1,4893.0
U05061,S05061,2026-06-05,Mobile,Facebook,Home,2413.0,1,1,1,0,0.0
U02479,S02479,2026-06-05,Mobile,Google,Beauty,2335.0,1,1,1,1,2335.0
U10494,S10494,2026-06-05,Mobile,Email,Electronics,3078.0,1,1,1,0,0.0
U10696,S10696,2026-06-05,Mobile,Instagram,Shoes,2327.0,1,0,0,0,0.0
U02511,S02511,2026-06-05,Mobile,Facebook,Beauty,6385.0,1,0,0,0,0.0
U05222,S05222,2026-06-05,Mobile,Google,Home,823.0,1,0,0,0,0.0
U02987,S02987,2026-06-05,Mobile,Direct,Electronics,1344.0,1,0,0,0,0.0
U11089,S11089,2026-06-05,Desktop,Direct,Beauty,5953.0,1,1,1,1,5953.0
U05701,S05701,2026-06-05,Desktop,Direct,Home,1448.0,1,0,0,0,0.0
U03083,S03083,2026-06-05,Desktop,Instagram,Clothing,5550.0,1,0,0,0,0.0
U06224,S06224,2026-06-05,Mobile,Facebook,Shoes,1708.0,1,0,0,0,0.0
U05938,S05938,2026-06-05,Mobile,Email,Shoes,930.0,1,0,0,0,0.0
U05835,S05835,2026-06-05,Mobile,Email,Home,2110.0,1,0,0,0,0.0
U06598,S06598,2026-06-05,Mobile,Google,Electronics,2674.0,1,1,0,0,0.0
U05654,S05654,2026-06-05,Mobile,Direct,Clothing,3688.0,1,0,0,0,0.0
U05127,S05127,2026-06-05,Mobile,Instagram,Shoes,1470.0,1,1,0,0,0.0
U00514,S00514,2026-06-05,Mobile,Direct,Beauty,5038.0,1,0,0,0,0.0
U00475,S00475,2026-06-05,Mobile,Email,Shoes,12378.0,1,0,0,0,0.0
U10524,S10524,2026-06-05,Mobile,Google,Home,1420.0,1,0,0,0,0.0
U03583,S03583,2026-06-05,Mobile,Direct,Shoes,1922.0,1,0,0,0,0.0
U05681,S05681,2026-06-05,Desktop,Facebook,Electronics,5209.0,1,0,0,0,0.0
U00058,S00058,2026-06-05,Mobile,Facebook,Electronics,4349.0,1,0,0,0,0.0
U03153,S03153,2026-06-05,Mobile,Direct,Shoes,3792.0,1,0,0,0,0.0
U08785,S08785,2026-06-05,Desktop,Email,Shoes,1371.0,1,1,0,0,0.0
U04608,S04608,2026-06-05,Mobile,Google,Beauty,24143.0,1,0,0,0,0.0
U07387,S07387,2026-06-05,Mobile,Email,Beauty,3220.0,1,0,0,0,0.0
U08421,S08421,2026-06-05,Mobile,Email,Clothing,2782.0,1,0,0,0,0.0
U03330,S03330,2026-06-05,Mobile,Google,Shoes,3379.0,1,0,0,0,0.0
U08324,S08324,2026-06-05,Tablet,Instagram,Electronics,3016.0,1,0,0,0,0.0
U04521,S04521,2026-06-05,Mobile,Direct,Home,389.0,1,0,0,0,0.0
U04190,S04190,2026-06-05,Mobile,Google,Beauty,12338.0,1,0,0,0,0.0
U08302,S08302,2026-06-05,Mobile,Direct,Electronics,3021.0,1,0,0,0,0.0
U01909,S01909,2026-06-05,Desktop,Instagram,Electronics,7946.0,1,0,0,0,0.0
U00825,S00825,2026-06-05,Desktop,Email,Home,2829.0,1,0,0,0,0.0
U11697,S11697,2026-06-05,Desktop,Email,Electronics,2418.0,1,1,1,1,2418.0
U04213,S04213,2026-06-05,Mobile,Google,Clothing,3671.0,1,0,0,0,0.0
U00964,S00964,2026-06-05,Mobile,Direct,Shoes,1321.0,1,1,0,0,0.0
U09766,S09766,2026-06-05,Mobile,Instagram,Beauty,3002.0,1,0,0,0,0.0
U04236,S04236,2026-06-05,Mobile,Google,Clothing,6415.0,1,0,0,0,0.0
U03297,S03297,2026-06-05,Desktop,Google,Shoes,1981.0,1,0,0,0,0.0
U04263,S04263,2026-06-05,Mobile,Facebook,Electronics,5206.0,1,1,1,0,0.0
U01674,S01674,2026-06-05,Mobile,Google,Home,1129.0,1,1,1,0,0.0
U08138,S08138,2026-06-05,Mobile,Google,Shoes,1007.0,1,0,0,0,0.0
U11537,S11537,2026-06-05,Mobile,Google,Beauty,1800.0,1,1,1,0,0.0
U07992,S07992,2026-06-05,Tablet,Google,Clothing,2393.0,1,0,0,0,0.0
U04326,S04326,2026-06-05,Mobile,Instagram,Clothing,1082.0,1,1,0,0,0.0
U11614,S11614,2026-06-05,Desktop,Direct,Beauty,2365.0,1,0,0,0,0.0
U03247,S03247,2026-06-05,Mobile,Direct,Clothing,9585.0,1,1,0,0,0.0
U07921,S07921,2026-06-05,Desktop,Google,Shoes,1534.0,1,0,0,0,0.0
U09916,S09916,2026-06-05,Mobile,Google,Beauty,3426.0,1,0,0,0,0.0
U09425,S09425,2026-06-05,Mobile,Instagram,Clothing,385.0,1,1,0,0,0.0
U01097,S01097,2026-06-05,Mobile,Google,Shoes,1128.0,1,0,0,0,0.0
U07851,S07851,2026-06-05,Mobile,Email,Electronics,1546.0,1,1,0,0,0.0
U01325,S01325,2026-06-05,Mobile,Email,Home,1245.0,1,0,0,0,0.0
U09198,S09198,2026-06-05,Mobile,Direct,Home,11575.0,1,0,0,0,0.0
U03729,S03729,2026-06-05,Desktop,Facebook,Home,1295.0,1,1,0,0,0.0
U09372,S09372,2026-06-05,Mobile,Email,Clothing,1339.0,1,1,1,1,1339.0
U09084,S09084,2026-06-05,Mobile,Direct,Clothing,462.0,1,1,0,0,0.0
U08442,S08442,2026-06-06,Mobile,Direct,Beauty,13831.0,1,0,0,0,0.0
U09755,S09755,2026-06-06,Mobile,Email,Beauty,300.0,1,0,0,0,0.0
U04957,S04957,2026-06-06,Desktop,Google,Home,3101.0,1,0,0,0,0.0
U06357,S06357,2026-06-06,Mobile,Google,Clothing,500.0,1,1,1,0,0.0
U11758,S11758,2026-06-06,Mobile,Google,Electronics,9445.0,1,0,0,0,0.0
U08524,S08524,2026-06-06,Mobile,Google,Clothing,2702.0,1,1,0,0,0.0
U07365,S07365,2026-06-06,Mobile,Google,Home,2621.0,1,0,0,0,0.0
U02846,S02846,2026-06-06,Mobile,Google,Clothing,1269.0,1,0,0,0,0.0
U06155,S06155,2026-06-06,Mobile,Instagram,Electronics,2490.0,1,1,1,0,0.0
U09991,S09991,2026-06-06,Mobile,Google,Shoes,2492.0,1,1,1,1,2492.0
U10445,S10445,2026-06-06,Mobile,Instagram,Shoes,1434.0,1,1,0,0,0.0
U06124,S06124,2026-06-06,Mobile,Google,Home,2338.0,1,1,0,0,0.0
U07932,S07932,2026-06-06,Mobile,Instagram,Clothing,300.0,1,0,0,0,0.0
U01544,S01544,2026-06-06,Mobile,Google,Electronics,977.0,1,0,0,0,0.0
U09131,S09131,2026-06-06,Mobile,Direct,Clothing,6963.0,1,1,1,1,6963.0
U00182,S00182,2026-06-06,Desktop,Direct,Shoes,4877.0,1,0,0,0,0.0
U04915,S04915,2026-06-06,Mobile,Direct,Electronics,4280.0,1,0,0,0,0.0
U09122,S09122,2026-06-06,Tablet,Google,Shoes,1720.0,1,1,1,0,0.0
U04175,S04175,2026-06-06,Desktop,Facebook,Electronics,1702.0,1,0,0,0,0.0
U05829,S05829,2026-06-06,Mobile,Instagram,Beauty,1492.0,1,0,0,0,0.0
U11503,S11503,2026-06-06,Mobile,Google,Electronics,8549.0,1,1,0,0,0.0
U10486,S10486,2026-06-06,Desktop,Google,Electronics,1903.0,1,0,0,0,0.0
U07940,S07940,2026-06-06,Desktop,Instagram,Home,7976.0,1,0,0,0,0.0
U04513,S04513,2026-06-06,Desktop,Instagram,Shoes,17223.0,1,0,0,0,0.0
U10688,S10688,2026-06-06,Desktop,Facebook,Clothing,1692.0,1,1,1,1,1692.0
U00197,S00197,2026-06-06,Mobile,Google,Home,1170.0,1,1,0,0,0.0
U08010,S08010,2026-06-06,Mobile,Google,Beauty,9465.0,1,0,0,0,0.0
U11635,S11635,2026-06-06,Mobile,Google,Home,300.0,1,0,0,0,0.0
U10702,S10702,2026-06-06,Mobile,Instagram,Home,1169.0,1,0,0,0,0.0
U00460,S00460,2026-06-06,Desktop,Google,Beauty,1988.0,1,0,0,0,0.0
U05279,S05279,2026-06-06,Mobile,Instagram,Clothing,5696.0,1,1,1,1,5696.0
U11961,S11961,2026-06-06,Mobile,Google,Electronics,1075.0,1,0,0,0,0.0
U06272,S06272,2026-06-06,Mobile,Facebook,Home,4394.0,1,0,0,0,0.0
U07723,S07723,2026-06-06,Mobile,Google,Home,5315.0,1,1,1,0,0.0
U10357,S10357,2026-06-06,Mobile,Direct,Electronics,5146.0,1,0,0,0,0.0
U08150,S08150,2026-06-06,Mobile,Facebook,Home,3100.0,1,0,0,0,0.0
U09591,S09591,2026-06-06,Desktop,Instagram,Electronics,1961.0,1,1,1,1,1961.0
U10355,S10355,2026-06-06,Mobile,Direct,Home,982.0,1,1,0,0,0.0
U05519,S05519,2026-06-06,Mobile,Instagram,Electronics,2230.0,1,1,1,0,0.0
U08888,S08888,2026-06-06,Mobile,Instagram,Shoes,1577.0,1,0,0,0,0.0
U05688,S05688,2026-06-06,Mobile,Google,Home,1852.0,1,0,0,0,0.0
U07644,S07644,2026-06-06,Desktop,Google,Electronics,2302.0,1,0,0,0,0.0
U09867,S09867,2026-06-06,Mobile,Direct,Electronics,4980.0,1,0,0,0,0.0
U05916,S05916,2026-06-06,Mobile,Instagram,Clothing,3638.0,1,0,0,0,0.0
U00836,S00836,2026-06-06,Mobile,Google,Shoes,4345.0,1,1,1,1,4345.0
U00193,S00193,2026-06-06,Mobile,Google,Clothing,1677.0,1,0,0,0,0.0
U02616,S02616,2026-06-06,Mobile,Google,Electronics,969.0,1,0,0,0,0.0
U08042,S08042,2026-06-06,Mobile,Google,Beauty,2691.0,1,1,1,1,2691.0
U08901,S08901,2026-06-06,Mobile,Instagram,Clothing,1820.0,1,1,1,1,1820.0
U05182,S05182,2026-06-06,Mobile,Google,Beauty,3024.0,1,0,0,0,0.0
U03970,S03970,2026-06-06,Mobile,Email,Electronics,614.0,1,0,0,0,0.0
U03416,S03416,2026-06-06,Mobile,Google,Home,5172.0,1,1,1,1,5172.0
U03867,S03867,2026-06-06,Mobile,Instagram,Clothing,6813.0,1,0,0,0,0.0
U11920,S11920,2026-06-06,Mobile,Instagram,Clothing,4446.0,1,0,0,0,0.0
U03230,S03230,2026-06-06,Mobile,Direct,Clothing,16484.0,1,0,0,0,0.0
U10816,S10816,2026-06-06,Mobile,Instagram,Electronics,2610.0,1,0,0,0,0.0
U02555,S02555,2026-06-06,Mobile,Email,Electronics,3780.0,1,0,0,0,0.0
U08198,S08198,2026-06-06,Mobile,Google,Beauty,919.0,1,0,0,0,0.0
U11214,S11214,2026-06-06,Mobile,Google,Electronics,7143.0,1,1,1,0,0.0
U01042,S01042,2026-06-06,Desktop,Instagram,Clothing,6266.0,1,0,0,0,0.0
U04752,S04752,2026-06-07,Mobile,Instagram,Beauty,2224.0,1,0,0,0,0.0
U10562,S10562,2026-06-07,Mobile,Instagram,Beauty,1800.0,1,0,0,0,0.0
U10426,S10426,2026-06-07,Mobile,Direct,Shoes,7866.0,1,1,0,0,0.0
U00228,S00228,2026-06-07,Mobile,Instagram,Clothing,2373.0,1,0,0,0,0.0
U00843,S00843,2026-06-07,Mobile,Facebook,Shoes,2078.0,1,0,0,0,0.0
U04472,S04472,2026-06-07,Mobile,Direct,Shoes,9205.0,1,1,0,0,0.0
U00927,S00927,2026-06-07,Mobile,Email,Electronics,1707.0,1,0,0,0,0.0
U11185,S11185,2026-06-07,Mobile,Direct,Home,1520.0,1,0,0,0,0.0
U00449,S00449,2026-06-07,Mobile,Direct,Beauty,7241.0,1,1,0,0,0.0
U05252,S05252,2026-06-07,Mobile,Direct,Shoes,4235.0,1,1,0,0,0.0
U03287,S03287,2026-06-07,Desktop,Facebook,Clothing,1397.0,1,0,0,0,0.0
U09172,S09172,2026-06-07,Desktop,Direct,Electronics,300.0,1,0,0,0,0.0
U08220,S08220,2026-06-07,Desktop,Facebook,Electronics,532.0,1,1,1,0,0.0
U11010,S11010,2026-06-07,Desktop,Facebook,Electronics,1049.0,1,0,0,0,0.0
U07585,S07585,2026-06-07,Mobile,Google,Clothing,3282.0,1,0,0,0,0.0
U04233,S04233,2026-06-07,Desktop,Google,Clothing,3343.0,1,0,0,0,0.0
U09869,S09869,2026-06-07,Mobile,Google,Beauty,5114.0,1,1,1,0,0.0
U10644,S10644,2026-06-07,Tablet,Facebook,Beauty,1204.0,1,0,0,0,0.0
U07072,S07072,2026-06-07,Mobile,Facebook,Shoes,907.0,1,0,0,0,0.0
U08115,S08115,2026-06-07,Mobile,Direct,Clothing,3141.0,1,0,0,0,0.0
U02746,S02746,2026-06-07,Desktop,Direct,Electronics,6147.0,1,1,1,1,6147.0
U06813,S06813,2026-06-07,Mobile,Facebook,Shoes,15291.0,1,0,0,0,0.0
U03412,S03412,2026-06-07,Mobile,Direct,Clothing,2611.0,1,0,0,0,0.0
U05411,S05411,2026-06-07,Mobile,Direct,Electronics,5950.0,1,1,1,1,5950.0
U11556,S11556,2026-06-07,Mobile,Facebook,Clothing,6648.0,1,1,0,0,0.0
U11704,S11704,2026-06-07,Mobile,Google,Electronics,777.0,1,0,0,0,0.0
U03928,S03928,2026-06-07,Desktop,Direct,Clothing,1692.0,1,0,0,0,0.0
U06036,S06036,2026-06-07,Desktop,Google,Home,974.0,1,1,0,0,0.0
U04408,S04408,2026-06-07,Mobile,Instagram,Home,1108.0,1,1,1,0,0.0
U02569,S02569,2026-06-07,Desktop,Google,Clothing,3211.0,1,0,0,0,0.0
U08547,S08547,2026-06-07,Desktop,Email,Electronics,2229.0,1,1,1,1,2229.0
U02715,S02715,2026-06-07,Desktop,Email,Shoes,1017.0,1,1,0,0,0.0
U09915,S09915,2026-06-07,Mobile,Google,Clothing,4384.0,1,0,0,0,0.0
U09450,S09450,2026-06-07,Mobile,Instagram,Clothing,1113.0,1,0,0,0,0.0
U00425,S00425,2026-06-07,Mobile,Google,Clothing,1380.0,1,0,0,0,0.0
U09447,S09447,2026-06-07,Mobile,Google,Shoes,3795.0,1,0,0,0,0.0
U09443,S09443,2026-06-07,Desktop,Google,Shoes,1888.0,1,1,0,0,0.0
U01085,S01085,2026-06-07,Tablet,Instagram,Shoes,1074.0,1,0,0,0,0.0
U01106,S01106,2026-06-07,Desktop,Direct,Beauty,5981.0,1,1,1,0,0.0
U11084,S11084,2026-06-07,Desktop,Google,Clothing,1093.0,1,0,0,0,0.0
U05109,S05109,2026-06-07,Mobile,Instagram,Electronics,779.0,1,1,1,1,779.0
U07671,S07671,2026-06-07,Tablet,Google,Beauty,3149.0,1,0,0,0,0.0
U07394,S07394,2026-06-07,Desktop,Instagram,Shoes,525.0,1,0,0,0,0.0
U01960,S01960,2026-06-07,Mobile,Google,Electronics,558.0,1,1,1,1,558.0
U10124,S10124,2026-06-07,Mobile,Google,Electronics,5166.0,1,1,1,1,5166.0
U01564,S01564,2026-06-07,Desktop,Instagram,Clothing,6437.0,1,0,0,0,0.0
U10742,S10742,2026-06-07,Desktop,Instagram,Clothing,3820.0,1,1,1,1,3820.0
U07442,S07442,2026-06-07,Desktop,Google,Home,1218.0,1,1,1,1,1218.0
U09724,S09724,2026-06-07,Mobile,Facebook,Electronics,2973.0,1,0,0,0,0.0
U07083,S07083,2026-06-07,Desktop,Direct,Beauty,1292.0,1,1,1,0,0.0
U08386,S08386,2026-06-07,Mobile,Facebook,Clothing,2469.0,1,1,0,0,0.0
U04576,S04576,2026-06-07,Mobile,Instagram,Beauty,1610.0,1,1,0,0,0.0
U06247,S06247,2026-06-07,Tablet,Direct,Shoes,1536.0,1,0,0,0,0.0
U10156,S10156,2026-06-07,Mobile,Google,Home,1129.0,1,0,0,0,0.0
U10999,S10999,2026-06-07,Mobile,Instagram,Clothing,1288.0,1,0,0,0,0.0
U00562,S00562,2026-06-07,Mobile,Instagram,Clothing,13857.0,1,0,0,0,0.0
U06564,S06564,2026-06-07,Tablet,Google,Shoes,870.0,1,1,1,1,870.0
U07435,S07435,2026-06-07,Mobile,Direct,Clothing,2425.0,1,1,1,0,0.0
U09946,S09946,2026-06-08,Mobile,Direct,Home,3781.0,1,1,0,0,0.0
U09861,S09861,2026-06-08,Mobile,Email,Electronics,3020.0,1,1,0,0,0.0
U05059,S05059,2026-06-08,Mobile,Instagram,Electronics,3002.0,1,1,0,0,0.0
U09866,S09866,2026-06-08,Mobile,Google,Electronics,960.0,1,0,0,0,0.0
U07896,S07896,2026-06-08,Desktop,Direct,Electronics,2700.0,1,0,0,0,0.0
U01745,S01745,2026-06-08,Desktop,Email,Clothing,1842.0,1,0,0,0,0.0
U01782,S01782,2026-06-08,Desktop,Facebook,Electronics,2674.0,1,0,0,0,0.0
U05674,S05674,2026-06-08,Mobile,Google,Beauty,2832.0,1,0,0,0,0.0
U10535,S10535,2026-06-08,Mobile,Direct,Home,5484.0,1,1,1,1,5484.0
U05724,S05724,2026-06-08,Desktop,Google,Clothing,1173.0,1,0,0,0,0.0
U06493,S06493,2026-06-08,Desktop,Google,Home,4073.0,1,0,0,0,0.0
U02733,S02733,2026-06-08,Mobile,Google,Clothing,11174.0,1,1,1,0,0.0
U01328,S01328,2026-06-08,Mobile,Google,Shoes,1488.0,1,0,0,0,0.0
U11241,S11241,2026-06-08,Desktop,Facebook,Home,3400.0,1,1,1,1,3400.0
U04008,S04008,2026-06-08,Mobile,Google,Clothing,892.0,1,1,1,1,892.0
U05612,S05612,2026-06-08,Desktop,Instagram,Clothing,1511.0,1,0,0,0,0.0
U00540,S00540,2026-06-08,Desktop,Direct,Beauty,2113.0,1,0,0,0,0.0
U05454,S05454,2026-06-08,Mobile,Google,Electronics,4056.0,1,0,0,0,0.0
U09065,S09065,2026-06-08,Mobile,Instagram,Home,5855.0,1,1,0,0,0.0
U03465,S03465,2026-06-08,Desktop,Direct,Home,1891.0,1,1,1,1,1891.0
U11929,S11929,2026-06-08,Desktop,Direct,Clothing,3963.0,1,0,0,0,0.0
U08834,S08834,2026-06-08,Mobile,Instagram,Shoes,5127.0,1,1,1,1,5127.0
U01366,S01366,2026-06-08,Mobile,Google,Shoes,11233.0,1,1,0,0,0.0
U11069,S11069,2026-06-08,Mobile,Google,Clothing,7875.0,1,0,0,0,0.0
U05934,S05934,2026-06-08,Mobile,Facebook,Beauty,2841.0,1,1,1,0,0.0
U02615,S02615,2026-06-08,Mobile,Direct,Clothing,716.0,1,1,1,0,0.0
U01337,S01337,2026-06-08,Mobile,Google,Electronics,11869.0,1,1,0,0,0.0
U05861,S05861,2026-06-08,Mobile,Direct,Electronics,604.0,1,1,1,1,604.0
U03837,S03837,2026-06-08,Desktop,Google,Home,808.0,1,1,0,0,0.0
U06191,S06191,2026-06-08,Desktop,Facebook,Beauty,3981.0,1,1,1,1,3981.0
U09657,S09657,2026-06-08,Mobile,Google,Electronics,1347.0,1,0,0,0,0.0
U05344,S05344,2026-06-08,Mobile,Email,Clothing,3623.0,1,0,0,0,0.0
U00923,S00923,2026-06-08,Mobile,Google,Shoes,3093.0,1,1,1,1,3093.0
U03285,S03285,2026-06-08,Mobile,Google,Clothing,24278.0,1,0,0,0,0.0
U08103,S08103,2026-06-08,Desktop,Google,Shoes,7744.0,1,0,0,0,0.0
U05159,S05159,2026-06-08,Mobile,Facebook,Home,3034.0,1,0,0,0,0.0
U05753,S05753,2026-06-08,Desktop,Facebook,Shoes,676.0,1,1,1,1,676.0
U00372,S00372,2026-06-08,Mobile,Google,Clothing,535.0,1,0,0,0,0.0
U03310,S03310,2026-06-08,Mobile,Google,Electronics,300.0,1,1,1,1,300.0
U06330,S06330,2026-06-08,Mobile,Instagram,Beauty,871.0,1,1,1,0,0.0
U06326,S06326,2026-06-08,Mobile,Email,Clothing,3001.0,1,1,0,0,0.0
U05642,S05642,2026-06-08,Desktop,Facebook,Shoes,4040.0,1,1,0,0,0.0
U09103,S09103,2026-06-08,Mobile,Google,Electronics,3486.0,1,1,0,0,0.0
U04180,S04180,2026-06-08,Desktop,Facebook,Home,5789.0,1,0,0,0,0.0
U04174,S04174,2026-06-08,Mobile,Google,Clothing,1358.0,1,0,0,0,0.0
U00979,S00979,2026-06-08,Mobile,Google,Shoes,21970.0,1,0,0,0,0.0
U10722,S10722,2026-06-08,Mobile,Direct,Beauty,2535.0,1,1,1,0,0.0
U02397,S02397,2026-06-08,Mobile,Email,Beauty,2836.0,1,0,0,0,0.0
U03344,S03344,2026-06-08,Mobile,Google,Home,8066.0,1,0,0,0,0.0
U06359,S06359,2026-06-08,Mobile,Google,Electronics,1224.0,1,1,0,0,0.0
U07424,S07424,2026-06-08,Mobile,Facebook,Shoes,965.0,1,0,0,0,0.0
U11539,S11539,2026-06-08,Desktop,Facebook,Shoes,12420.0,1,0,0,0,0.0
U00858,S00858,2026-06-08,Desktop,Google,Clothing,2348.0,1,0,0,0,0.0
U04657,S04657,2026-06-08,Desktop,Instagram,Home,1594.0,1,1,1,1,1594.0
U10202,S10202,2026-06-08,Desktop,Facebook,Beauty,7233.0,1,0,0,0,0.0
U06935,S06935,2026-06-08,Desktop,Direct,Home,951.0,1,0,0,0,0.0
U04864,S04864,2026-06-08,Desktop,Google,Home,911.0,1,1,1,0,0.0
U04596,S04596,2026-06-08,Tablet,Instagram,Shoes,1510.0,1,1,0,0,0.0
U07200,S07200,2026-06-08,Desktop,Instagram,Shoes,1449.0,1,1,1,1,1449.0
U02308,S02308,2026-06-08,Mobile,Facebook,Beauty,2368.0,1,1,0,0,0.0
U06863,S06863,2026-06-08,Mobile,Facebook,Clothing,300.0,1,1,0,0,0.0
U02189,S02189,2026-06-08,Mobile,Direct,Clothing,2462.0,1,0,0,0,0.0
U07264,S07264,2026-06-08,Mobile,Instagram,Clothing,1299.0,1,0,0,0,0.0
U00837,S00837,2026-06-08,Desktop,Facebook,Electronics,2437.0,1,1,1,1,2437.0
U06730,S06730,2026-06-08,Mobile,Direct,Clothing,316.0,1,1,1,1,316.0
U02276,S02276,2026-06-08,Mobile,Direct,Home,691.0,1,0,0,0,0.0
U10487,S10487,2026-06-08,Mobile,Google,Clothing,5665.0,1,1,0,0,0.0
U03116,S03116,2026-06-08,Desktop,Instagram,Clothing,1553.0,1,0,0,0,0.0
U04746,S04746,2026-06-08,Mobile,Email,Electronics,6453.0,1,0,0,0,0.0
U07569,S07569,2026-06-08,Desktop,Facebook,Electronics,8717.0,1,1,1,0,0.0
U06991,S06991,2026-06-08,Mobile,Email,Clothing,2062.0,1,0,0,0,0.0
U00680,S00680,2026-06-09,Mobile,Email,Home,2280.0,1,0,0,0,0.0
U04019,S04019,2026-06-09,Mobile,Direct,Electronics,2514.0,1,0,0,0,0.0
U11636,S11636,2026-06-09,Mobile,Direct,Beauty,18672.0,1,0,0,0,0.0
U02456,S02456,2026-06-09,Mobile,Google,Electronics,2454.0,1,0,0,0,0.0
U01498,S01498,2026-06-09,Desktop,Instagram,Home,7780.0,1,1,1,1,7780.0
U06270,S06270,2026-06-09,Mobile,Direct,Shoes,1719.0,1,0,0,0,0.0
U07479,S07479,2026-06-09,Mobile,Google,Home,300.0,1,0,0,0,0.0
U07996,S07996,2026-06-09,Mobile,Direct,Shoes,3362.0,1,0,0,0,0.0
U06401,S06401,2026-06-09,Mobile,Direct,Clothing,1881.0,1,0,0,0,0.0
U06343,S06343,2026-06-09,Desktop,Google,Clothing,5128.0,1,1,0,0,0.0
U01410,S01410,2026-06-09,Desktop,Google,Home,1849.0,1,0,0,0,0.0
U07841,S07841,2026-06-09,Desktop,Google,Home,2023.0,1,0,0,0,0.0
U09577,S09577,2026-06-09,Mobile,Instagram,Electronics,4461.0,1,1,0,0,0.0
U00249,S00249,2026-06-09,Mobile,Instagram,Shoes,2988.0,1,0,0,0,0.0
U09715,S09715,2026-06-09,Mobile,Direct,Shoes,9188.0,1,0,0,0,0.0
U08459,S08459,2026-06-09,Desktop,Direct,Shoes,2408.0,1,0,0,0,0.0
U07406,S07406,2026-06-09,Mobile,Direct,Electronics,1716.0,1,0,0,0,0.0
U04881,S04881,2026-06-09,Mobile,Google,Clothing,3935.0,1,0,0,0,0.0
U08151,S08151,2026-06-09,Mobile,Instagram,Beauty,7302.0,1,0,0,0,0.0
U08436,S08436,2026-06-09,Desktop,Instagram,Home,1032.0,1,0,0,0,0.0
U08086,S08086,2026-06-09,Desktop,Email,Clothing,5311.0,1,0,0,0,0.0
U03334,S03334,2026-06-09,Mobile,Email,Home,3984.0,1,1,1,1,3984.0
U06241,S06241,2026-06-09,Desktop,Instagram,Electronics,1372.0,1,0,0,0,0.0
U10406,S10406,2026-06-09,Mobile,Direct,Beauty,4956.0,1,0,0,0,0.0
U10055,S10055,2026-06-09,Desktop,Facebook,Electronics,1986.0,1,0,0,0,0.0
U05327,S05327,2026-06-09,Mobile,Direct,Home,515.0,1,0,0,0,0.0
U06846,S06846,2026-06-09,Mobile,Instagram,Electronics,1053.0,1,0,0,0,0.0
U10691,S10691,2026-06-09,Desktop,Direct,Beauty,2331.0,1,1,0,0,0.0
U04759,S04759,2026-06-09,Mobile,Instagram,Shoes,3545.0,1,0,0,0,0.0
U06752,S06752,2026-06-09,Mobile,Direct,Shoes,1399.0,1,1,1,1,1399.0
U11065,S11065,2026-06-09,Mobile,Google,Beauty,2046.0,1,1,0,0,0.0
U05889,S05889,2026-06-09,Desktop,Direct,Beauty,300.0,1,1,1,1,300.0
U11901,S11901,2026-06-09,Mobile,Google,Electronics,389.0,1,0,0,0,0.0
U05542,S05542,2026-06-09,Mobile,Google,Clothing,1867.0,1,1,1,1,1867.0
U04685,S04685,2026-06-09,Tablet,Instagram,Beauty,10157.0,1,1,0,0,0.0
U08904,S08904,2026-06-09,Mobile,Direct,Clothing,1540.0,1,0,0,0,0.0
U09928,S09928,2026-06-09,Mobile,Google,Shoes,868.0,1,0,0,0,0.0
U06569,S06569,2026-06-09,Mobile,Direct,Beauty,2441.0,1,1,1,0,0.0
U11548,S11548,2026-06-09,Mobile,Direct,Beauty,4683.0,1,0,0,0,0.0
U05951,S05951,2026-06-09,Mobile,Facebook,Shoes,1940.0,1,1,1,0,0.0
U05965,S05965,2026-06-09,Desktop,Instagram,Clothing,10788.0,1,0,0,0,0.0
U03771,S03771,2026-06-09,Tablet,Facebook,Shoes,4297.0,1,0,0,0,0.0
U09143,S09143,2026-06-09,Mobile,Facebook,Shoes,2705.0,1,0,0,0,0.0
U09469,S09469,2026-06-09,Mobile,Direct,Home,3961.0,1,0,0,0,0.0
U00501,S00501,2026-06-09,Desktop,Direct,Beauty,1761.0,1,1,0,0,0.0
U10281,S10281,2026-06-09,Desktop,Direct,Home,2571.0,1,1,0,0,0.0
U11985,S11985,2026-06-09,Mobile,Direct,Home,2767.0,1,0,0,0,0.0
U10222,S10222,2026-06-09,Desktop,Email,Clothing,5116.0,1,1,1,1,5116.0
U05847,S05847,2026-06-09,Tablet,Facebook,Clothing,3063.0,1,0,0,0,0.0
U11608,S11608,2026-06-09,Mobile,Google,Clothing,1353.0,1,0,0,0,0.0
U07259,S07259,2026-06-09,Desktop,Facebook,Clothing,574.0,1,0,0,0,0.0
U01239,S01239,2026-06-09,Mobile,Google,Shoes,1912.0,1,0,0,0,0.0
U00426,S00426,2026-06-09,Desktop,Google,Shoes,2500.0,1,0,0,0,0.0
U09332,S09332,2026-06-10,Mobile,Google,Shoes,1523.0,1,0,0,0,0.0
U02459,S02459,2026-06-10,Mobile,Email,Clothing,1372.0,1,0,0,0,0.0
U00135,S00135,2026-06-10,Mobile,Direct,Home,4520.0,1,1,1,1,4520.0
U09718,S09718,2026-06-10,Mobile,Instagram,Home,2274.0,1,0,0,0,0.0
U10324,S10324,2026-06-10,Mobile,Google,Shoes,4367.0,1,1,1,1,4367.0
U02579,S02579,2026-06-10,Mobile,Google,Beauty,1094.0,1,0,0,0,0.0
U03654,S03654,2026-06-10,Mobile,Google,Shoes,5829.0,1,1,1,0,0.0
U11714,S11714,2026-06-10,Mobile,Facebook,Clothing,2264.0,1,0,0,0,0.0
U04781,S04781,2026-06-10,Mobile,Email,Clothing,1767.0,1,0,0,0,0.0
U07542,S07542,2026-06-10,Mobile,Direct,Shoes,858.0,1,0,0,0,0.0
U05658,S05658,2026-06-10,Desktop,Instagram,Shoes,1595.0,1,1,0,0,0.0
U04505,S04505,2026-06-10,Mobile,Instagram,Electronics,1159.0,1,1,0,0,0.0
U06771,S06771,2026-06-10,Mobile,Instagram,Electronics,3071.0,1,1,1,0,0.0
U01212,S01212,2026-06-10,Desktop,Instagram,Home,4492.0,1,0,0,0,0.0
U01604,S01604,2026-06-10,Desktop,Google,Beauty,907.0,1,1,1,1,907.0
U04494,S04494,2026-06-10,Mobile,Direct,Beauty,15047.0,1,0,0,0,0.0
U11678,S11678,2026-06-10,Tablet,Google,Shoes,2013.0,1,1,0,0,0.0
U11963,S11963,2026-06-10,Desktop,Email,Electronics,5413.0,1,0,0,0,0.0
U03187,S03187,2026-06-10,Desktop,Google,Beauty,393.0,1,1,0,0,0.0
U03353,S03353,2026-06-10,Mobile,Facebook,Electronics,1207.0,1,1,1,1,1207.0
U11409,S11409,2026-06-10,Mobile,Email,Shoes,1672.0,1,1,1,0,0.0
U08736,S08736,2026-06-10,Mobile,Email,Shoes,2473.0,1,1,0,0,0.0
U06051,S06051,2026-06-10,Mobile,Facebook,Shoes,1252.0,1,0,0,0,0.0
U05976,S05976,2026-06-10,Mobile,Facebook,Electronics,3453.0,1,0,0,0,0.0
U08693,S08693,2026-06-10,Mobile,Google,Electronics,12092.0,1,0,0,0,0.0
U10070,S10070,2026-06-10,Mobile,Google,Home,2604.0,1,1,0,0,0.0
U06084,S06084,2026-06-10,Mobile,Direct,Beauty,1056.0,1,0,0,0,0.0
U08675,S08675,2026-06-10,Mobile,Instagram,Electronics,1530.0,1,0,0,0,0.0
U06099,S06099,2026-06-10,Desktop,Direct,Electronics,2538.0,1,0,0,0,0.0
U07344,S07344,2026-06-10,Mobile,Direct,Clothing,5477.0,1,0,0,0,0.0
U08575,S08575,2026-06-10,Tablet,Instagram,Electronics,5728.0,1,1,1,0,0.0
U02512,S02512,2026-06-10,Mobile,Facebook,Shoes,493.0,1,1,1,1,493.0
U04064,S04064,2026-06-10,Mobile,Instagram,Clothing,796.0,1,0,0,0,0.0
U10339,S10339,2026-06-10,Mobile,Google,Shoes,2285.0,1,0,0,0,0.0
U01098,S01098,2026-06-10,Desktop,Google,Clothing,9384.0,1,0,0,0,0.0
U03355,S03355,2026-06-10,Mobile,Google,Beauty,2312.0,1,0,0,0,0.0
U04885,S04885,2026-06-10,Desktop,Instagram,Clothing,6501.0,1,0,0,0,0.0
U09499,S09499,2026-06-10,Tablet,Direct,Beauty,1142.0,1,1,0,0,0.0
U09409,S09409,2026-06-10,Desktop,Instagram,Home,1619.0,1,1,1,1,1619.0
U03505,S03505,2026-06-10,Desktop,Google,Shoes,340.0,1,0,0,0,0.0
U01294,S01294,2026-06-10,Mobile,Google,Shoes,2873.0,1,0,0,0,0.0
U01548,S01548,2026-06-10,Desktop,Google,Beauty,1650.0,1,1,1,1,1650.0
U01270,S01270,2026-06-10,Mobile,Direct,Shoes,1012.0,1,0,0,0,0.0
U10806,S10806,2026-06-10,Mobile,Instagram,Home,3552.0,1,1,1,1,3552.0
U07837,S07837,2026-06-10,Mobile,Facebook,Clothing,1978.0,1,0,0,0,0.0
U01688,S01688,2026-06-10,Mobile,Instagram,Home,5813.0,1,0,0,0,0.0
U07884,S07884,2026-06-10,Desktop,Instagram,Electronics,1299.0,1,0,0,0,0.0
U00831,S00831,2026-06-10,Mobile,Instagram,Clothing,10096.0,1,0,0,0,0.0
U06608,S06608,2026-06-10,Mobile,Direct,Beauty,2157.0,1,0,0,0,0.0
U11578,S11578,2026-06-10,Mobile,Google,Clothing,3895.0,1,1,1,1,3895.0
U05046,S05046,2026-06-10,Tablet,Facebook,Home,10459.0,1,1,0,0,0.0
U06733,S06733,2026-06-10,Desktop,Facebook,Electronics,531.0,1,0,0,0,0.0
U10502,S10502,2026-06-10,Mobile,Google,Home,367.0,1,1,1,1,367.0
U03007,S03007,2026-06-10,Mobile,Google,Clothing,639.0,1,0,0,0,0.0
U08105,S08105,2026-06-10,Desktop,Direct,Beauty,1378.0,1,1,1,0,0.0
U02280,S02280,2026-06-10,Desktop,Instagram,Electronics,2212.0,1,1,1,1,2212.0
U04384,S04384,2026-06-10,Mobile,Google,Beauty,5802.0,1,0,0,0,0.0
U02386,S02386,2026-06-10,Desktop,Email,Home,5301.0,1,0,0,0,0.0
U06711,S06711,2026-06-10,Mobile,Instagram,Electronics,1298.0,1,1,1,0,0.0
U06453,S06453,2026-06-10,Mobile,Email,Shoes,1426.0,1,1,1,1,1426.0
U03264,S03264,2026-06-10,Mobile,Google,Electronics,2129.0,1,1,1,1,2129.0
U00919,S00919,2026-06-10,Mobile,Google,Clothing,735.0,1,1,1,1,735.0
U04468,S04468,2026-06-10,Desktop,Facebook,Beauty,2093.0,1,0,0,0,0.0
U00636,S00636,2026-06-10,Mobile,Direct,Electronics,1701.0,1,0,0,0,0.0
U11270,S11270,2026-06-10,Mobile,Facebook,Electronics,8977.0,1,1,1,0,0.0
U05132,S05132,2026-06-10,Mobile,Google,Shoes,2142.0,1,0,0,0,0.0
U03492,S03492,2026-06-11,Mobile,Google,Clothing,3648.0,1,0,0,0,0.0
U06081,S06081,2026-06-11,Mobile,Facebook,Clothing,8494.0,1,0,0,0,0.0
U04273,S04273,2026-06-11,Desktop,Google,Clothing,5725.0,1,0,0,0,0.0
U02890,S02890,2026-06-11,Mobile,Instagram,Beauty,2423.0,1,0,0,0,0.0
U01845,S01845,2026-06-11,Mobile,Direct,Home,2593.0,1,0,0,0,0.0
U04459,S04459,2026-06-11,Mobile,Facebook,Home,1569.0,1,1,0,0,0.0
U09583,S09583,2026-06-11,Mobile,Facebook,Clothing,1217.0,1,1,0,0,0.0
U09456,S09456,2026-06-11,Mobile,Direct,Shoes,1640.0,1,0,0,0,0.0
U07314,S07314,2026-06-11,Mobile,Email,Shoes,2301.0,1,1,0,0,0.0
U03267,S03267,2026-06-11,Mobile,Instagram,Clothing,2543.0,1,1,0,0,0.0
U09108,S09108,2026-06-11,Mobile,Instagram,Clothing,6082.0,1,1,0,0,0.0
U10284,S10284,2026-06-11,Tablet,Email,Beauty,2098.0,1,0,0,0,0.0
U06894,S06894,2026-06-11,Mobile,Google,Electronics,2078.0,1,0,0,0,0.0
U10146,S10146,2026-06-11,Tablet,Google,Shoes,13006.0,1,0,0,0,0.0
U06737,S06737,2026-06-11,Mobile,Google,Clothing,2329.0,1,0,0,0,0.0
U06132,S06132,2026-06-11,Desktop,Google,Clothing,2016.0,1,1,0,0,0.0
U05320,S05320,2026-06-11,Mobile,Facebook,Electronics,4223.0,1,0,0,0,0.0
U10536,S10536,2026-06-11,Mobile,Instagram,Electronics,2235.0,1,0,0,0,0.0
U04686,S04686,2026-06-11,Mobile,Direct,Electronics,1981.0,1,0,0,0,0.0
U07666,S07666,2026-06-11,Mobile,Google,Clothing,2351.0,1,0,0,0,0.0
U04805,S04805,2026-06-11,Desktop,Google,Electronics,1756.0,1,1,1,0,0.0
U10186,S10186,2026-06-11,Mobile,Google,Shoes,2636.0,1,0,0,0,0.0
U11917,S11917,2026-06-11,Desktop,Google,Electronics,11306.0,1,0,0,0,0.0
U10172,S10172,2026-06-11,Mobile,Email,Beauty,1665.0,1,1,0,0,0.0
U02611,S02611,2026-06-11,Desktop,Google,Clothing,1585.0,1,0,0,0,0.0
U11827,S11827,2026-06-11,Mobile,Email,Home,15594.0,1,1,0,0,0.0
U08690,S08690,2026-06-11,Desktop,Instagram,Beauty,2496.0,1,1,0,0,0.0
U00604,S00604,2026-06-11,Desktop,Google,Shoes,2179.0,1,1,1,1,2179.0
U08774,S08774,2026-06-11,Desktop,Facebook,Shoes,303.0,1,0,0,0,0.0
U03305,S03305,2026-06-11,Desktop,Google,Electronics,766.0,1,0,0,0,0.0
U03914,S03914,2026-06-11,Mobile,Email,Beauty,5347.0,1,0,0,0,0.0
U01390,S01390,2026-06-11,Mobile,Facebook,Home,1602.0,1,1,1,1,1602.0
U09276,S09276,2026-06-11,Mobile,Direct,Beauty,1813.0,1,0,0,0,0.0
U11066,S11066,2026-06-11,Mobile,Email,Shoes,1399.0,1,0,0,0,0.0
U07300,S07300,2026-06-11,Desktop,Facebook,Electronics,1494.0,1,1,0,0,0.0
U08874,S08874,2026-06-11,Desktop,Google,Electronics,999.0,1,1,1,0,0.0
U00062,S00062,2026-06-11,Mobile,Direct,Beauty,11585.0,1,1,1,1,11585.0
U06007,S06007,2026-06-11,Desktop,Facebook,Electronics,2445.0,1,0,0,0,0.0
U03626,S03626,2026-06-11,Mobile,Email,Home,6933.0,1,0,0,0,0.0
U10620,S10620,2026-06-11,Desktop,Email,Electronics,3032.0,1,0,0,0,0.0
U04955,S04955,2026-06-11,Mobile,Email,Electronics,7246.0,1,0,0,0,0.0
U10634,S10634,2026-06-11,Desktop,Google,Home,1438.0,1,1,1,0,0.0
U05448,S05448,2026-06-11,Mobile,Google,Home,905.0,1,0,0,0,0.0
U01155,S01155,2026-06-11,Mobile,Facebook,Beauty,3360.0,1,0,0,0,0.0
U08721,S08721,2026-06-11,Desktop,Google,Clothing,6579.0,1,1,1,0,0.0
U00526,S00526,2026-06-11,Mobile,Google,Shoes,3864.0,1,0,0,0,0.0
U03010,S03010,2026-06-11,Desktop,Instagram,Beauty,1237.0,1,1,1,1,1237.0
U11975,S11975,2026-06-11,Mobile,Direct,Electronics,4584.0,1,0,0,0,0.0
U03838,S03838,2026-06-11,Mobile,Direct,Beauty,2347.0,1,1,0,0,0.0
U06810,S06810,2026-06-11,Desktop,Email,Shoes,6970.0,1,1,0,0,0.0
U00899,S00899,2026-06-11,Mobile,Direct,Shoes,9703.0,1,0,0,0,0.0
U01216,S01216,2026-06-11,Mobile,Google,Electronics,1151.0,1,0,0,0,0.0
U03857,S03857,2026-06-11,Desktop,Direct,Shoes,2340.0,1,1,1,1,2340.0
U11050,S11050,2026-06-12,Mobile,Instagram,Clothing,3376.0,1,1,1,0,0.0
U09972,S09972,2026-06-12,Mobile,Google,Clothing,1352.0,1,0,0,0,0.0
U02057,S02057,2026-06-12,Tablet,Instagram,Beauty,10200.0,1,1,1,1,10200.0
U02227,S02227,2026-06-12,Desktop,Google,Home,7098.0,1,1,1,1,7098.0
U04337,S04337,2026-06-12,Mobile,Google,Clothing,8111.0,1,1,1,0,0.0
U02827,S02827,2026-06-12,Mobile,Direct,Beauty,1912.0,1,1,0,0,0.0
U00098,S00098,2026-06-12,Mobile,Google,Clothing,2951.0,1,0,0,0,0.0
U01393,S01393,2026-06-12,Mobile,Direct,Electronics,1379.0,1,0,0,0,0.0
U07356,S07356,2026-06-12,Mobile,Google,Clothing,901.0,1,0,0,0,0.0
U07937,S07937,2026-06-12,Mobile,Instagram,Beauty,1289.0,1,0,0,0,0.0
U10753,S10753,2026-06-12,Desktop,Instagram,Electronics,453.0,1,1,1,1,453.0
U03274,S03274,2026-06-12,Desktop,Direct,Electronics,3082.0,1,0,0,0,0.0
U02313,S02313,2026-06-12,Mobile,Direct,Clothing,3891.0,1,0,0,0,0.0
U05880,S05880,2026-06-12,Mobile,Instagram,Electronics,2842.0,1,0,0,0,0.0
U10881,S10881,2026-06-12,Mobile,Instagram,Beauty,6386.0,1,1,0,0,0.0
U04842,S04842,2026-06-12,Mobile,Instagram,Shoes,13815.0,1,1,1,1,13815.0
U01409,S01409,2026-06-12,Desktop,Google,Beauty,1931.0,1,0,0,0,0.0
U05441,S05441,2026-06-12,Mobile,Google,Clothing,4562.0,1,1,0,0,0.0
U03790,S03790,2026-06-12,Desktop,Direct,Shoes,1764.0,1,1,1,1,1764.0
U03921,S03921,2026-06-12,Mobile,Google,Clothing,664.0,1,0,0,0,0.0
U03902,S03902,2026-06-12,Desktop,Google,Clothing,4325.0,1,0,0,0,0.0
U04628,S04628,2026-06-12,Mobile,Email,Home,2223.0,1,0,0,0,0.0
U08070,S08070,2026-06-12,Tablet,Google,Shoes,2044.0,1,0,0,0,0.0
U01448,S01448,2026-06-12,Mobile,Google,Clothing,1048.0,1,0,0,0,0.0
U11892,S11892,2026-06-12,Mobile,Google,Beauty,4406.0,1,0,0,0,0.0
U05437,S05437,2026-06-12,Desktop,Instagram,Clothing,1925.0,1,1,1,1,1925.0
U07146,S07146,2026-06-12,Desktop,Direct,Clothing,4245.0,1,1,1,1,4245.0
U11263,S11263,2026-06-12,Mobile,Instagram,Electronics,1243.0,1,0,0,0,0.0
U08922,S08922,2026-06-12,Desktop,Google,Home,1847.0,1,0,0,0,0.0
U08619,S08619,2026-06-12,Mobile,Direct,Beauty,1130.0,1,1,1,1,1130.0
U05944,S05944,2026-06-12,Desktop,Google,Electronics,4591.0,1,0,0,0,0.0
U07139,S07139,2026-06-12,Desktop,Google,Electronics,532.0,1,1,1,0,0.0
U02355,S02355,2026-06-12,Mobile,Facebook,Clothing,1785.0,1,1,1,1,1785.0
U09997,S09997,2026-06-12,Mobile,Instagram,Beauty,1582.0,1,0,0,0,0.0
U00842,S00842,2026-06-12,Desktop,Instagram,Clothing,6215.0,1,0,0,0,0.0
U04338,S04338,2026-06-12,Mobile,Facebook,Beauty,825.0,1,0,0,0,0.0
U11260,S11260,2026-06-12,Mobile,Instagram,Electronics,1430.0,1,1,0,0,0.0
U05525,S05525,2026-06-12,Mobile,Direct,Shoes,1451.0,1,0,0,0,0.0
U08953,S08953,2026-06-12,Mobile,Facebook,Shoes,1863.0,1,1,1,1,1863.0
U11143,S11143,2026-06-12,Desktop,Instagram,Home,4892.0,1,0,0,0,0.0
U05384,S05384,2026-06-12,Mobile,Direct,Clothing,1304.0,1,1,0,0,0.0
U11641,S11641,2026-06-12,Desktop,Google,Home,1690.0,1,0,0,0,0.0
U10654,S10654,2026-06-12,Mobile,Email,Clothing,3737.0,1,0,0,0,0.0
U04350,S04350,2026-06-12,Desktop,Instagram,Clothing,1536.0,1,0,0,0,0.0
U02887,S02887,2026-06-12,Mobile,Email,Clothing,1110.0,1,0,0,0,0.0
U01779,S01779,2026-06-12,Mobile,Google,Home,2653.0,1,1,0,0,0.0
U03702,S03702,2026-06-12,Mobile,Facebook,Clothing,3505.0,1,0,0,0,0.0
U04116,S04116,2026-06-12,Mobile,Instagram,Electronics,2831.0,1,0,0,0,0.0
U08406,S08406,2026-06-12,Desktop,Facebook,Home,2259.0,1,1,1,1,2259.0
U04790,S04790,2026-06-12,Desktop,Google,Electronics,1743.0,1,1,1,1,1743.0
U08149,S08149,2026-06-12,Desktop,Google,Shoes,1960.0,1,1,1,1,1960.0
U02146,S02146,2026-06-12,Tablet,Direct,Clothing,3855.0,1,0,0,0,0.0
U07444,S07444,2026-06-12,Mobile,Email,Clothing,769.0,1,0,0,0,0.0
U10291,S10291,2026-06-12,Mobile,Google,Clothing,4097.0,1,0,0,0,0.0
U03546,S03546,2026-06-12,Mobile,Google,Home,1149.0,1,0,0,0,0.0
U03659,S03659,2026-06-12,Desktop,Direct,Home,4865.0,1,1,1,0,0.0
U04266,S04266,2026-06-12,Mobile,Google,Shoes,4342.0,1,1,0,0,0.0
U07874,S07874,2026-06-12,Mobile,Google,Electronics,2096.0,1,1,0,0,0.0
U00943,S00943,2026-06-12,Mobile,Email,Clothing,1375.0,1,1,1,1,1375.0
U05628,S05628,2026-06-12,Desktop,Facebook,Electronics,1608.0,1,1,1,1,1608.0
U03105,S03105,2026-06-12,Desktop,Instagram,Clothing,1331.0,1,0,0,0,0.0
U09207,S09207,2026-06-12,Desktop,Google,Clothing,2489.0,1,1,0,0,0.0
U01578,S01578,2026-06-12,Desktop,Facebook,Shoes,2568.0,1,0,0,0,0.0
U02491,S02491,2026-06-12,Tablet,Direct,Electronics,1378.0,1,1,1,1,1378.0
U10448,S10448,2026-06-12,Mobile,Direct,Clothing,1522.0,1,0,0,0,0.0
U06349,S06349,2026-06-12,Mobile,Google,Clothing,7868.0,1,0,0,0,0.0
U10443,S10443,2026-06-12,Tablet,Email,Electronics,491.0,1,0,0,0,0.0
U10643,S10643,2026-06-12,Desktop,Instagram,Electronics,1592.0,1,0,0,0,0.0
U07398,S07398,2026-06-12,Mobile,Google,Electronics,1855.0,1,1,1,1,1855.0
U00416,S00416,2026-06-12,Mobile,Facebook,Shoes,2695.0,1,0,0,0,0.0
U03593,S03593,2026-06-12,Desktop,Email,Clothing,7012.0,1,1,0,0,0.0
U05690,S05690,2026-06-12,Desktop,Google,Beauty,3750.0,1,1,1,0,0.0
U04237,S04237,2026-06-13,Mobile,Direct,Beauty,840.0,1,0,0,0,0.0
U02298,S02298,2026-06-13,Mobile,Instagram,Clothing,2372.0,1,1,1,0,0.0
U06060,S06060,2026-06-13,Desktop,Direct,Clothing,15838.0,1,0,0,0,0.0
U11205,S11205,2026-06-13,Mobile,Direct,Electronics,720.0,1,0,0,0,0.0
U10963,S10963,2026-06-13,Tablet,Instagram,Home,4350.0,1,0,0,0,0.0
U04776,S04776,2026-06-13,Mobile,Facebook,Clothing,1054.0,1,0,0,0,0.0
U06832,S06832,2026-06-13,Mobile,Direct,Electronics,4944.0,1,0,0,0,0.0
U07736,S07736,2026-06-13,Mobile,Email,Shoes,1969.0,1,1,1,1,1969.0
U01137,S01137,2026-06-13,Mobile,Google,Beauty,3455.0,1,1,1,1,3455.0
U05241,S05241,2026-06-13,Mobile,Google,Electronics,1794.0,1,0,0,0,0.0
U05728,S05728,2026-06-13,Mobile,Facebook,Shoes,12949.0,1,0,0,0,0.0
U05205,S05205,2026-06-13,Mobile,Google,Beauty,3039.0,1,0,0,0,0.0
U04927,S04927,2026-06-13,Mobile,Facebook,Shoes,5550.0,1,0,0,0,0.0
U10090,S10090,2026-06-13,Mobile,Direct,Clothing,13189.0,1,0,0,0,0.0
U01072,S01072,2026-06-13,Mobile,Google,Clothing,3954.0,1,0,0,0,0.0
U03561,S03561,2026-06-13,Desktop,Google,Clothing,761.0,1,0,0,0,0.0
U03878,S03878,2026-06-13,Tablet,Facebook,Home,17533.0,1,0,0,0,0.0
U11836,S11836,2026-06-13,Desktop,Instagram,Clothing,2053.0,1,0,0,0,0.0
U01901,S01901,2026-06-13,Mobile,Instagram,Shoes,2155.0,1,0,0,0,0.0
U07035,S07035,2026-06-13,Mobile,Facebook,Beauty,2183.0,1,0,0,0,0.0
U07597,S07597,2026-06-13,Mobile,Instagram,Shoes,1395.0,1,0,0,0,0.0
U00073,S00073,2026-06-13,Desktop,Instagram,Electronics,6206.0,1,0,0,0,0.0
U06395,S06395,2026-06-13,Mobile,Instagram,Clothing,5101.0,1,1,1,0,0.0
U00149,S00149,2026-06-13,Mobile,Google,Clothing,3691.0,1,0,0,0,0.0
U10113,S10113,2026-06-13,Mobile,Google,Electronics,2194.0,1,1,1,0,0.0
U03611,S03611,2026-06-13,Desktop,Google,Clothing,2654.0,1,0,0,0,0.0
U07393,S07393,2026-06-13,Mobile,Instagram,Shoes,1460.0,1,1,1,0,0.0
U08605,S08605,2026-06-13,Desktop,Instagram,Home,20865.0,1,1,1,0,0.0
U11752,S11752,2026-06-13,Mobile,Google,Clothing,967.0,1,0,0,0,0.0
U11274,S11274,2026-06-13,Mobile,Direct,Electronics,14443.0,1,1,1,1,14443.0
U06986,S06986,2026-06-13,Desktop,Instagram,Electronics,2197.0,1,0,0,0,0.0
U10328,S10328,2026-06-13,Mobile,Direct,Electronics,393.0,1,0,0,0,0.0
U01020,S01020,2026-06-13,Mobile,Google,Beauty,1183.0,1,1,1,1,1183.0
U05594,S05594,2026-06-13,Mobile,Email,Home,2996.0,1,0,0,0,0.0
U07704,S07704,2026-06-13,Desktop,Google,Electronics,2751.0,1,0,0,0,0.0
U04587,S04587,2026-06-13,Mobile,Direct,Beauty,13512.0,1,0,0,0,0.0
U07351,S07351,2026-06-13,Mobile,Google,Beauty,15444.0,1,0,0,0,0.0
U05317,S05317,2026-06-13,Mobile,Direct,Beauty,3649.0,1,1,0,0,0.0
U05898,S05898,2026-06-13,Desktop,Google,Beauty,4829.0,1,1,1,0,0.0
U02961,S02961,2026-06-13,Desktop,Google,Shoes,5044.0,1,1,1,1,5044.0
U09382,S09382,2026-06-13,Mobile,Email,Beauty,8172.0,1,1,1,0,0.0
U04290,S04290,2026-06-13,Mobile,Instagram,Home,4444.0,1,0,0,0,0.0
U02124,S02124,2026-06-13,Mobile,Email,Clothing,6126.0,1,1,0,0,0.0
U01089,S01089,2026-06-13,Mobile,Direct,Electronics,2627.0,1,0,0,0,0.0
U09648,S09648,2026-06-13,Mobile,Google,Shoes,1213.0,1,1,1,1,1213.0
U04269,S04269,2026-06-13,Desktop,Direct,Clothing,1365.0,1,0,0,0,0.0
U02180,S02180,2026-06-13,Tablet,Google,Beauty,1503.0,1,1,1,1,1503.0
U01657,S01657,2026-06-13,Mobile,Facebook,Electronics,5133.0,1,0,0,0,0.0
U10792,S10792,2026-06-13,Desktop,Facebook,Beauty,509.0,1,1,1,1,509.0
U11776,S11776,2026-06-13,Mobile,Google,Shoes,1075.0,1,0,0,0,0.0
U11779,S11779,2026-06-13,Mobile,Google,Shoes,1573.0,1,1,1,1,1573.0
U10050,S10050,2026-06-13,Desktop,Facebook,Electronics,5967.0,1,0,0,0,0.0
U01538,S01538,2026-06-13,Desktop,Facebook,Clothing,5806.0,1,1,1,1,5806.0
U09664,S09664,2026-06-13,Desktop,Email,Electronics,7582.0,1,0,0,0,0.0
U09587,S09587,2026-06-13,Mobile,Instagram,Home,326.0,1,1,1,1,326.0
U01808,S01808,2026-06-14,Mobile,Google,Shoes,5922.0,1,0,0,0,0.0
U07051,S07051,2026-06-14,Tablet,Instagram,Electronics,4188.0,1,0,0,0,0.0
U07127,S07127,2026-06-14,Mobile,Google,Clothing,637.0,1,0,0,0,0.0
U10551,S10551,2026-06-14,Tablet,Direct,Home,1569.0,1,0,0,0,0.0
U02112,S02112,2026-06-14,Mobile,Instagram,Beauty,1977.0,1,0,0,0,0.0
U04688,S04688,2026-06-14,Mobile,Google,Home,1228.0,1,0,0,0,0.0
U04438,S04438,2026-06-14,Mobile,Facebook,Electronics,2637.0,1,0,0,0,0.0
U11605,S11605,2026-06-14,Mobile,Email,Clothing,1118.0,1,0,0,0,0.0
U05783,S05783,2026-06-14,Mobile,Google,Home,4784.0,1,1,0,0,0.0
U09906,S09906,2026-06-14,Desktop,Instagram,Shoes,2647.0,1,0,0,0,0.0
U00647,S00647,2026-06-14,Mobile,Google,Electronics,725.0,1,0,0,0,0.0
U05648,S05648,2026-06-14,Mobile,Instagram,Beauty,3607.0,1,1,1,0,0.0
U05747,S05747,2026-06-14,Mobile,Facebook,Home,4979.0,1,0,0,0,0.0
U04818,S04818,2026-06-14,Mobile,Google,Beauty,4395.0,1,0,0,0,0.0
U00446,S00446,2026-06-14,Desktop,Google,Shoes,2003.0,1,1,1,0,0.0
U00756,S00756,2026-06-14,Mobile,Direct,Electronics,790.0,1,0,0,0,0.0
U02986,S02986,2026-06-14,Mobile,Direct,Electronics,3419.0,1,0,0,0,0.0
U07000,S07000,2026-06-14,Desktop,Email,Beauty,1319.0,1,0,0,0,0.0
U02152,S02152,2026-06-14,Mobile,Instagram,Clothing,14497.0,1,0,0,0,0.0
U07206,S07206,2026-06-14,Mobile,Direct,Electronics,2623.0,1,0,0,0,0.0
U10539,S10539,2026-06-14,Mobile,Direct,Shoes,1358.0,1,0,0,0,0.0
U03769,S03769,2026-06-14,Desktop,Instagram,Electronics,2275.0,1,0,0,0,0.0
U03681,S03681,2026-06-14,Desktop,Email,Electronics,2140.0,1,0,0,0,0.0
U06948,S06948,2026-06-14,Desktop,Google,Clothing,4166.0,1,1,1,1,4166.0
U06393,S06393,2026-06-14,Mobile,Google,Electronics,877.0,1,0,0,0,0.0
U03919,S03919,2026-06-14,Desktop,Google,Shoes,3932.0,1,0,0,0,0.0
U01466,S01466,2026-06-14,Desktop,Google,Clothing,2751.0,1,1,1,1,2751.0
U07042,S07042,2026-06-14,Mobile,Google,Beauty,7566.0,1,0,0,0,0.0
U10787,S10787,2026-06-14,Desktop,Instagram,Shoes,1916.0,1,0,0,0,0.0
U10786,S10786,2026-06-14,Desktop,Email,Beauty,3009.0,1,0,0,0,0.0
U06121,S06121,2026-06-14,Mobile,Direct,Home,666.0,1,0,0,0,0.0
U09858,S09858,2026-06-14,Mobile,Google,Clothing,3526.0,1,0,0,0,0.0
U06148,S06148,2026-06-14,Mobile,Direct,Shoes,4382.0,1,1,0,0,0.0
U09727,S09727,2026-06-14,Mobile,Direct,Home,2365.0,1,0,0,0,0.0
U01014,S01014,2026-06-14,Tablet,Google,Electronics,12489.0,1,0,0,0,0.0
U01515,S01515,2026-06-14,Desktop,Google,Electronics,944.0,1,0,0,0,0.0
U06181,S06181,2026-06-14,Mobile,Instagram,Clothing,3655.0,1,0,0,0,0.0
U06332,S06332,2026-06-14,Tablet,Direct,Electronics,2787.0,1,0,0,0,0.0
U02029,S02029,2026-06-14,Mobile,Direct,Clothing,922.0,1,1,0,0,0.0
U01542,S01542,2026-06-14,Mobile,Facebook,Beauty,3135.0,1,0,0,0,0.0
U10590,S10590,2026-06-14,Mobile,Instagram,Electronics,308.0,1,1,1,1,308.0
U05330,S05330,2026-06-14,Mobile,Google,Electronics,5874.0,1,1,0,0,0.0
U03352,S03352,2026-06-14,Mobile,Email,Electronics,414.0,1,0,0,0,0.0
U04580,S04580,2026-06-14,Mobile,Google,Shoes,646.0,1,0,0,0,0.0
U08110,S08110,2026-06-14,Mobile,Google,Clothing,5892.0,1,1,1,1,5892.0
U04511,S04511,2026-06-14,Mobile,Google,Shoes,10597.0,1,0,0,0,0.0
U08384,S08384,2026-06-14,Mobile,Direct,Electronics,3649.0,1,1,1,1,3649.0
U07638,S07638,2026-06-14,Tablet,Direct,Home,5218.0,1,1,0,0,0.0
U07541,S07541,2026-06-14,Tablet,Google,Shoes,2678.0,1,1,1,0,0.0
U10610,S10610,2026-06-14,Desktop,Google,Electronics,1226.0,1,0,0,0,0.0
U00576,S00576,2026-06-14,Mobile,Instagram,Electronics,1921.0,1,0,0,0,0.0
U10125,S10125,2026-06-14,Mobile,Instagram,Beauty,401.0,1,1,0,0,0.0
U06719,S06719,2026-06-14,Desktop,Google,Electronics,4964.0,1,1,1,1,4964.0
U01858,S01858,2026-06-14,Mobile,Google,Electronics,2634.0,1,0,0,0,0.0
U09856,S09856,2026-06-14,Mobile,Direct,Electronics,583.0,1,0,0,0,0.0
U10674,S10674,2026-06-14,Desktop,Direct,Shoes,341.0,1,0,0,0,0.0
U11100,S11100,2026-06-14,Mobile,Instagram,Shoes,1408.0,1,0,0,0,0.0
U06757,S06757,2026-06-14,Desktop,Instagram,Electronics,2326.0,1,1,1,1,2326.0
U04847,S04847,2026-06-14,Mobile,Google,Clothing,1562.0,1,0,0,0,0.0
U02574,S02574,2026-06-14,Desktop,Google,Clothing,1790.0,1,0,0,0,0.0
U07286,S07286,2026-06-14,Desktop,Direct,Beauty,6191.0,1,0,0,0,0.0
U04833,S04833,2026-06-14,Desktop,Google,Electronics,30000.0,1,0,0,0,0.0
U01052,S01052,2026-06-14,Mobile,Direct,Home,15777.0,1,0,0,0,0.0
U02218,S02218,2026-06-14,Tablet,Direct,Beauty,3217.0,1,0,0,0,0.0
U06391,S06391,2026-06-14,Mobile,Google,Electronics,1702.0,1,0,0,0,0.0
U08762,S08762,2026-06-14,Mobile,Facebook,Clothing,2005.0,1,1,1,0,0.0
U05020,S05020,2026-06-14,Mobile,Instagram,Clothing,2638.0,1,1,0,0,0.0
U05329,S05329,2026-06-15,Mobile,Google,Clothing,1534.0,1,1,1,1,1534.0
U06253,S06253,2026-06-15,Mobile,Email,Electronics,585.0,1,0,0,0,0.0
U11650,S11650,2026-06-15,Desktop,Google,Beauty,1772.0,1,1,1,1,1772.0
U01077,S01077,2026-06-15,Mobile,Instagram,Clothing,1777.0,1,0,0,0,0.0
U09681,S09681,2026-06-15,Mobile,Google,Home,6022.0,1,1,0,0,0.0
U05044,S05044,2026-06-15,Mobile,Google,Clothing,10019.0,1,0,0,0,0.0
U01549,S01549,2026-06-15,Mobile,Instagram,Electronics,4189.0,1,0,0,0,0.0
U04830,S04830,2026-06-15,Desktop,Email,Electronics,580.0,1,0,0,0,0.0
U09078,S09078,2026-06-15,Desktop,Google,Home,5985.0,1,0,0,0,0.0
U05312,S05312,2026-06-15,Mobile,Google,Electronics,349.0,1,0,0,0,0.0
U01589,S01589,2026-06-15,Mobile,Email,Shoes,4169.0,1,0,0,0,0.0
U02480,S02480,2026-06-15,Tablet,Instagram,Home,819.0,1,0,0,0,0.0
U04327,S04327,2026-06-15,Mobile,Email,Home,3976.0,1,0,0,0,0.0
U07505,S07505,2026-06-15,Mobile,Facebook,Electronics,561.0,1,0,0,0,0.0
U07624,S07624,2026-06-15,Mobile,Google,Clothing,784.0,1,1,1,1,784.0
U06627,S06627,2026-06-15,Desktop,Instagram,Electronics,1951.0,1,0,0,0,0.0
U11591,S11591,2026-06-15,Mobile,Email,Home,630.0,1,0,0,0,0.0
U04169,S04169,2026-06-15,Mobile,Google,Clothing,2482.0,1,0,0,0,0.0
U03640,S03640,2026-06-15,Mobile,Instagram,Home,3308.0,1,0,0,0,0.0
U07643,S07643,2026-06-15,Mobile,Google,Home,1607.0,1,1,1,1,1607.0
U10614,S10614,2026-06-15,Mobile,Direct,Electronics,1017.0,1,1,1,1,1017.0
U10630,S10630,2026-06-15,Mobile,Google,Clothing,929.0,1,0,0,0,0.0
U04797,S04797,2026-06-15,Mobile,Email,Shoes,891.0,1,0,0,0,0.0
U04758,S04758,2026-06-15,Tablet,Instagram,Electronics,5202.0,1,0,0,0,0.0
U00060,S00060,2026-06-15,Mobile,Instagram,Home,820.0,1,0,0,0,0.0
U02675,S02675,2026-06-15,Mobile,Facebook,Beauty,9177.0,1,1,0,0,0.0
U02365,S02365,2026-06-15,Desktop,Google,Shoes,5875.0,1,1,0,0,0.0
U00684,S00684,2026-06-15,Mobile,Google,Beauty,1468.0,1,0,0,0,0.0
U11957,S11957,2026-06-15,Desktop,Instagram,Beauty,12587.0,1,1,1,1,12587.0
U05368,S05368,2026-06-15,Desktop,Google,Electronics,1330.0,1,0,0,0,0.0
U06571,S06571,2026-06-15,Desktop,Direct,Home,2141.0,1,0,0,0,0.0
U02151,S02151,2026-06-15,Desktop,Google,Electronics,372.0,1,1,1,1,372.0
U11127,S11127,2026-06-15,Mobile,Instagram,Shoes,1258.0,1,1,0,0,0.0
U08278,S08278,2026-06-15,Desktop,Google,Beauty,1744.0,1,0,0,0,0.0
U03406,S03406,2026-06-15,Desktop,Facebook,Shoes,2238.0,1,0,0,0,0.0
U01359,S01359,2026-06-15,Desktop,Instagram,Shoes,2677.0,1,0,0,0,0.0
U05420,S05420,2026-06-15,Mobile,Email,Beauty,501.0,1,0,0,0,0.0
U06952,S06952,2026-06-15,Tablet,Instagram,Home,2087.0,1,1,1,1,2087.0
U04252,S04252,2026-06-15,Mobile,Direct,Beauty,1613.0,1,1,0,0,0.0
U08609,S08609,2026-06-15,Mobile,Google,Clothing,6739.0,1,0,0,0,0.0
U00707,S00707,2026-06-15,Desktop,Google,Clothing,3054.0,1,1,1,0,0.0
U01433,S01433,2026-06-15,Mobile,Instagram,Clothing,2408.0,1,0,0,0,0.0
U05425,S05425,2026-06-15,Tablet,Facebook,Home,1103.0,1,0,0,0,0.0
U10889,S10889,2026-06-15,Mobile,Direct,Home,626.0,1,0,0,0,0.0
U00829,S00829,2026-06-15,Desktop,Direct,Electronics,1794.0,1,0,0,0,0.0
U07192,S07192,2026-06-15,Mobile,Instagram,Clothing,4275.0,1,1,1,0,0.0
U06946,S06946,2026-06-15,Desktop,Direct,Electronics,2274.0,1,0,0,0,0.0
U02524,S02524,2026-06-15,Desktop,Direct,Beauty,434.0,1,0,0,0,0.0
U10655,S10655,2026-06-15,Mobile,Direct,Shoes,2049.0,1,1,0,0,0.0
U01021,S01021,2026-06-15,Desktop,Facebook,Home,3076.0,1,0,0,0,0.0
U04231,S04231,2026-06-15,Tablet,Google,Shoes,2774.0,1,0,0,0,0.0
U05498,S05498,2026-06-15,Mobile,Direct,Clothing,4259.0,1,1,1,1,4259.0
U08065,S08065,2026-06-15,Tablet,Instagram,Clothing,5481.0,1,0,0,0,0.0
U03744,S03744,2026-06-15,Mobile,Email,Beauty,2841.0,1,0,0,0,0.0
U01301,S01301,2026-06-15,Mobile,Email,Shoes,2765.0,1,0,0,0,0.0
U01302,S01302,2026-06-15,Mobile,Facebook,Shoes,1537.0,1,1,1,1,1537.0
U02314,S02314,2026-06-15,Mobile,Instagram,Electronics,512.0,1,0,0,0,0.0
U01791,S01791,2026-06-15,Desktop,Instagram,Home,1999.0,1,0,0,0,0.0
U03885,S03885,2026-06-15,Tablet,Direct,Beauty,2090.0,1,0,0,0,0.0
U01510,S01510,2026-06-15,Desktop,Direct,Clothing,13105.0,1,0,0,0,0.0
U10563,S10563,2026-06-15,Desktop,Instagram,Beauty,1955.0,1,1,1,1,1955.0
U00554,S00554,2026-06-15,Desktop,Instagram,Electronics,1655.0,1,0,0,0,0.0
U04644,S04644,2026-06-15,Mobile,Direct,Home,4356.0,1,1,1,0,0.0
U11192,S11192,2026-06-16,Mobile,Instagram,Shoes,962.0,1,0,0,0,0.0
U04956,S04956,2026-06-16,Mobile,Google,Electronics,1287.0,1,1,1,1,1287.0
U04243,S04243,2026-06-16,Mobile,Direct,Clothing,8962.0,1,0,0,0,0.0
U11502,S11502,2026-06-16,Mobile,Email,Home,3332.0,1,1,1,1,3332.0
U00364,S00364,2026-06-16,Mobile,Email,Electronics,935.0,1,0,0,0,0.0
U03306,S03306,2026-06-16,Mobile,Direct,Shoes,11337.0,1,0,0,0,0.0
U11619,S11619,2026-06-16,Mobile,Email,Electronics,3589.0,1,0,0,0,0.0
U05274,S05274,2026-06-16,Desktop,Email,Home,706.0,1,0,0,0,0.0
U03461,S03461,2026-06-16,Mobile,Direct,Shoes,2064.0,1,1,1,1,2064.0
U11293,S11293,2026-06-16,Mobile,Direct,Home,9739.0,1,0,0,0,0.0
U05471,S05471,2026-06-16,Desktop,Facebook,Home,1971.0,1,1,0,0,0.0
U00050,S00050,2026-06-16,Mobile,Direct,Clothing,30000.0,1,0,0,0,0.0
U04849,S04849,2026-06-16,Mobile,Google,Home,1276.0,1,0,0,0,0.0
U00083,S00083,2026-06-16,Desktop,Instagram,Shoes,4251.0,1,0,0,0,0.0
U03932,S03932,2026-06-16,Mobile,Instagram,Electronics,3528.0,1,1,1,1,3528.0
U11891,S11891,2026-06-16,Mobile,Instagram,Home,10680.0,1,1,0,0,0.0
U03065,S03065,2026-06-16,Mobile,Instagram,Home,2177.0,1,0,0,0,0.0
U00044,S00044,2026-06-16,Mobile,Google,Electronics,809.0,1,0,0,0,0.0
U05273,S05273,2026-06-16,Desktop,Instagram,Electronics,397.0,1,0,0,0,0.0
U03173,S03173,2026-06-16,Desktop,Instagram,Home,10379.0,1,0,0,0,0.0
U11800,S11800,2026-06-16,Mobile,Google,Home,1120.0,1,0,0,0,0.0
U04031,S04031,2026-06-16,Mobile,Facebook,Clothing,1773.0,1,1,1,1,1773.0
U11774,S11774,2026-06-16,Desktop,Google,Home,754.0,1,0,0,0,0.0
U03120,S03120,2026-06-16,Mobile,Instagram,Beauty,3733.0,1,0,0,0,0.0
U03514,S03514,2026-06-16,Tablet,Instagram,Shoes,1823.0,1,0,0,0,0.0
U05336,S05336,2026-06-16,Desktop,Direct,Beauty,15488.0,1,1,0,0,0.0
U04100,S04100,2026-06-16,Desktop,Facebook,Home,1257.0,1,1,1,1,1257.0
U11166,S11166,2026-06-16,Mobile,Google,Clothing,2408.0,1,0,0,0,0.0
U04897,S04897,2026-06-16,Mobile,Direct,Clothing,353.0,1,0,0,0,0.0
U00360,S00360,2026-06-16,Mobile,Facebook,Electronics,300.0,1,0,0,0,0.0
U03960,S03960,2026-06-16,Mobile,Google,Clothing,4084.0,1,0,0,0,0.0
U11767,S11767,2026-06-16,Mobile,Instagram,Clothing,1661.0,1,0,0,0,0.0
U09279,S09279,2026-06-16,Mobile,Instagram,Beauty,1489.0,1,0,0,0,0.0
U06765,S06765,2026-06-16,Mobile,Instagram,Shoes,1266.0,1,1,1,1,1266.0
U07224,S07224,2026-06-16,Mobile,Email,Clothing,1057.0,1,1,0,0,0.0
U07222,S07222,2026-06-16,Mobile,Google,Home,4411.0,1,0,0,0,0.0
U02093,S02093,2026-06-16,Mobile,Facebook,Home,976.0,1,0,0,0,0.0
U07045,S07045,2026-06-16,Tablet,Google,Home,4022.0,1,1,0,0,0.0
U07004,S07004,2026-06-16,Mobile,Google,Shoes,8272.0,1,0,0,0,0.0
U00691,S00691,2026-06-16,Mobile,Google,Beauty,1746.0,1,1,1,1,1746.0
U09157,S09157,2026-06-16,Mobile,Google,Clothing,3811.0,1,1,0,0,0.0
U08351,S08351,2026-06-16,Desktop,Direct,Home,2011.0,1,0,0,0,0.0
U10436,S10436,2026-06-16,Tablet,Google,Shoes,30000.0,1,0,0,0,0.0
U05963,S05963,2026-06-16,Mobile,Instagram,Clothing,1603.0,1,1,0,0,0.0
U09675,S09675,2026-06-16,Mobile,Instagram,Electronics,10009.0,1,0,0,0,0.0
U02330,S02330,2026-06-16,Mobile,Google,Shoes,2618.0,1,1,1,0,0.0
U06008,S06008,2026-06-16,Desktop,Instagram,Beauty,1779.0,1,0,0,0,0.0
U10223,S10223,2026-06-16,Desktop,Google,Shoes,3244.0,1,1,0,0,0.0
U08677,S08677,2026-06-16,Desktop,Facebook,Shoes,984.0,1,0,0,0,0.0
U01313,S01313,2026-06-16,Mobile,Google,Clothing,18163.0,1,0,0,0,0.0
U08751,S08751,2026-06-16,Desktop,Instagram,Clothing,2845.0,1,0,0,0,0.0
U10797,S10797,2026-06-16,Mobile,Facebook,Shoes,1373.0,1,1,1,1,1373.0
U06345,S06345,2026-06-16,Mobile,Direct,Beauty,8332.0,1,0,0,0,0.0
U01057,S01057,2026-06-16,Desktop,Google,Clothing,3989.0,1,0,0,0,0.0
U09512,S09512,2026-06-16,Mobile,Instagram,Electronics,1031.0,1,0,0,0,0.0
U02536,S02536,2026-06-16,Mobile,Email,Electronics,2813.0,1,1,1,1,2813.0
U09501,S09501,2026-06-16,Desktop,Google,Shoes,478.0,1,0,0,0,0.0
U09466,S09466,2026-06-16,Mobile,Google,Beauty,2171.0,1,0,0,0,0.0
U10771,S10771,2026-06-16,Mobile,Google,Shoes,3369.0,1,0,0,0,0.0
U06239,S06239,2026-06-16,Desktop,Instagram,Shoes,7370.0,1,0,0,0,0.0
U06238,S06238,2026-06-16,Desktop,Email,Home,2166.0,1,1,0,0,0.0
U09453,S09453,2026-06-16,Desktop,Email,Clothing,2954.0,1,1,1,1,2954.0
U09552,S09552,2026-06-16,Mobile,Direct,Shoes,2055.0,1,0,0,0,0.0
U10209,S10209,2026-06-16,Mobile,Google,Clothing,345.0,1,1,1,0,0.0
U06193,S06193,2026-06-16,Mobile,Google,Home,893.0,1,0,0,0,0.0
U09920,S09920,2026-06-16,Desktop,Facebook,Shoes,752.0,1,1,1,0,0.0
U00791,S00791,2026-06-16,Mobile,Email,Beauty,491.0,1,0,0,0,0.0
U01789,S01789,2026-06-16,Desktop,Google,Beauty,1097.0,1,1,1,1,1097.0
U10147,S10147,2026-06-16,Mobile,Direct,Beauty,1056.0,1,1,1,0,0.0
U07765,S07765,2026-06-16,Desktop,Instagram,Home,1372.0,1,0,0,0,0.0
U10514,S10514,2026-06-17,Mobile,Direct,Home,6598.0,1,1,0,0,0.0
U04075,S04075,2026-06-17,Mobile,Direct,Shoes,1072.0,1,0,0,0,0.0
U07518,S07518,2026-06-17,Desktop,Google,Clothing,8492.0,1,1,1,1,8492.0
U00026,S00026,2026-06-17,Mobile,Email,Clothing,1657.0,1,0,0,0,0.0
U00864,S00864,2026-06-17,Mobile,Google,Beauty,1823.0,1,0,0,0,0.0
U11077,S11077,2026-06-17,Mobile,Direct,Clothing,387.0,1,1,1,0,0.0
U10023,S10023,2026-06-17,Mobile,Facebook,Shoes,3759.0,1,0,0,0,0.0
U02295,S02295,2026-06-17,Mobile,Instagram,Home,2224.0,1,0,0,0,0.0
U10469,S10469,2026-06-17,Mobile,Google,Home,854.0,1,0,0,0,0.0
U01556,S01556,2026-06-17,Desktop,Google,Shoes,3638.0,1,1,0,0,0.0
U11186,S11186,2026-06-17,Mobile,Google,Beauty,2999.0,1,1,1,1,2999.0
U09939,S09939,2026-06-17,Desktop,Google,Clothing,3328.0,1,1,1,1,3328.0
U09135,S09135,2026-06-17,Mobile,Direct,Shoes,3335.0,1,1,0,0,0.0
U10451,S10451,2026-06-17,Mobile,Google,Clothing,1958.0,1,1,1,1,1958.0
U05490,S05490,2026-06-17,Desktop,Direct,Electronics,1651.0,1,0,0,0,0.0
U11746,S11746,2026-06-17,Desktop,Direct,Clothing,2882.0,1,1,0,0,0.0
U08800,S08800,2026-06-17,Mobile,Google,Shoes,1423.0,1,1,1,1,1423.0
U11988,S11988,2026-06-17,Mobile,Google,Electronics,927.0,1,0,0,0,0.0
U02925,S02925,2026-06-17,Mobile,Google,Electronics,13697.0,1,0,0,0,0.0
U05174,S05174,2026-06-17,Mobile,Google,Electronics,1013.0,1,0,0,0,0.0
U01802,S01802,2026-06-17,Desktop,Direct,Shoes,28458.0,1,1,1,1,28458.0
U04527,S04527,2026-06-17,Desktop,Google,Electronics,3628.0,1,0,0,0,0.0
U06366,S06366,2026-06-17,Mobile,Instagram,Clothing,1474.0,1,0,0,0,0.0
U09390,S09390,2026-06-17,Mobile,Google,Home,2612.0,1,0,0,0,0.0
U06361,S06361,2026-06-17,Mobile,Email,Clothing,641.0,1,0,0,0,0.0
U06572,S06572,2026-06-17,Mobile,Email,Beauty,1636.0,1,1,1,1,1636.0
U06586,S06586,2026-06-17,Mobile,Google,Electronics,2949.0,1,0,0,0,0.0
U08799,S08799,2026-06-17,Mobile,Instagram,Beauty,1151.0,1,0,0,0,0.0
U03373,S03373,2026-06-17,Desktop,Facebook,Shoes,5030.0,1,0,0,0,0.0
U06587,S06587,2026-06-17,Mobile,Google,Shoes,2991.0,1,0,0,0,0.0
U04061,S04061,2026-06-17,Tablet,Instagram,Clothing,1639.0,1,0,0,0,0.0
U10840,S10840,2026-06-17,Desktop,Instagram,Home,2641.0,1,0,0,0,0.0
U04062,S04062,2026-06-17,Desktop,Google,Shoes,6134.0,1,1,1,1,6134.0
U11315,S11315,2026-06-17,Mobile,Direct,Shoes,1395.0,1,0,0,0,0.0
U03613,S03613,2026-06-17,Mobile,Instagram,Electronics,4719.0,1,1,1,0,0.0
U03778,S03778,2026-06-17,Mobile,Facebook,Electronics,7479.0,1,1,0,0,0.0
U04194,S04194,2026-06-17,Desktop,Direct,Clothing,1426.0,1,1,1,1,1426.0
U10277,S10277,2026-06-17,Desktop,Instagram,Shoes,1468.0,1,0,0,0,0.0
U11552,S11552,2026-06-17,Desktop,Facebook,Home,4519.0,1,1,1,1,4519.0
U03261,S03261,2026-06-17,Mobile,Google,Beauty,1315.0,1,1,0,0,0.0
U04789,S04789,2026-06-17,Mobile,Direct,Clothing,2343.0,1,1,0,0,0.0
U00189,S00189,2026-06-17,Desktop,Google,Home,8987.0,1,0,0,0,0.0
U09757,S09757,2026-06-17,Desktop,Facebook,Beauty,2910.0,1,0,0,0,0.0
U01606,S01606,2026-06-17,Mobile,Email,Clothing,8830.0,1,0,0,0,0.0
U09483,S09483,2026-06-17,Tablet,Google,Clothing,2783.0,1,0,0,0,0.0
U11157,S11157,2026-06-17,Desktop,Google,Shoes,9471.0,1,1,0,0,0.0
U04341,S04341,2026-06-17,Mobile,Instagram,Beauty,1438.0,1,1,0,0,0.0
U01220,S01220,2026-06-17,Mobile,Instagram,Electronics,1515.0,1,0,0,0,0.0
U07095,S07095,2026-06-17,Desktop,Google,Home,2215.0,1,0,0,0,0.0
U09900,S09900,2026-06-17,Tablet,Direct,Home,6499.0,1,0,0,0,0.0
U09168,S09168,2026-06-17,Mobile,Direct,Shoes,982.0,1,0,0,0,0.0
U10403,S10403,2026-06-17,Mobile,Direct,Electronics,3484.0,1,1,1,0,0.0
U06837,S06837,2026-06-17,Mobile,Google,Shoes,2074.0,1,1,1,0,0.0
U04901,S04901,2026-06-17,Mobile,Google,Home,1230.0,1,0,0,0,0.0
U11706,S11706,2026-06-17,Mobile,Direct,Electronics,2092.0,1,1,0,0,0.0
U08348,S08348,2026-06-17,Mobile,Facebook,Shoes,3475.0,1,0,0,0,0.0
U08941,S08941,2026-06-17,Mobile,Direct,Home,2537.0,1,1,1,0,0.0
U10764,S10764,2026-06-17,Desktop,Instagram,Shoes,1051.0,1,1,1,1,1051.0
U10885,S10885,2026-06-17,Desktop,Google,Beauty,2138.0,1,0,0,0,0.0
U01569,S01569,2026-06-17,Mobile,Instagram,Clothing,6813.0,1,0,0,0,0.0
U11035,S11035,2026-06-17,Desktop,Email,Home,4606.0,1,1,1,1,4606.0
U07908,S07908,2026-06-17,Desktop,Google,Home,1660.0,1,0,0,0,0.0
U07924,S07924,2026-06-17,Mobile,Email,Clothing,6463.0,1,0,0,0,0.0
U02448,S02448,2026-06-18,Mobile,Direct,Beauty,1162.0,1,1,1,1,1162.0
U10732,S10732,2026-06-18,Mobile,Direct,Shoes,2174.0,1,1,1,0,0.0
U08753,S08753,2026-06-18,Desktop,Google,Shoes,2383.0,1,0,0,0,0.0
U05367,S05367,2026-06-18,Mobile,Facebook,Shoes,1325.0,1,0,0,0,0.0
U07782,S07782,2026-06-18,Mobile,Direct,Beauty,2611.0,1,0,0,0,0.0
U04523,S04523,2026-06-18,Desktop,Direct,Electronics,756.0,1,1,1,1,756.0
U07755,S07755,2026-06-18,Mobile,Instagram,Electronics,1967.0,1,0,0,0,0.0
U05310,S05310,2026-06-18,Mobile,Facebook,Electronics,811.0,1,1,1,0,0.0
U10692,S10692,2026-06-18,Mobile,Direct,Home,3925.0,1,0,0,0,0.0
U07534,S07534,2026-06-18,Mobile,Direct,Beauty,7279.0,1,0,0,0,0.0
U05261,S05261,2026-06-18,Desktop,Email,Electronics,8419.0,1,0,0,0,0.0
U04423,S04423,2026-06-18,Mobile,Email,Electronics,5871.0,1,0,0,0,0.0
U10016,S10016,2026-06-18,Mobile,Instagram,Electronics,2886.0,1,0,0,0,0.0
U10631,S10631,2026-06-18,Mobile,Instagram,Beauty,1735.0,1,1,1,0,0.0
U07296,S07296,2026-06-18,Tablet,Google,Electronics,2742.0,1,0,0,0,0.0
U10129,S10129,2026-06-18,Mobile,Email,Clothing,7376.0,1,1,1,1,7376.0
U09868,S09868,2026-06-18,Desktop,Direct,Beauty,3273.0,1,0,0,0,0.0
U10217,S10217,2026-06-18,Desktop,Direct,Home,1394.0,1,0,0,0,0.0
U02077,S02077,2026-06-18,Tablet,Google,Clothing,2606.0,1,0,0,0,0.0
U01699,S01699,2026-06-18,Tablet,Google,Beauty,6771.0,1,1,0,0,0.0
U07167,S07167,2026-06-18,Desktop,Direct,Clothing,7358.0,1,1,0,0,0.0
U09827,S09827,2026-06-18,Desktop,Google,Beauty,9122.0,1,0,0,0,0.0
U10157,S10157,2026-06-18,Mobile,Google,Home,2026.0,1,0,0,0,0.0
U09824,S09824,2026-06-18,Mobile,Instagram,Shoes,2314.0,1,0,0,0,0.0
U00942,S00942,2026-06-18,Desktop,Instagram,Shoes,1654.0,1,1,1,0,0.0
U04802,S04802,2026-06-18,Mobile,Instagram,Electronics,3748.0,1,0,0,0,0.0
U03324,S03324,2026-06-18,Desktop,Google,Home,2176.0,1,1,1,1,2176.0
U10386,S10386,2026-06-18,Mobile,Google,Home,2521.0,1,0,0,0,0.0
U01783,S01783,2026-06-18,Mobile,Direct,Electronics,1117.0,1,0,0,0,0.0
U09547,S09547,2026-06-18,Desktop,Facebook,Shoes,6775.0,1,0,0,0,0.0
U11727,S11727,2026-06-18,Mobile,Email,Beauty,1148.0,1,0,0,0,0.0
U01561,S01561,2026-06-18,Tablet,Google,Clothing,915.0,1,0,0,0,0.0
U06735,S06735,2026-06-18,Mobile,Facebook,Electronics,493.0,1,0,0,0,0.0
U04113,S04113,2026-06-18,Desktop,Direct,Electronics,1498.0,1,0,0,0,0.0
U02309,S02309,2026-06-18,Mobile,Instagram,Clothing,816.0,1,0,0,0,0.0
U07964,S07964,2026-06-18,Desktop,Facebook,Beauty,458.0,1,0,0,0,0.0
U06615,S06615,2026-06-18,Tablet,Email,Clothing,2174.0,1,1,1,1,2174.0
U04052,S04052,2026-06-18,Desktop,Instagram,Electronics,864.0,1,0,0,0,0.0
U04040,S04040,2026-06-18,Desktop,Google,Beauty,2381.0,1,0,0,0,0.0
U02945,S02945,2026-06-18,Mobile,Direct,Beauty,798.0,1,0,0,0,0.0
U02399,S02399,2026-06-18,Mobile,Google,Beauty,6363.0,1,0,0,0,0.0
U02940,S02940,2026-06-18,Mobile,Google,Beauty,3980.0,1,1,1,1,3980.0
U11238,S11238,2026-06-18,Desktop,Direct,Home,2428.0,1,1,0,0,0.0
U01797,S01797,2026-06-18,Mobile,Google,Clothing,1011.0,1,0,0,0,0.0
U03012,S03012,2026-06-18,Desktop,Google,Electronics,6532.0,1,0,0,0,0.0
U00251,S00251,2026-06-18,Desktop,Google,Shoes,3121.0,1,1,1,1,3121.0
U04035,S04035,2026-06-18,Mobile,Google,Electronics,1567.0,1,0,0,0,0.0
U11002,S11002,2026-06-18,Mobile,Google,Electronics,617.0,1,1,1,1,617.0
U09014,S09014,2026-06-18,Mobile,Google,Clothing,5367.0,1,0,0,0,0.0
U11915,S11915,2026-06-18,Tablet,Google,Electronics,2323.0,1,0,0,0,0.0
U09334,S09334,2026-06-18,Mobile,Facebook,Beauty,14739.0,1,1,0,0,0.0
U03663,S03663,2026-06-18,Desktop,Facebook,Home,3019.0,1,0,0,0,0.0
U03642,S03642,2026-06-18,Mobile,Instagram,Beauty,1103.0,1,0,0,0,0.0
U06059,S06059,2026-06-18,Desktop,Direct,Electronics,557.0,1,1,0,0,0.0
U00438,S00438,2026-06-18,Mobile,Google,Electronics,621.0,1,0,0,0,0.0
U01350,S01350,2026-06-18,Mobile,Direct,Home,2840.0,1,0,0,0,0.0
U09048,S09048,2026-06-18,Mobile,Instagram,Beauty,2458.0,1,0,0,0,0.0
U02843,S02843,2026-06-18,Mobile,Instagram,Beauty,7083.0,1,0,0,0,0.0
U09262,S09262,2026-06-18,Mobile,Instagram,Beauty,10024.0,1,0,0,0,0.0
U09154,S09154,2026-06-18,Tablet,Google,Beauty,2441.0,1,0,0,0,0.0
U09016,S09016,2026-06-18,Desktop,Google,Home,3939.0,1,1,0,0,0.0
U02535,S02535,2026-06-18,Tablet,Facebook,Beauty,738.0,1,0,0,0,0.0
U03647,S03647,2026-06-18,Mobile,Instagram,Shoes,6210.0,1,1,0,0,0.0
U01249,S01249,2026-06-18,Desktop,Facebook,Electronics,2699.0,1,0,0,0,0.0
U00390,S00390,2026-06-18,Desktop,Direct,Electronics,5795.0,1,0,0,0,0.0
U08950,S08950,2026-06-18,Mobile,Google,Home,943.0,1,1,1,0,0.0
U10809,S10809,2026-06-18,Mobile,Google,Shoes,2307.0,1,0,0,0,0.0
U05949,S05949,2026-06-18,Mobile,Google,Electronics,19342.0,1,0,0,0,0.0
U05696,S05696,2026-06-18,Mobile,Facebook,Shoes,1668.0,1,1,1,0,0.0
U05590,S05590,2026-06-18,Mobile,Google,Clothing,1220.0,1,1,1,0,0.0
U05409,S05409,2026-06-18,Mobile,Facebook,Clothing,2611.0,1,1,0,0,0.0
U10951,S10951,2026-06-18,Mobile,Direct,Shoes,6299.0,1,1,0,0,0.0
U09403,S09403,2026-06-19,Mobile,Instagram,Clothing,2745.0,1,0,0,0,0.0
U06375,S06375,2026-06-19,Mobile,Google,Electronics,1754.0,1,1,1,1,1754.0
U05713,S05713,2026-06-19,Tablet,Facebook,Beauty,1574.0,1,1,1,1,1574.0
U02427,S02427,2026-06-19,Mobile,Google,Shoes,837.0,1,0,0,0,0.0
U11996,S11996,2026-06-19,Desktop,Google,Clothing,2501.0,1,1,1,1,2501.0
U01317,S01317,2026-06-19,Mobile,Instagram,Electronics,1493.0,1,0,0,0,0.0
U07305,S07305,2026-06-19,Mobile,Facebook,Home,1870.0,1,1,0,0,0.0
U08390,S08390,2026-06-19,Mobile,Instagram,Electronics,5576.0,1,0,0,0,0.0
U01124,S01124,2026-06-19,Mobile,Facebook,Home,3479.0,1,1,0,0,0.0
U04364,S04364,2026-06-19,Tablet,Instagram,Electronics,1947.0,1,1,0,0,0.0
U03309,S03309,2026-06-19,Mobile,Email,Electronics,513.0,1,1,0,0,0.0
U06687,S06687,2026-06-19,Tablet,Google,Electronics,3534.0,1,1,1,1,3534.0
U08508,S08508,2026-06-19,Mobile,Instagram,Shoes,5068.0,1,0,0,0,0.0
U04001,S04001,2026-06-19,Desktop,Direct,Beauty,691.0,1,1,1,1,691.0
U11628,S11628,2026-06-19,Tablet,Google,Electronics,1184.0,1,1,1,1,1184.0
U01008,S01008,2026-06-19,Mobile,Instagram,Home,493.0,1,0,0,0,0.0
U07717,S07717,2026-06-19,Mobile,Direct,Shoes,5680.0,1,1,0,0,0.0
U11027,S11027,2026-06-19,Mobile,Google,Home,7326.0,1,0,0,0,0.0
U06495,S06495,2026-06-19,Desktop,Instagram,Shoes,6387.0,1,0,0,0,0.0
U04598,S04598,2026-06-19,Mobile,Google,Clothing,7276.0,1,0,0,0,0.0
U10928,S10928,2026-06-19,Desktop,Direct,Beauty,1419.0,1,1,1,1,1419.0
U02571,S02571,2026-06-19,Mobile,Facebook,Clothing,5760.0,1,1,0,0,0.0
U07234,S07234,2026-06-19,Mobile,Facebook,Home,2256.0,1,0,0,0,0.0
U05632,S05632,2026-06-19,Mobile,Direct,Clothing,5449.0,1,0,0,0,0.0
U07429,S07429,2026-06-19,Mobile,Instagram,Home,1709.0,1,1,0,0,0.0
U01759,S01759,2026-06-19,Desktop,Google,Electronics,4681.0,1,0,0,0,0.0
U03935,S03935,2026-06-19,Mobile,Google,Beauty,2261.0,1,1,1,1,2261.0
U11429,S11429,2026-06-19,Mobile,Instagram,Electronics,2399.0,1,0,0,0,0.0
U05742,S05742,2026-06-19,Desktop,Direct,Shoes,3631.0,1,1,1,0,0.0
U02588,S02588,2026-06-19,Mobile,Google,Electronics,851.0,1,0,0,0,0.0
U03721,S03721,2026-06-19,Desktop,Direct,Beauty,2426.0,1,0,0,0,0.0
U02318,S02318,2026-06-19,Desktop,Direct,Clothing,21058.0,1,1,1,0,0.0
U07824,S07824,2026-06-19,Mobile,Direct,Clothing,2653.0,1,1,1,1,2653.0
U00014,S00014,2026-06-19,Desktop,Google,Electronics,737.0,1,1,0,0,0.0
U02608,S02608,2026-06-19,Mobile,Instagram,Beauty,4408.0,1,0,0,0,0.0
U06822,S06822,2026-06-19,Tablet,Email,Home,6999.0,1,1,1,1,6999.0
U08175,S08175,2026-06-19,Mobile,Email,Clothing,3971.0,1,0,0,0,0.0
U11194,S11194,2026-06-19,Mobile,Instagram,Clothing,5587.0,1,0,0,0,0.0
U06258,S06258,2026-06-19,Mobile,Instagram,Electronics,4398.0,1,0,0,0,0.0
U11882,S11882,2026-06-19,Desktop,Google,Electronics,1090.0,1,0,0,0,0.0
U11347,S11347,2026-06-19,Desktop,Google,Home,2176.0,1,1,1,0,0.0
U08234,S08234,2026-06-19,Mobile,Email,Electronics,5586.0,1,1,1,1,5586.0
U10914,S10914,2026-06-19,Desktop,Facebook,Beauty,3474.0,1,1,1,1,3474.0
U09190,S09190,2026-06-19,Desktop,Direct,Clothing,5881.0,1,0,0,0,0.0
U04867,S04867,2026-06-19,Mobile,Instagram,Home,5357.0,1,0,0,0,0.0
U11535,S11535,2026-06-19,Mobile,Facebook,Shoes,3773.0,1,1,0,0,0.0
U01607,S01607,2026-06-19,Tablet,Google,Beauty,10722.0,1,1,1,1,10722.0
U02208,S02208,2026-06-19,Mobile,Facebook,Shoes,2338.0,1,1,1,0,0.0
U02630,S02630,2026-06-19,Mobile,Instagram,Home,2149.0,1,0,0,0,0.0
U10758,S10758,2026-06-19,Mobile,Direct,Electronics,6036.0,1,0,0,0,0.0
U10353,S10353,2026-06-19,Mobile,Instagram,Clothing,1386.0,1,0,0,0,0.0
U06179,S06179,2026-06-19,Mobile,Direct,Electronics,8281.0,1,0,0,0,0.0
U02717,S02717,2026-06-19,Mobile,Instagram,Beauty,804.0,1,0,0,0,0.0
U00434,S00434,2026-06-19,Desktop,Facebook,Electronics,2136.0,1,0,0,0,0.0
U05573,S05573,2026-06-19,Mobile,Email,Electronics,1172.0,1,0,0,0,0.0
U00442,S00442,2026-06-19,Mobile,Email,Clothing,1076.0,1,0,0,0,0.0
U03218,S03218,2026-06-19,Mobile,Direct,Beauty,912.0,1,1,1,1,912.0
U06772,S06772,2026-06-19,Mobile,Instagram,Home,1300.0,1,0,0,0,0.0
U03014,S03014,2026-06-19,Desktop,Direct,Shoes,558.0,1,0,0,0,0.0
U06290,S06290,2026-06-19,Desktop,Direct,Electronics,928.0,1,1,1,1,928.0
U04501,S04501,2026-06-19,Mobile,Direct,Electronics,300.0,1,0,0,0,0.0
U05416,S05416,2026-06-19,Mobile,Instagram,Shoes,1912.0,1,1,0,0,0.0
U06320,S06320,2026-06-19,Mobile,Google,Beauty,2232.0,1,0,0,0,0.0
U04702,S04702,2026-06-19,Mobile,Google,Beauty,3063.0,1,0,0,0,0.0
U07570,S07570,2026-06-19,Tablet,Direct,Home,2232.0,1,0,0,0,0.0
U09817,S09817,2026-06-20,Mobile,Google,Home,12938.0,1,0,0,0,0.0
U02352,S02352,2026-06-20,Desktop,Direct,Clothing,4778.0,1,0,0,0,0.0
U02210,S02210,2026-06-20,Mobile,Google,Beauty,647.0,1,0,0,0,0.0
U00344,S00344,2026-06-20,Mobile,Facebook,Home,1619.0,1,0,0,0,0.0
U02263,S02263,2026-06-20,Mobile,Google,Shoes,1637.0,1,0,0,0,0.0
U09750,S09750,2026-06-20,Mobile,Instagram,Home,6411.0,1,0,0,0,0.0
U08410,S08410,2026-06-20,Desktop,Instagram,Clothing,7749.0,1,1,0,0,0.0
U10461,S10461,2026-06-20,Tablet,Email,Shoes,1602.0,1,1,1,1,1602.0
U04287,S04287,2026-06-20,Desktop,Instagram,Shoes,1184.0,1,0,0,0,0.0
U08073,S08073,2026-06-20,Mobile,Instagram,Home,2015.0,1,0,0,0,0.0
U04267,S04267,2026-06-20,Mobile,Direct,Electronics,7526.0,1,1,1,1,7526.0
U09787,S09787,2026-06-20,Mobile,Google,Shoes,3236.0,1,0,0,0,0.0
U03115,S03115,2026-06-20,Mobile,Google,Beauty,791.0,1,0,0,0,0.0
U10844,S10844,2026-06-20,Desktop,Direct,Clothing,4602.0,1,1,1,1,4602.0
U01530,S01530,2026-06-20,Mobile,Email,Electronics,1036.0,1,0,0,0,0.0
U00342,S00342,2026-06-20,Tablet,Facebook,Electronics,5654.0,1,1,1,1,5654.0
U08074,S08074,2026-06-20,Mobile,Instagram,Electronics,3848.0,1,1,1,1,3848.0
U04149,S04149,2026-06-20,Mobile,Google,Clothing,3303.0,1,1,1,1,3303.0
U00116,S00116,2026-06-20,Desktop,Google,Beauty,334.0,1,1,1,1,334.0
U01531,S01531,2026-06-20,Mobile,Direct,Clothing,1228.0,1,1,1,0,0.0
U00414,S00414,2026-06-20,Desktop,Facebook,Shoes,8078.0,1,1,1,1,8078.0
U09085,S09085,2026-06-20,Mobile,Email,Clothing,2057.0,1,0,0,0,0.0
U08456,S08456,2026-06-20,Mobile,Direct,Shoes,833.0,1,1,1,0,0.0
U03036,S03036,2026-06-20,Desktop,Google,Electronics,300.0,1,0,0,0,0.0
U08428,S08428,2026-06-20,Mobile,Direct,Electronics,2097.0,1,0,0,0,0.0
U08211,S08211,2026-06-20,Mobile,Facebook,Home,2922.0,1,1,1,0,0.0
U00421,S00421,2026-06-20,Desktop,Google,Home,2642.0,1,1,0,0,0.0
U02248,S02248,2026-06-20,Desktop,Instagram,Shoes,545.0,1,1,0,0,0.0
U04621,S04621,2026-06-20,Mobile,Direct,Home,760.0,1,0,0,0,0.0
U04362,S04362,2026-06-20,Mobile,Google,Clothing,1896.0,1,1,0,0,0.0
U02696,S02696,2026-06-20,Mobile,Direct,Home,7249.0,1,0,0,0,0.0
U01031,S01031,2026-06-20,Mobile,Google,Beauty,1371.0,1,0,0,0,0.0
U05726,S05726,2026-06-20,Desktop,Direct,Shoes,3589.0,1,0,0,0,0.0
U06057,S06057,2026-06-20,Mobile,Google,Home,3345.0,1,0,0,0,0.0
U07829,S07829,2026-06-20,Desktop,Instagram,Home,639.0,1,0,0,0,0.0
U08758,S08758,2026-06-20,Mobile,Email,Clothing,2646.0,1,1,1,1,2646.0
U08983,S08983,2026-06-20,Desktop,Direct,Clothing,2170.0,1,1,1,1,2170.0
U04557,S04557,2026-06-20,Desktop,Google,Beauty,1194.0,1,0,0,0,0.0
U08949,S08949,2026-06-20,Mobile,Google,Home,1747.0,1,1,1,1,1747.0
U08871,S08871,2026-06-20,Mobile,Instagram,Beauty,2371.0,1,0,0,0,0.0
U09992,S09992,2026-06-20,Mobile,Google,Clothing,503.0,1,0,0,0,0.0
U09433,S09433,2026-06-20,Mobile,Google,Shoes,1738.0,1,0,0,0,0.0
U00214,S00214,2026-06-20,Desktop,Direct,Clothing,1825.0,1,1,1,1,1825.0
U06244,S06244,2026-06-20,Desktop,Instagram,Beauty,1831.0,1,0,0,0,0.0
U07763,S07763,2026-06-20,Mobile,Email,Clothing,1556.0,1,1,1,0,0.0
U02726,S02726,2026-06-20,Desktop,Direct,Clothing,5145.0,1,1,0,0,0.0
U08910,S08910,2026-06-20,Mobile,Direct,Home,809.0,1,1,1,1,809.0
U07773,S07773,2026-06-20,Mobile,Instagram,Shoes,6903.0,1,1,0,0,0.0
U01973,S01973,2026-06-20,Desktop,Google,Electronics,967.0,1,1,1,1,967.0
U06551,S06551,2026-06-20,Desktop,Direct,Clothing,22829.0,1,0,0,0,0.0
U00772,S00772,2026-06-20,Mobile,Google,Electronics,1425.0,1,0,0,0,0.0
U01469,S01469,2026-06-20,Desktop,Google,Electronics,3012.0,1,1,1,1,3012.0
U05809,S05809,2026-06-20,Mobile,Google,Clothing,30000.0,1,0,0,0,0.0
U11023,S11023,2026-06-20,Tablet,Direct,Shoes,2524.0,1,1,1,0,0.0
U08591,S08591,2026-06-20,Mobile,Instagram,Clothing,3691.0,1,0,0,0,0.0
U01022,S01022,2026-06-20,Desktop,Instagram,Shoes,2562.0,1,0,0,0,0.0
U05143,S05143,2026-06-20,Mobile,Instagram,Beauty,1014.0,1,1,1,0,0.0
U04300,S04300,2026-06-21,Desktop,Instagram,Clothing,742.0,1,0,0,0,0.0
U04331,S04331,2026-06-21,Mobile,Google,Clothing,4793.0,1,0,0,0,0.0
U01584,S01584,2026-06-21,Mobile,Email,Electronics,3659.0,1,0,0,0,0.0
U08326,S08326,2026-06-21,Mobile,Direct,Home,932.0,1,0,0,0,0.0
U09314,S09314,2026-06-21,Mobile,Google,Clothing,18689.0,1,0,0,0,0.0
U08829,S08829,2026-06-21,Mobile,Instagram,Clothing,2911.0,1,0,0,0,0.0
U11655,S11655,2026-06-21,Mobile,Email,Shoes,804.0,1,0,0,0,0.0
U07081,S07081,2026-06-21,Desktop,Email,Beauty,1055.0,1,1,1,0,0.0
U02643,S02643,2026-06-21,Mobile,Email,Electronics,4956.0,1,0,0,0,0.0
U11721,S11721,2026-06-21,Mobile,Instagram,Electronics,1550.0,1,1,1,0,0.0
U05268,S05268,2026-06-21,Desktop,Google,Home,1532.0,1,0,0,0,0.0
U00041,S00041,2026-06-21,Mobile,Google,Clothing,754.0,1,0,0,0,0.0
U11560,S11560,2026-06-21,Mobile,Google,Home,1332.0,1,0,0,0,0.0
U10689,S10689,2026-06-21,Mobile,Google,Clothing,4493.0,1,1,0,0,0.0
U10296,S10296,2026-06-21,Desktop,Instagram,Electronics,3850.0,1,0,0,0,0.0
U01091,S01091,2026-06-21,Mobile,Instagram,Shoes,996.0,1,1,1,1,996.0
U11623,S11623,2026-06-21,Mobile,Google,Beauty,1062.0,1,0,0,0,0.0
U06205,S06205,2026-06-21,Mobile,Google,Clothing,6326.0,1,1,1,1,6326.0
U06214,S06214,2026-06-21,Mobile,Google,Shoes,1216.0,1,0,0,0,0.0
U10337,S10337,2026-06-21,Mobile,Instagram,Home,15328.0,1,1,1,1,15328.0
U02217,S02217,2026-06-21,Mobile,Direct,Clothing,4363.0,1,0,0,0,0.0
U00701,S00701,2026-06-21,Mobile,Instagram,Clothing,6518.0,1,1,1,1,6518.0
U00387,S00387,2026-06-21,Desktop,Google,Clothing,3105.0,1,0,0,0,0.0
U08240,S08240,2026-06-21,Mobile,Instagram,Electronics,5574.0,1,1,1,1,5574.0
U09038,S09038,2026-06-21,Mobile,Direct,Clothing,1675.0,1,0,0,0,0.0
U08913,S08913,2026-06-21,Desktop,Instagram,Home,2563.0,1,0,0,0,0.0
U08013,S08013,2026-06-21,Desktop,Instagram,Electronics,6946.0,1,1,0,0,0.0
U01169,S01169,2026-06-21,Desktop,Instagram,Clothing,1995.0,1,1,0,0,0.0
U04192,S04192,2026-06-21,Desktop,Google,Shoes,1978.0,1,0,0,0,0.0
U04191,S04191,2026-06-21,Mobile,Google,Beauty,1846.0,1,0,0,0,0.0
U05885,S05885,2026-06-21,Mobile,Instagram,Clothing,983.0,1,1,0,0,0.0
U05849,S05849,2026-06-21,Mobile,Google,Electronics,3132.0,1,0,0,0,0.0
U09707,S09707,2026-06-21,Desktop,Direct,Clothing,1059.0,1,0,0,0,0.0
U04873,S04873,2026-06-21,Desktop,Instagram,Home,544.0,1,0,0,0,0.0
U10785,S10785,2026-06-21,Tablet,Instagram,Clothing,2684.0,1,0,0,0,0.0
U10671,S10671,2026-06-21,Mobile,Instagram,Clothing,862.0,1,0,0,0,0.0
U11300,S11300,2026-06-21,Desktop,Facebook,Home,2507.0,1,0,0,0,0.0
U01218,S01218,2026-06-21,Mobile,Email,Shoes,300.0,1,0,0,0,0.0
U05009,S05009,2026-06-21,Desktop,Email,Shoes,2112.0,1,1,0,0,0.0
U00436,S00436,2026-06-21,Mobile,Instagram,Home,2574.0,1,0,0,0,0.0
U01964,S01964,2026-06-21,Mobile,Instagram,Electronics,1135.0,1,0,0,0,0.0
U03420,S03420,2026-06-21,Desktop,Google,Electronics,5880.0,1,1,1,1,5880.0
U05018,S05018,2026-06-21,Mobile,Instagram,Home,11652.0,1,1,0,0,0.0
U04579,S04579,2026-06-21,Mobile,Instagram,Shoes,2063.0,1,0,0,0,0.0
U00038,S00038,2026-06-21,Mobile,Instagram,Beauty,1207.0,1,1,1,0,0.0
U06404,S06404,2026-06-21,Mobile,Google,Beauty,3616.0,1,1,1,1,3616.0
U08416,S08416,2026-06-21,Desktop,Direct,Shoes,20919.0,1,0,0,0,0.0
U11290,S11290,2026-06-21,Mobile,Google,Clothing,12686.0,1,1,0,0,0.0
U07443,S07443,2026-06-21,Desktop,Instagram,Electronics,3105.0,1,0,0,0,0.0
U05496,S05496,2026-06-21,Mobile,Google,Electronics,7600.0,1,1,0,0,0.0
U10501,S10501,2026-06-21,Mobile,Instagram,Shoes,782.0,1,1,1,0,0.0
U04549,S04549,2026-06-21,Desktop,Google,Shoes,4816.0,1,1,0,0,0.0
U05780,S05780,2026-06-21,Mobile,Google,Electronics,13136.0,1,0,0,0,0.0
U06408,S06408,2026-06-21,Mobile,Instagram,Home,2384.0,1,1,1,1,2384.0
U09411,S09411,2026-06-21,Mobile,Facebook,Shoes,1562.0,1,0,0,0,0.0
U07125,S07125,2026-06-21,Mobile,Google,Shoes,1091.0,1,0,0,0,0.0
U11564,S11564,2026-06-21,Mobile,Google,Electronics,662.0,1,0,0,0,0.0
U11690,S11690,2026-06-21,Desktop,Email,Home,1200.0,1,1,1,1,1200.0
U09341,S09341,2026-06-21,Mobile,Direct,Home,720.0,1,1,1,1,720.0
U04595,S04595,2026-06-21,Mobile,Instagram,Clothing,6151.0,1,1,0,0,0.0
U06715,S06715,2026-06-21,Desktop,Email,Electronics,2826.0,1,0,0,0,0.0
U11651,S11651,2026-06-21,Mobile,Google,Home,1330.0,1,0,0,0,0.0
U04962,S04962,2026-06-21,Mobile,Direct,Clothing,4846.0,1,0,0,0,0.0
U04986,S04986,2026-06-21,Mobile,Instagram,Shoes,664.0,1,0,0,0,0.0
U03687,S03687,2026-06-21,Mobile,Facebook,Beauty,3596.0,1,0,0,0,0.0
U06766,S06766,2026-06-21,Desktop,Instagram,Electronics,2240.0,1,0,0,0,0.0
U07702,S07702,2026-06-22,Mobile,Direct,Shoes,468.0,1,1,0,0,0.0
U04302,S04302,2026-06-22,Desktop,Direct,Electronics,1284.0,1,0,0,0,0.0
U10020,S10020,2026-06-22,Desktop,Instagram,Clothing,5040.0,1,1,0,0,0.0
U05792,S05792,2026-06-22,Desktop,Google,Clothing,938.0,1,0,0,0,0.0
U10979,S10979,2026-06-22,Mobile,Google,Clothing,4468.0,1,0,0,0,0.0
U05877,S05877,2026-06-22,Mobile,Google,Shoes,2329.0,1,0,0,0,0.0
U02780,S02780,2026-06-22,Mobile,Google,Electronics,3834.0,1,1,1,0,0.0
U10319,S10319,2026-06-22,Tablet,Google,Clothing,2143.0,1,0,0,0,0.0
U04749,S04749,2026-06-22,Desktop,Email,Home,2023.0,1,0,0,0,0.0
U07038,S07038,2026-06-22,Desktop,Google,Electronics,980.0,1,1,1,1,980.0
U11393,S11393,2026-06-22,Desktop,Direct,Home,15174.0,1,1,1,1,15174.0
U11500,S11500,2026-06-22,Mobile,Direct,Shoes,10551.0,1,0,0,0,0.0
U10083,S10083,2026-06-22,Mobile,Direct,Electronics,3579.0,1,1,0,0,0.0
U07128,S07128,2026-06-22,Mobile,Google,Home,3262.0,1,0,0,0,0.0
U09217,S09217,2026-06-22,Tablet,Google,Clothing,5866.0,1,0,0,0,0.0
U05707,S05707,2026-06-22,Desktop,Email,Home,3538.0,1,0,0,0,0.0
U10054,S10054,2026-06-22,Mobile,Google,Home,2842.0,1,1,1,1,2842.0
U03146,S03146,2026-06-22,Desktop,Google,Clothing,1740.0,1,0,0,0,0.0
U02765,S02765,2026-06-22,Mobile,Google,Electronics,6289.0,1,0,0,0,0.0
U07640,S07640,2026-06-22,Mobile,Direct,Beauty,6974.0,1,0,0,0,0.0
U07625,S07625,2026-06-22,Mobile,Google,Beauty,2153.0,1,0,0,0,0.0
U04720,S04720,2026-06-22,Mobile,Instagram,Clothing,2702.0,1,0,0,0,0.0
U05700,S05700,2026-06-22,Mobile,Instagram,Clothing,12552.0,1,0,0,0,0.0
U06186,S06186,2026-06-22,Desktop,Google,Clothing,6116.0,1,1,1,1,6116.0
U03482,S03482,2026-06-22,Desktop,Google,Beauty,3963.0,1,1,1,1,3963.0
U10887,S10887,2026-06-22,Mobile,Google,Electronics,628.0,1,0,0,0,0.0
U00547,S00547,2026-06-22,Mobile,Direct,Electronics,3492.0,1,1,1,0,0.0
U00984,S00984,2026-06-22,Mobile,Email,Shoes,3764.0,1,1,1,0,0.0
U09119,S09119,2026-06-22,Mobile,Google,Electronics,6683.0,1,1,0,0,0.0
U10714,S10714,2026-06-22,Mobile,Instagram,Beauty,948.0,1,1,1,0,0.0
U00508,S00508,2026-06-22,Desktop,Instagram,Electronics,1429.0,1,0,0,0,0.0
U08413,S08413,2026-06-22,Desktop,Instagram,Beauty,667.0,1,1,1,1,667.0
U06654,S06654,2026-06-22,Mobile,Google,Clothing,1602.0,1,0,0,0,0.0
U09047,S09047,2026-06-22,Mobile,Instagram,Electronics,1332.0,1,0,0,0,0.0
U02378,S02378,2026-06-22,Mobile,Email,Shoes,1028.0,1,1,0,0,0.0
U06496,S06496,2026-06-22,Mobile,Direct,Clothing,2008.0,1,0,0,0,0.0
U06024,S06024,2026-06-22,Desktop,Direct,Home,868.0,1,0,0,0,0.0
U05142,S05142,2026-06-22,Mobile,Google,Home,734.0,1,0,0,0,0.0
U08574,S08574,2026-06-22,Mobile,Direct,Home,7464.0,1,0,0,0,0.0
U10580,S10580,2026-06-22,Mobile,Direct,Shoes,2218.0,1,0,0,0,0.0
U06452,S06452,2026-06-22,Mobile,Facebook,Clothing,1489.0,1,0,0,0,0.0
U06041,S06041,2026-06-22,Mobile,Google,Beauty,2157.0,1,0,0,0,0.0
U10597,S10597,2026-06-22,Mobile,Google,Beauty,1045.0,1,0,0,0,0.0
U01443,S01443,2026-06-22,Mobile,Instagram,Shoes,928.0,1,0,0,0,0.0
U03851,S03851,2026-06-22,Mobile,Instagram,Clothing,4130.0,1,1,1,1,4130.0
U08815,S08815,2026-06-22,Tablet,Email,Clothing,5981.0,1,0,0,0,0.0
U01442,S01442,2026-06-22,Mobile,Google,Electronics,3373.0,1,1,1,1,3373.0
U11219,S11219,2026-06-22,Mobile,Facebook,Electronics,1958.0,1,0,0,0,0.0
U03422,S03422,2026-06-22,Mobile,Google,Shoes,21740.0,1,0,0,0,0.0
U08942,S08942,2026-06-22,Mobile,Email,Home,1821.0,1,1,0,0,0.0
U09540,S09540,2026-06-22,Mobile,Google,Electronics,2056.0,1,0,0,0,0.0
U08756,S08756,2026-06-22,Mobile,Instagram,Home,300.0,1,0,0,0,0.0
U05238,S05238,2026-06-22,Mobile,Instagram,Home,6900.0,1,0,0,0,0.0
U08797,S08797,2026-06-22,Mobile,Direct,Beauty,2726.0,1,0,0,0,0.0
U10431,S10431,2026-06-22,Mobile,Instagram,Beauty,695.0,1,1,0,0,0.0
U11956,S11956,2026-06-22,Desktop,Google,Home,527.0,1,0,0,0,0.0
U05427,S05427,2026-06-22,Tablet,Instagram,Beauty,1132.0,1,0,0,0,0.0
U10393,S10393,2026-06-22,Mobile,Email,Home,300.0,1,1,1,0,0.0
U10384,S10384,2026-06-22,Desktop,Direct,Clothing,1639.0,1,0,0,0,0.0
U03789,S03789,2026-06-22,Mobile,Instagram,Clothing,4498.0,1,0,0,0,0.0
U02231,S02231,2026-06-22,Mobile,Facebook,Electronics,2217.0,1,0,0,0,0.0
U01581,S01581,2026-06-22,Desktop,Instagram,Beauty,1964.0,1,1,1,1,1964.0
U05358,S05358,2026-06-22,Mobile,Instagram,Shoes,1550.0,1,0,0,0,0.0
U06984,S06984,2026-06-23,Desktop,Google,Electronics,6821.0,1,1,1,1,6821.0
U00402,S00402,2026-06-23,Desktop,Direct,Electronics,3944.0,1,1,1,0,0.0
U05166,S05166,2026-06-23,Desktop,Direct,Electronics,8374.0,1,1,1,1,8374.0
U11233,S11233,2026-06-23,Mobile,Facebook,Clothing,3561.0,1,0,0,0,0.0
U07022,S07022,2026-06-23,Tablet,Instagram,Shoes,5968.0,1,0,0,0,0.0
U08597,S08597,2026-06-23,Desktop,Facebook,Clothing,9246.0,1,1,1,0,0.0
U01480,S01480,2026-06-23,Mobile,Facebook,Shoes,4832.0,1,1,1,1,4832.0
U11043,S11043,2026-06-23,Desktop,Google,Home,7249.0,1,0,0,0,0.0
U08684,S08684,2026-06-23,Desktop,Direct,Beauty,5889.0,1,0,0,0,0.0
U01989,S01989,2026-06-23,Tablet,Direct,Clothing,4939.0,1,1,0,0,0.0
U07031,S07031,2026-06-23,Mobile,Direct,Home,1689.0,1,0,0,0,0.0
U06285,S06285,2026-06-23,Desktop,Direct,Electronics,1523.0,1,1,0,0,0.0
U09604,S09604,2026-06-23,Mobile,Instagram,Clothing,3036.0,1,1,0,0,0.0
U11864,S11864,2026-06-23,Desktop,Email,Home,1162.0,1,0,0,0,0.0
U00704,S00704,2026-06-23,Desktop,Direct,Home,5057.0,1,0,0,0,0.0
U08298,S08298,2026-06-23,Mobile,Facebook,Clothing,13754.0,1,0,0,0,0.0
U01487,S01487,2026-06-23,Tablet,Instagram,Beauty,2785.0,1,0,0,0,0.0
U11466,S11466,2026-06-23,Desktop,Direct,Electronics,1654.0,1,0,0,0,0.0
U08686,S08686,2026-06-23,Mobile,Instagram,Shoes,10104.0,1,0,0,0,0.0
U06292,S06292,2026-06-23,Tablet,Instagram,Shoes,2139.0,1,0,0,0,0.0
U09009,S09009,2026-06-23,Desktop,Email,Electronics,520.0,1,0,0,0,0.0
U08748,S08748,2026-06-23,Desktop,Google,Shoes,2577.0,1,1,0,0,0.0
U00299,S00299,2026-06-23,Desktop,Google,Electronics,2017.0,1,0,0,0,0.0
U08737,S08737,2026-06-23,Mobile,Direct,Beauty,14376.0,1,1,0,0,0.0
U00716,S00716,2026-06-23,Mobile,Google,Shoes,678.0,1,1,1,1,678.0
U09561,S09561,2026-06-23,Desktop,Google,Beauty,11323.0,1,0,0,0,0.0
U02422,S02422,2026-06-23,Mobile,Email,Home,401.0,1,0,0,0,0.0
U05559,S05559,2026-06-23,Desktop,Google,Clothing,873.0,1,0,0,0,0.0
U03064,S03064,2026-06-23,Desktop,Google,Home,1077.0,1,1,0,0,0.0
U08270,S08270,2026-06-23,Mobile,Instagram,Electronics,1280.0,1,1,1,0,0.0
U04546,S04546,2026-06-23,Mobile,Instagram,Beauty,2171.0,1,0,0,0,0.0
U06878,S06878,2026-06-23,Mobile,Google,Shoes,1768.0,1,1,1,1,1768.0
U02743,S02743,2026-06-23,Mobile,Direct,Electronics,1082.0,1,0,0,0,0.0
U05270,S05270,2026-06-23,Mobile,Direct,Home,681.0,1,1,0,0,0.0
U01610,S01610,2026-06-23,Mobile,Google,Shoes,11276.0,1,0,0,0,0.0
U00359,S00359,2026-06-23,Mobile,Facebook,Home,2100.0,1,1,0,0,0.0
U07951,S07951,2026-06-23,Desktop,Direct,Electronics,3103.0,1,1,1,0,0.0
U09979,S09979,2026-06-23,Mobile,Google,Beauty,5023.0,1,0,0,0,0.0
U10645,S10645,2026-06-23,Desktop,Instagram,Home,1087.0,1,0,0,0,0.0
U02691,S02691,2026-06-23,Tablet,Facebook,Clothing,3759.0,1,1,1,1,3759.0
U08341,S08341,2026-06-23,Mobile,Instagram,Shoes,5292.0,1,0,0,0,0.0
U06276,S06276,2026-06-23,Desktop,Google,Shoes,4270.0,1,0,0,0,0.0
U11430,S11430,2026-06-23,Desktop,Google,Home,2203.0,1,0,0,0,0.0
U10730,S10730,2026-06-23,Desktop,Direct,Electronics,2041.0,1,1,1,1,2041.0
U08311,S08311,2026-06-23,Desktop,Google,Beauty,1981.0,1,0,0,0,0.0
U07731,S07731,2026-06-23,Desktop,Email,Shoes,1913.0,1,0,0,0,0.0
U04902,S04902,2026-06-23,Mobile,Google,Shoes,880.0,1,0,0,0,0.0
U10477,S10477,2026-06-23,Mobile,Email,Beauty,1173.0,1,0,0,0,0.0
U09124,S09124,2026-06-23,Mobile,Instagram,Clothing,3629.0,1,0,0,0,0.0
U10927,S10927,2026-06-23,Mobile,Google,Home,3944.0,1,0,0,0,0.0
U05994,S05994,2026-06-23,Desktop,Google,Clothing,7650.0,1,1,0,0,0.0
U04121,S04121,2026-06-23,Tablet,Google,Beauty,1110.0,1,0,0,0,0.0
U03550,S03550,2026-06-23,Desktop,Direct,Shoes,1379.0,1,0,0,0,0.0
U07060,S07060,2026-06-23,Mobile,Google,Home,23995.0,1,0,0,0,0.0
U09151,S09151,2026-06-23,Mobile,Instagram,Clothing,1829.0,1,1,0,0,0.0
U02633,S02633,2026-06-23,Desktop,Direct,Home,6258.0,1,0,0,0,0.0
U07743,S07743,2026-06-23,Desktop,Google,Clothing,870.0,1,0,0,0,0.0
U11413,S11413,2026-06-23,Desktop,Direct,Beauty,2210.0,1,0,0,0,0.0
U09813,S09813,2026-06-23,Desktop,Direct,Home,17336.0,1,0,0,0,0.0
U04160,S04160,2026-06-23,Mobile,Facebook,Electronics,3148.0,1,0,0,0,0.0
U08882,S08882,2026-06-23,Tablet,Google,Clothing,8953.0,1,1,1,1,8953.0
U03774,S03774,2026-06-23,Desktop,Google,Electronics,7909.0,1,0,0,0,0.0
U02757,S02757,2026-06-23,Desktop,Google,Clothing,1363.0,1,0,0,0,0.0
U06595,S06595,2026-06-23,Tablet,Google,Shoes,3887.0,1,1,1,0,0.0
U02019,S02019,2026-06-23,Mobile,Instagram,Clothing,2232.0,1,0,0,0,0.0
U07972,S07972,2026-06-23,Mobile,Direct,Beauty,1969.0,1,0,0,0,0.0
U05140,S05140,2026-06-23,Desktop,Google,Clothing,2056.0,1,0,0,0,0.0
U04188,S04188,2026-06-23,Mobile,Direct,Electronics,3694.0,1,0,0,0,0.0
U04491,S04491,2026-06-23,Mobile,Instagram,Shoes,2058.0,1,0,0,0,0.0
U02240,S02240,2026-06-23,Mobile,Google,Shoes,2668.0,1,1,0,0,0.0
U02778,S02778,2026-06-23,Mobile,Google,Electronics,3523.0,1,0,0,0,0.0
U05682,S05682,2026-06-23,Mobile,Instagram,Clothing,3913.0,1,1,1,1,3913.0
U11778,S11778,2026-06-23,Mobile,Email,Home,434.0,1,0,0,0,0.0
U03650,S03650,2026-06-23,Desktop,Google,Shoes,1866.0,1,0,0,0,0.0
U01007,S01007,2026-06-23,Tablet,Email,Electronics,3388.0,1,1,0,0,0.0
U04313,S04313,2026-06-23,Mobile,Facebook,Clothing,7924.0,1,0,0,0,0.0
U09044,S09044,2026-06-23,Mobile,Google,Beauty,2464.0,1,0,0,0,0.0
U11561,S11561,2026-06-23,Desktop,Google,Shoes,1654.0,1,0,0,0,0.0
U10836,S10836,2026-06-23,Mobile,Google,Shoes,2693.0,1,0,0,0,0.0
U00568,S00568,2026-06-23,Mobile,Instagram,Shoes,1850.0,1,0,0,0,0.0
U10231,S10231,2026-06-23,Mobile,Direct,Shoes,8993.0,1,1,0,0,0.0
U02952,S02952,2026-06-23,Desktop,Direct,Clothing,975.0,1,0,0,0,0.0
U03494,S03494,2026-06-24,Mobile,Instagram,Clothing,707.0,1,0,0,0,0.0
U07784,S07784,2026-06-24,Mobile,Google,Shoes,2553.0,1,1,1,0,0.0
U01360,S01360,2026-06-24,Mobile,Google,Electronics,703.0,1,1,1,0,0.0
U03824,S03824,2026-06-24,Mobile,Email,Home,6305.0,1,1,1,1,6305.0
U03491,S03491,2026-06-24,Mobile,Direct,Beauty,7643.0,1,0,0,0,0.0
U11625,S11625,2026-06-24,Desktop,Instagram,Electronics,1503.0,1,0,0,0,0.0
U03874,S03874,2026-06-24,Mobile,Direct,Shoes,1396.0,1,0,0,0,0.0
U08294,S08294,2026-06-24,Mobile,Google,Clothing,1738.0,1,1,1,1,1738.0
U04265,S04265,2026-06-24,Desktop,Facebook,Electronics,1531.0,1,0,0,0,0.0
U09167,S09167,2026-06-24,Mobile,Google,Clothing,551.0,1,0,0,0,0.0
U04183,S04183,2026-06-24,Desktop,Instagram,Clothing,4621.0,1,0,0,0,0.0
U00163,S00163,2026-06-24,Mobile,Google,Electronics,458.0,1,0,0,0,0.0
U09816,S09816,2026-06-24,Mobile,Direct,Beauty,2425.0,1,0,0,0,0.0
U04142,S04142,2026-06-24,Mobile,Instagram,Clothing,5726.0,1,0,0,0,0.0
U11729,S11729,2026-06-24,Desktop,Google,Beauty,803.0,1,0,0,0,0.0
U11949,S11949,2026-06-24,Mobile,Google,Electronics,7773.0,1,0,0,0,0.0
U09829,S09829,2026-06-24,Mobile,Direct,Shoes,5969.0,1,0,0,0,0.0
U09080,S09080,2026-06-24,Mobile,Instagram,Clothing,1975.0,1,1,1,1,1975.0
U09191,S09191,2026-06-24,Mobile,Facebook,Shoes,14221.0,1,0,0,0,0.0
U07789,S07789,2026-06-24,Mobile,Direct,Shoes,11345.0,1,1,0,0,0.0
U08488,S08488,2026-06-24,Mobile,Google,Home,1067.0,1,1,1,1,1067.0
U01011,S01011,2026-06-24,Desktop,Instagram,Clothing,1336.0,1,1,0,0,0.0
U07995,S07995,2026-06-24,Mobile,Direct,Electronics,3377.0,1,0,0,0,0.0
U01605,S01605,2026-06-24,Mobile,Google,Clothing,1700.0,1,1,1,0,0.0
U01203,S01203,2026-06-24,Desktop,Instagram,Beauty,829.0,1,1,1,0,0.0
U09605,S09605,2026-06-24,Mobile,Instagram,Beauty,3306.0,1,0,0,0,0.0
U00888,S00888,2026-06-24,Mobile,Google,Beauty,17476.0,1,0,0,0,0.0
U09300,S09300,2026-06-24,Mobile,Google,Clothing,995.0,1,1,1,1,995.0
U03258,S03258,2026-06-24,Mobile,Google,Clothing,3500.0,1,0,0,0,0.0
U09568,S09568,2026-06-24,Desktop,Direct,Electronics,30000.0,1,0,0,0,0.0
U00081,S00081,2026-06-24,Desktop,Facebook,Shoes,1066.0,1,0,0,0,0.0
U01787,S01787,2026-06-24,Mobile,Email,Home,3387.0,1,0,0,0,0.0
U01435,S01435,2026-06-24,Mobile,Direct,Beauty,5890.0,1,0,0,0,0.0
U08048,S08048,2026-06-24,Tablet,Google,Electronics,1050.0,1,0,0,0,0.0
U05680,S05680,2026-06-24,Mobile,Instagram,Shoes,764.0,1,0,0,0,0.0
U01951,S01951,2026-06-24,Tablet,Facebook,Clothing,3729.0,1,1,1,1,3729.0
U06368,S06368,2026-06-24,Mobile,Instagram,Beauty,3539.0,1,0,0,0,0.0
U07053,S07053,2026-06-24,Mobile,Email,Beauty,646.0,1,1,1,1,646.0
U11414,S11414,2026-06-24,Mobile,Instagram,Shoes,3341.0,1,0,0,0,0.0
U10267,S10267,2026-06-24,Mobile,Direct,Shoes,3758.0,1,0,0,0,0.0
U05286,S05286,2026-06-24,Mobile,Google,Beauty,2621.0,1,0,0,0,0.0
U10699,S10699,2026-06-24,Desktop,Google,Home,5395.0,1,0,0,0,0.0
U11433,S11433,2026-06-24,Desktop,Facebook,Clothing,2086.0,1,0,0,0,0.0
U11440,S11440,2026-06-24,Desktop,Email,Beauty,5347.0,1,1,1,0,0.0
U06127,S06127,2026-06-24,Mobile,Google,Clothing,3142.0,1,0,0,0,0.0
U10798,S10798,2026-06-24,Mobile,Direct,Beauty,1042.0,1,0,0,0,0.0
U06047,S06047,2026-06-24,Mobile,Google,Electronics,2556.0,1,1,1,1,2556.0
U07400,S07400,2026-06-24,Desktop,Instagram,Clothing,1301.0,1,0,0,0,0.0
U11464,S11464,2026-06-24,Mobile,Direct,Beauty,7003.0,1,0,0,0,0.0
U06021,S06021,2026-06-24,Tablet,Facebook,Shoes,653.0,1,0,0,0,0.0
U10837,S10837,2026-06-24,Mobile,Facebook,Shoes,2320.0,1,1,1,0,0.0
U00253,S00253,2026-06-24,Mobile,Direct,Shoes,7000.0,1,0,0,0,0.0
U06367,S06367,2026-06-24,Mobile,Facebook,Shoes,7875.0,1,0,0,0,0.0
U10616,S10616,2026-06-24,Mobile,Direct,Home,951.0,1,0,0,0,0.0
U04798,S04798,2026-06-24,Mobile,Instagram,Clothing,1191.0,1,0,0,0,0.0
U04809,S04809,2026-06-24,Mobile,Email,Clothing,2800.0,1,1,0,0,0.0
U02328,S02328,2026-06-24,Mobile,Google,Shoes,3258.0,1,1,0,0,0.0
U11282,S11282,2026-06-24,Mobile,Instagram,Electronics,2400.0,1,1,1,0,0.0
U06621,S06621,2026-06-24,Desktop,Google,Electronics,4016.0,1,1,0,0,0.0
U11323,S11323,2026-06-24,Mobile,Google,Home,355.0,1,1,1,0,0.0
U06491,S06491,2026-06-24,Mobile,Google,Shoes,3232.0,1,0,0,0,0.0
U02262,S02262,2026-06-24,Tablet,Email,Shoes,2226.0,1,0,0,0,0.0
U05151,S05151,2026-06-24,Desktop,Direct,Home,3102.0,1,1,1,1,3102.0
U00500,S00500,2026-06-24,Mobile,Google,Clothing,1656.0,1,1,0,0,0.0
U11234,S11234,2026-06-24,Desktop,Instagram,Electronics,2728.0,1,1,0,0,0.0
U02238,S02238,2026-06-24,Mobile,Email,Shoes,2721.0,1,0,0,0,0.0
U00699,S00699,2026-06-24,Desktop,Direct,Electronics,487.0,1,1,1,1,487.0
U06431,S06431,2026-06-24,Mobile,Email,Shoes,510.0,1,1,0,0,0.0
U06415,S06415,2026-06-24,Mobile,Google,Beauty,1600.0,1,0,0,0,0.0
U05186,S05186,2026-06-24,Desktop,Email,Electronics,2739.0,1,1,0,0,0.0
U02922,S02922,2026-06-24,Mobile,Direct,Shoes,2074.0,1,1,1,0,0.0
U02193,S02193,2026-06-24,Desktop,Direct,Shoes,1407.0,1,0,0,0,0.0
U02937,S02937,2026-06-24,Mobile,Instagram,Shoes,1504.0,1,0,0,0,0.0
U02798,S02798,2026-06-24,Mobile,Google,Electronics,9880.0,1,1,0,0,0.0
U06674,S06674,2026-06-24,Mobile,Email,Electronics,7709.0,1,0,0,0,0.0
U07594,S07594,2026-06-24,Desktop,Google,Home,5125.0,1,0,0,0,0.0
U00845,S00845,2026-06-24,Mobile,Google,Beauty,5647.0,1,0,0,0,0.0
U02742,S02742,2026-06-24,Desktop,Instagram,Beauty,1717.0,1,0,0,0,0.0
U10896,S10896,2026-06-24,Tablet,Instagram,Beauty,1493.0,1,0,0,0,0.0
U10603,S10603,2026-06-25,Desktop,Instagram,Electronics,8882.0,1,1,0,0,0.0
U06933,S06933,2026-06-25,Mobile,Email,Shoes,1828.0,1,0,0,0,0.0
U07602,S07602,2026-06-25,Tablet,Facebook,Electronics,3401.0,1,0,0,0,0.0
U09768,S09768,2026-06-25,Desktop,Instagram,Shoes,5874.0,1,1,1,1,5874.0
U08715,S08715,2026-06-25,Mobile,Direct,Beauty,1303.0,1,1,1,0,0.0
U05197,S05197,2026-06-25,Mobile,Email,Shoes,5079.0,1,1,1,1,5079.0
U03901,S03901,2026-06-25,Mobile,Google,Beauty,1724.0,1,0,0,0,0.0
U04764,S04764,2026-06-25,Mobile,Google,Home,2367.0,1,0,0,0,0.0
U07812,S07812,2026-06-25,Mobile,Facebook,Beauty,5223.0,1,1,1,1,5223.0
U08194,S08194,2026-06-25,Tablet,Email,Electronics,1988.0,1,1,1,1,1988.0
U00159,S00159,2026-06-25,Desktop,Google,Shoes,672.0,1,1,0,0,0.0
U01682,S01682,2026-06-25,Desktop,Google,Electronics,1756.0,1,1,1,1,1756.0
U00167,S00167,2026-06-25,Desktop,Instagram,Home,1836.0,1,0,0,0,0.0
U00751,S00751,2026-06-25,Mobile,Facebook,Clothing,320.0,1,1,1,0,0.0
U11152,S11152,2026-06-25,Mobile,Facebook,Electronics,3492.0,1,1,1,1,3492.0
U10750,S10750,2026-06-25,Mobile,Google,Clothing,545.0,1,0,0,0,0.0
U06125,S06125,2026-06-25,Mobile,Instagram,Home,2561.0,1,1,1,1,2561.0
U10201,S10201,2026-06-25,Desktop,Direct,Electronics,3726.0,1,0,0,0,0.0
U04254,S04254,2026-06-25,Mobile,Google,Clothing,14373.0,1,0,0,0,0.0
U01172,S01172,2026-06-25,Desktop,Google,Clothing,3748.0,1,1,0,0,0.0
U04487,S04487,2026-06-25,Desktop,Email,Clothing,4173.0,1,0,0,0,0.0
U06864,S06864,2026-06-25,Mobile,Direct,Beauty,2859.0,1,1,0,0,0.0
U05024,S05024,2026-06-25,Desktop,Direct,Shoes,5445.0,1,1,0,0,0.0
U10482,S10482,2026-06-25,Mobile,Instagram,Shoes,2243.0,1,1,1,0,0.0
U04082,S04082,2026-06-25,Mobile,Direct,Shoes,4361.0,1,1,0,0,0.0
U08409,S08409,2026-06-25,Desktop,Direct,Clothing,4630.0,1,0,0,0,0.0
U11004,S11004,2026-06-25,Tablet,Google,Beauty,3089.0,1,1,1,1,3089.0
U10544,S10544,2026-06-25,Desktop,Google,Clothing,5133.0,1,0,0,0,0.0
U04961,S04961,2026-06-25,Mobile,Facebook,Clothing,2555.0,1,0,0,0,0.0
U04017,S04017,2026-06-25,Mobile,Google,Shoes,5709.0,1,1,0,0,0.0
U07740,S07740,2026-06-25,Mobile,Google,Beauty,758.0,1,1,1,0,0.0
U03605,S03605,2026-06-25,Tablet,Email,Beauty,1998.0,1,0,0,0,0.0
U04161,S04161,2026-06-25,Mobile,Google,Electronics,1858.0,1,0,0,0,0.0
U04162,S04162,2026-06-25,Mobile,Google,Clothing,1793.0,1,1,1,0,0.0
U05157,S05157,2026-06-25,Mobile,Email,Electronics,1793.0,1,1,1,1,1793.0
U10002,S10002,2026-06-25,Desktop,Instagram,Beauty,1244.0,1,0,0,0,0.0
U09594,S09594,2026-06-25,Desktop,Instagram,Clothing,5211.0,1,0,0,0,0.0
U04913,S04913,2026-06-25,Mobile,Instagram,Clothing,8666.0,1,1,0,0,0.0
U11523,S11523,2026-06-25,Desktop,Google,Home,3433.0,1,0,0,0,0.0
U11343,S11343,2026-06-25,Mobile,Direct,Beauty,2488.0,1,0,0,0,0.0
U09738,S09738,2026-06-25,Mobile,Google,Beauty,2064.0,1,1,1,1,2064.0
U11350,S11350,2026-06-25,Tablet,Google,Clothing,3208.0,1,1,1,1,3208.0
U03056,S03056,2026-06-25,Mobile,Direct,Electronics,2594.0,1,1,1,1,2594.0
U08944,S08944,2026-06-25,Desktop,Direct,Clothing,2695.0,1,1,1,1,2695.0
U06108,S06108,2026-06-25,Mobile,Instagram,Home,3114.0,1,0,0,0,0.0
U03477,S03477,2026-06-25,Desktop,Google,Electronics,400.0,1,0,0,0,0.0
U01991,S01991,2026-06-25,Mobile,Direct,Beauty,8743.0,1,0,0,0,0.0
U07867,S07867,2026-06-25,Mobile,Direct,Clothing,1052.0,1,1,1,1,1052.0
U03241,S03241,2026-06-25,Desktop,Email,Shoes,549.0,1,1,1,1,549.0
U01102,S01102,2026-06-25,Mobile,Google,Shoes,4414.0,1,0,0,0,0.0
U03254,S03254,2026-06-25,Mobile,Google,Home,7411.0,1,0,0,0,0.0
U05983,S05983,2026-06-25,Desktop,Facebook,Electronics,3002.0,1,0,0,0,0.0
U01796,S01796,2026-06-25,Mobile,Email,Beauty,1512.0,1,1,0,0,0.0
U07465,S07465,2026-06-25,Tablet,Google,Shoes,2409.0,1,0,0,0,0.0
U07852,S07852,2026-06-25,Desktop,Direct,Clothing,5021.0,1,1,0,0,0.0
U00010,S00010,2026-06-25,Mobile,Instagram,Beauty,841.0,1,0,0,0,0.0
U09363,S09363,2026-06-25,Desktop,Direct,Electronics,4465.0,1,1,1,1,4465.0
U00188,S00188,2026-06-25,Mobile,Google,Shoes,4643.0,1,1,0,0,0.0
U01279,S01279,2026-06-25,Desktop,Google,Home,2372.0,1,0,0,0,0.0
U04357,S04357,2026-06-25,Tablet,Direct,Electronics,5865.0,1,0,0,0,0.0
U00809,S00809,2026-06-25,Mobile,Facebook,Clothing,3123.0,1,1,0,0,0.0
U10153,S10153,2026-06-25,Mobile,Google,Home,1212.0,1,0,0,0,0.0
U03552,S03552,2026-06-25,Mobile,Instagram,Clothing,934.0,1,0,0,0,0.0
U05458,S05458,2026-06-25,Desktop,Email,Home,657.0,1,0,0,0,0.0
U01943,S01943,2026-06-25,Mobile,Direct,Clothing,1000.0,1,0,0,0,0.0
U05446,S05446,2026-06-25,Mobile,Instagram,Clothing,3793.0,1,0,0,0,0.0
U00202,S00202,2026-06-25,Tablet,Direct,Shoes,6025.0,1,0,0,0,0.0
U03666,S03666,2026-06-25,Mobile,Direct,Home,14233.0,1,0,0,0,0.0
U10880,S10880,2026-06-25,Desktop,Instagram,Beauty,17935.0,1,1,0,0,0.0
U04387,S04387,2026-06-25,Mobile,Google,Electronics,1875.0,1,1,0,0,0.0
U11622,S11622,2026-06-25,Mobile,Google,Home,2866.0,1,0,0,0,0.0
U02604,S02604,2026-06-25,Desktop,Facebook,Electronics,2929.0,1,0,0,0,0.0
U05953,S05953,2026-06-25,Mobile,Google,Electronics,4256.0,1,1,1,0,0.0
U01883,S01883,2026-06-26,Mobile,Instagram,Electronics,3018.0,1,0,0,0,0.0
U06432,S06432,2026-06-26,Mobile,Email,Shoes,4856.0,1,1,1,0,0.0
U10074,S10074,2026-06-26,Desktop,Direct,Shoes,2403.0,1,1,1,1,2403.0
U07764,S07764,2026-06-26,Mobile,Direct,Beauty,2339.0,1,1,0,0,0.0
U04572,S04572,2026-06-26,Desktop,Direct,Electronics,1487.0,1,1,0,0,0.0
U09360,S09360,2026-06-26,Mobile,Google,Electronics,9092.0,1,0,0,0,0.0
U03057,S03057,2026-06-26,Mobile,Direct,Electronics,1817.0,1,0,0,0,0.0
U00710,S00710,2026-06-26,Mobile,Google,Electronics,6976.0,1,1,0,0,0.0
U06414,S06414,2026-06-26,Tablet,Google,Clothing,15880.0,1,1,1,1,15880.0
U03649,S03649,2026-06-26,Mobile,Email,Home,3434.0,1,0,0,0,0.0
U08964,S08964,2026-06-26,Mobile,Google,Home,6417.0,1,0,0,0,0.0
U08336,S08336,2026-06-26,Desktop,Email,Beauty,4453.0,1,1,1,0,0.0
U09580,S09580,2026-06-26,Mobile,Google,Electronics,1662.0,1,0,0,0,0.0
U05535,S05535,2026-06-26,Desktop,Google,Home,1557.0,1,0,0,0,0.0
U09282,S09282,2026-06-26,Tablet,Instagram,Clothing,2688.0,1,1,1,0,0.0
U06594,S06594,2026-06-26,Desktop,Google,Electronics,696.0,1,0,0,0,0.0
U02973,S02973,2026-06-26,Mobile,Instagram,Home,947.0,1,0,0,0,0.0
U05093,S05093,2026-06-26,Mobile,Direct,Electronics,13732.0,1,0,0,0,0.0
U06554,S06554,2026-06-26,Mobile,Direct,Clothing,3898.0,1,0,0,0,0.0
U06535,S06535,2026-06-26,Mobile,Instagram,Home,3041.0,1,0,0,0,0.0
U09137,S09137,2026-06-26,Mobile,Google,Clothing,4055.0,1,0,0,0,0.0
U05955,S05955,2026-06-26,Mobile,Facebook,Home,2179.0,1,0,0,0,0.0
U04953,S04953,2026-06-26,Mobile,Facebook,Clothing,4683.0,1,1,0,0,0.0
U03539,S03539,2026-06-26,Mobile,Email,Clothing,3301.0,1,1,0,0,0.0
U01497,S01497,2026-06-26,Desktop,Google,Electronics,3216.0,1,0,0,0,0.0
U04942,S04942,2026-06-26,Mobile,Email,Electronics,4107.0,1,0,0,0,0.0
U11253,S11253,2026-06-26,Mobile,Google,Beauty,4176.0,1,0,0,0,0.0
U01876,S01876,2026-06-26,Desktop,Google,Clothing,2192.0,1,1,1,1,2192.0
U03984,S03984,2026-06-26,Mobile,Google,Home,5410.0,1,0,0,0,0.0
U01798,S01798,2026-06-26,Mobile,Instagram,Home,2602.0,1,0,0,0,0.0
U07599,S07599,2026-06-26,Mobile,Email,Electronics,3800.0,1,0,0,0,0.0
U11805,S11805,2026-06-26,Desktop,Instagram,Electronics,1456.0,1,0,0,0,0.0
U06819,S06819,2026-06-26,Mobile,Email,Shoes,2947.0,1,0,0,0,0.0
U04431,S04431,2026-06-26,Mobile,Direct,Clothing,1639.0,1,1,1,0,0.0
U07903,S07903,2026-06-26,Tablet,Facebook,Beauty,3475.0,1,0,0,0,0.0
U04573,S04573,2026-06-26,Mobile,Direct,Clothing,686.0,1,1,1,1,686.0
U03631,S03631,2026-06-26,Mobile,Email,Clothing,1870.0,1,0,0,0,0.0
U03464,S03464,2026-06-26,Mobile,Google,Beauty,9793.0,1,0,0,0,0.0
U06400,S06400,2026-06-26,Desktop,Instagram,Shoes,4062.0,1,1,0,0,0.0
U03832,S03832,2026-06-26,Desktop,Instagram,Shoes,4445.0,1,1,1,1,4445.0
U09011,S09011,2026-06-26,Mobile,Email,Home,1016.0,1,0,0,0,0.0
U06271,S06271,2026-06-26,Mobile,Google,Electronics,5397.0,1,1,1,1,5397.0
U00271,S00271,2026-06-26,Mobile,Direct,Home,5861.0,1,1,0,0,0.0
U09201,S09201,2026-06-26,Mobile,Google,Shoes,1570.0,1,0,0,0,0.0
U06675,S06675,2026-06-26,Desktop,Facebook,Clothing,2832.0,1,1,1,1,2832.0
U03813,S03813,2026-06-26,Mobile,Instagram,Shoes,756.0,1,0,0,0,0.0
U05855,S05855,2026-06-26,Mobile,Direct,Electronics,5281.0,1,1,1,1,5281.0
U08925,S08925,2026-06-26,Mobile,Email,Home,1225.0,1,0,0,0,0.0
U00820,S00820,2026-06-26,Mobile,Instagram,Home,1039.0,1,1,0,0,0.0
U09893,S09893,2026-06-26,Mobile,Instagram,Beauty,1393.0,1,0,0,0,0.0
U07978,S07978,2026-06-26,Tablet,Instagram,Home,3002.0,1,1,0,0,0.0
U02021,S02021,2026-06-26,Desktop,Direct,Beauty,707.0,1,0,0,0,0.0
U11112,S11112,2026-06-26,Mobile,Instagram,Clothing,11845.0,1,0,0,0,0.0
U03862,S03862,2026-06-26,Mobile,Facebook,Clothing,767.0,1,1,0,0,0.0
U09977,S09977,2026-06-26,Desktop,Google,Beauty,1079.0,1,0,0,0,0.0
U01380,S01380,2026-06-26,Mobile,Direct,Electronics,2153.0,1,1,0,0,0.0
U10304,S10304,2026-06-26,Mobile,Instagram,Clothing,5981.0,1,0,0,0,0.0
U06031,S06031,2026-06-26,Mobile,Google,Home,2247.0,1,0,0,0,0.0
U05203,S05203,2026-06-26,Mobile,Email,Shoes,1987.0,1,1,0,0,0.0
U08224,S08224,2026-06-26,Tablet,Direct,Home,356.0,1,0,0,0,0.0
U09394,S09394,2026-06-26,Mobile,Google,Clothing,1511.0,1,0,0,0,0.0
U08744,S08744,2026-06-26,Desktop,Google,Home,3313.0,1,0,0,0,0.0
U04260,S04260,2026-06-26,Mobile,Direct,Clothing,4120.0,1,1,0,0,0.0
U05209,S05209,2026-06-26,Mobile,Direct,Beauty,5108.0,1,0,0,0,0.0
U01177,S01177,2026-06-26,Mobile,Instagram,Shoes,555.0,1,1,0,0,0.0
U10294,S10294,2026-06-26,Mobile,Instagram,Electronics,3057.0,1,0,0,0,0.0
U11665,S11665,2026-06-26,Desktop,Google,Electronics,1089.0,1,1,1,1,1089.0
U02439,S02439,2026-06-26,Mobile,Instagram,Home,1176.0,1,0,0,0,0.0
U03634,S03634,2026-06-27,Mobile,Facebook,Home,6602.0,1,0,0,0,0.0
U03618,S03618,2026-06-27,Mobile,Google,Electronics,3406.0,1,0,0,0,0.0
U00400,S00400,2026-06-27,Mobile,Email,Beauty,1750.0,1,1,0,0,0.0
U04090,S04090,2026-06-27,Mobile,Google,Clothing,3684.0,1,1,1,0,0.0
U00399,S00399,2026-06-27,Mobile,Google,Beauty,6648.0,1,0,0,0,0.0
U06331,S06331,2026-06-27,Mobile,Google,Clothing,300.0,1,0,0,0,0.0
U02766,S02766,2026-06-27,Tablet,Direct,Beauty,11910.0,1,0,0,0,0.0
U03735,S03735,2026-06-27,Mobile,Direct,Home,2179.0,1,0,0,0,0.0
U10779,S10779,2026-06-27,Desktop,Google,Clothing,1941.0,1,1,0,0,0.0
U08659,S08659,2026-06-27,Mobile,Google,Beauty,3206.0,1,0,0,0,0.0
U07703,S07703,2026-06-27,Mobile,Email,Clothing,8829.0,1,0,0,0,0.0
U08486,S08486,2026-06-27,Desktop,Facebook,Beauty,541.0,1,1,1,1,541.0
U06324,S06324,2026-06-27,Mobile,Instagram,Electronics,802.0,1,1,0,0,0.0
U03881,S03881,2026-06-27,Desktop,Google,Home,805.0,1,0,0,0,0.0
U06152,S06152,2026-06-27,Desktop,Google,Electronics,2381.0,1,1,1,1,2381.0
U09642,S09642,2026-06-27,Mobile,Google,Shoes,4386.0,1,1,1,1,4386.0
U03810,S03810,2026-06-27,Desktop,Google,Shoes,14169.0,1,0,0,0,0.0
U08805,S08805,2026-06-27,Desktop,Google,Clothing,3253.0,1,0,0,0,0.0
U11103,S11103,2026-06-27,Desktop,Direct,Shoes,1682.0,1,1,1,1,1682.0
U09267,S09267,2026-06-27,Mobile,Direct,Electronics,2914.0,1,1,0,0,0.0
U08588,S08588,2026-06-27,Mobile,Email,Clothing,4959.0,1,1,0,0,0.0
U00510,S00510,2026-06-27,Mobile,Direct,Shoes,4551.0,1,0,0,0,0.0
U05614,S05614,2026-06-27,Desktop,Email,Shoes,330.0,1,0,0,0,0.0
U02912,S02912,2026-06-27,Mobile,Instagram,Home,6253.0,1,0,0,0,0.0
U02406,S02406,2026-06-27,Mobile,Facebook,Beauty,2476.0,1,0,0,0,0.0
U01179,S01179,2026-06-27,Mobile,Google,Clothing,2184.0,1,0,0,0,0.0
U05857,S05857,2026-06-27,Mobile,Direct,Home,7377.0,1,1,1,1,7377.0
U02928,S02928,2026-06-27,Mobile,Direct,Electronics,1284.0,1,0,0,0,0.0
U08879,S08879,2026-06-27,Mobile,Direct,Beauty,2889.0,1,1,0,0,0.0
U08821,S08821,2026-06-27,Mobile,Instagram,Shoes,3337.0,1,0,0,0,0.0
U04027,S04027,2026-06-27,Desktop,Direct,Shoes,1694.0,1,1,1,1,1694.0
U10703,S10703,2026-06-27,Mobile,Google,Electronics,1868.0,1,1,1,1,1868.0
U08562,S08562,2026-06-27,Mobile,Direct,Electronics,22657.0,1,0,0,0,0.0
U02899,S02899,2026-06-27,Desktop,Google,Beauty,7571.0,1,0,0,0,0.0
U11529,S11529,2026-06-27,Desktop,Email,Home,5752.0,1,0,0,0,0.0
U08483,S08483,2026-06-27,Desktop,Google,Beauty,1856.0,1,0,0,0,0.0
U11481,S11481,2026-06-27,Desktop,Google,Home,564.0,1,0,0,0,0.0
U01785,S01785,2026-06-27,Mobile,Direct,Beauty,6139.0,1,1,0,0,0.0
U07441,S07441,2026-06-27,Desktop,Google,Shoes,4938.0,1,0,0,0,0.0
U00257,S00257,2026-06-27,Desktop,Direct,Clothing,3242.0,1,1,0,0,0.0
U04943,S04943,2026-06-27,Mobile,Google,Electronics,4394.0,1,0,0,0,0.0
U01751,S01751,2026-06-27,Desktop,Email,Electronics,1416.0,1,0,0,0,0.0
U09888,S09888,2026-06-27,Desktop,Email,Clothing,400.0,1,1,0,0,0.0
U10183,S10183,2026-06-27,Mobile,Direct,Home,1176.0,1,0,0,0,0.0
U00780,S00780,2026-06-27,Desktop,Direct,Clothing,1514.0,1,1,1,1,1514.0
U01574,S01574,2026-06-27,Desktop,Direct,Home,1363.0,1,1,1,1,1363.0
U09674,S09674,2026-06-27,Mobile,Google,Home,2399.0,1,0,0,0,0.0
U08331,S08331,2026-06-27,Mobile,Google,Electronics,1756.0,1,1,1,1,1756.0
U07223,S07223,2026-06-27,Mobile,Instagram,Shoes,1200.0,1,0,0,0,0.0
U07138,S07138,2026-06-27,Mobile,Direct,Home,12675.0,1,1,0,0,0.0
U03130,S03130,2026-06-27,Tablet,Instagram,Clothing,1475.0,1,1,0,0,0.0
U04732,S04732,2026-06-27,Desktop,Instagram,Clothing,507.0,1,1,0,0,0.0
U08308,S08308,2026-06-27,Desktop,Google,Electronics,3293.0,1,0,0,0,0.0
U09746,S09746,2026-06-27,Desktop,Facebook,Beauty,1418.0,1,1,1,1,1418.0
U00307,S00307,2026-06-27,Mobile,Google,Clothing,1689.0,1,1,0,0,0.0
U01598,S01598,2026-06-27,Mobile,Direct,Home,3773.0,1,0,0,0,0.0
U10289,S10289,2026-06-27,Mobile,Google,Shoes,2784.0,1,0,0,0,0.0
U08185,S08185,2026-06-27,Mobile,Google,Shoes,3792.0,1,1,0,0,0.0
U08199,S08199,2026-06-27,Mobile,Instagram,Clothing,2711.0,1,1,1,1,2711.0
U08208,S08208,2026-06-27,Mobile,Email,Electronics,907.0,1,1,0,0,0.0
U07013,S07013,2026-06-27,Mobile,Email,Electronics,2320.0,1,0,0,0,0.0
U08368,S08368,2026-06-27,Desktop,Google,Electronics,3321.0,1,0,0,0,0.0
U10144,S10144,2026-06-27,Mobile,Google,Shoes,3213.0,1,1,1,0,0.0
U08253,S08253,2026-06-27,Desktop,Google,Clothing,955.0,1,1,1,1,955.0
U01949,S01949,2026-06-27,Mobile,Facebook,Electronics,2604.0,1,0,0,0,0.0
U06680,S06680,2026-06-27,Mobile,Email,Clothing,4006.0,1,0,0,0,0.0
U07501,S07501,2026-06-27,Mobile,Facebook,Shoes,1448.0,1,0,0,0,0.0
U00660,S00660,2026-06-27,Mobile,Google,Electronics,1234.0,1,1,1,1,1234.0
U00444,S00444,2026-06-27,Mobile,Google,Shoes,2380.0,1,0,0,0,0.0
U00841,S00841,2026-06-27,Mobile,Email,Shoes,2418.0,1,0,0,0,0.0
U06712,S06712,2026-06-27,Desktop,Instagram,Clothing,1310.0,1,1,0,0,0.0
U00862,S00862,2026-06-27,Desktop,Direct,Clothing,2119.0,1,1,1,1,2119.0
U04400,S04400,2026-06-27,Desktop,Email,Shoes,1103.0,1,0,0,0,0.0
U05597,S05597,2026-06-28,Desktop,Google,Home,2086.0,1,0,0,0,0.0
U10095,S10095,2026-06-28,Desktop,Direct,Shoes,2686.0,1,0,0,0,0.0
U02444,S02444,2026-06-28,Mobile,Google,Electronics,13703.0,1,0,0,0,0.0
U09509,S09509,2026-06-28,Desktop,Direct,Beauty,4345.0,1,1,0,0,0.0
U01215,S01215,2026-06-28,Mobile,Direct,Electronics,5977.0,1,1,0,0,0.0
U02649,S02649,2026-06-28,Desktop,Facebook,Shoes,5188.0,1,0,0,0,0.0
U01257,S01257,2026-06-28,Desktop,Instagram,Electronics,1477.0,1,1,1,1,1477.0
U08866,S08866,2026-06-28,Mobile,Google,Beauty,615.0,1,0,0,0,0.0
U11188,S11188,2026-06-28,Mobile,Direct,Electronics,2576.0,1,0,0,0,0.0
U01665,S01665,2026-06-28,Desktop,Direct,Home,3719.0,1,1,1,1,3719.0
U01171,S01171,2026-06-28,Mobile,Facebook,Electronics,1413.0,1,0,0,0,0.0
U00443,S00443,2026-06-28,Desktop,Instagram,Electronics,4663.0,1,1,1,0,0.0
U00602,S00602,2026-06-28,Desktop,Facebook,Electronics,3093.0,1,0,0,0,0.0
U05198,S05198,2026-06-28,Mobile,Google,Clothing,2094.0,1,0,0,0,0.0
U05652,S05652,2026-06-28,Mobile,Direct,Home,3390.0,1,0,0,0,0.0
U07177,S07177,2026-06-28,Mobile,Direct,Shoes,1261.0,1,0,0,0,0.0
U05887,S05887,2026-06-28,Mobile,Direct,Electronics,1686.0,1,0,0,0,0.0
U05549,S05549,2026-06-28,Desktop,Email,Electronics,1331.0,1,0,0,0,0.0
U05968,S05968,2026-06-28,Mobile,Email,Shoes,11437.0,1,1,0,0,0.0
U03675,S03675,2026-06-28,Desktop,Google,Electronics,1081.0,1,0,0,0,0.0
U07488,S07488,2026-06-28,Mobile,Direct,Clothing,3347.0,1,1,0,0,0.0
U05463,S05463,2026-06-28,Mobile,Facebook,Beauty,2850.0,1,1,1,0,0.0
U07911,S07911,2026-06-28,Tablet,Google,Electronics,1972.0,1,1,0,0,0.0
U00036,S00036,2026-06-28,Mobile,Direct,Electronics,4199.0,1,0,0,0,0.0
U00076,S00076,2026-06-28,Mobile,Facebook,Shoes,4089.0,1,1,1,0,0.0
U11062,S11062,2026-06-28,Mobile,Email,Clothing,3684.0,1,0,0,0,0.0
U03737,S03737,2026-06-28,Mobile,Instagram,Shoes,5430.0,1,0,0,0,0.0
U09155,S09155,2026-06-28,Mobile,Instagram,Electronics,762.0,1,1,1,1,762.0
U01822,S01822,2026-06-28,Mobile,Facebook,Clothing,616.0,1,1,0,0,0.0
U05541,S05541,2026-06-28,Tablet,Facebook,Beauty,7091.0,1,0,0,0,0.0
U07983,S07983,2026-06-28,Tablet,Direct,Shoes,3613.0,1,0,0,0,0.0
U01713,S01713,2026-06-28,Tablet,Facebook,Clothing,1927.0,1,0,0,0,0.0
U06227,S06227,2026-06-28,Mobile,Google,Clothing,6007.0,1,1,0,0,0.0
U10724,S10724,2026-06-28,Mobile,Instagram,Clothing,2441.0,1,0,0,0,0.0
U11880,S11880,2026-06-28,Desktop,Facebook,Beauty,4236.0,1,0,0,0,0.0
U02064,S02064,2026-06-28,Mobile,Instagram,Clothing,3385.0,1,1,1,1,3385.0
U09348,S09348,2026-06-28,Desktop,Facebook,Shoes,2601.0,1,1,1,0,0.0
U03240,S03240,2026-06-28,Mobile,Google,Clothing,1791.0,1,0,0,0,0.0
U10825,S10825,2026-06-28,Mobile,Instagram,Clothing,590.0,1,0,0,0,0.0
U09672,S09672,2026-06-28,Tablet,Instagram,Home,802.0,1,0,0,0,0.0
U00917,S00917,2026-06-28,Mobile,Instagram,Shoes,10155.0,1,0,0,0,0.0
U03368,S03368,2026-06-28,Desktop,Email,Home,3544.0,1,0,0,0,0.0
U08403,S08403,2026-06-28,Mobile,Google,Home,1028.0,1,1,1,1,1028.0
U10533,S10533,2026-06-28,Mobile,Direct,Electronics,5189.0,1,0,0,0,0.0
U03346,S03346,2026-06-28,Desktop,Facebook,Beauty,6029.0,1,1,1,1,6029.0
U02356,S02356,2026-06-28,Desktop,Direct,Clothing,3280.0,1,1,1,1,3280.0
U00976,S00976,2026-06-28,Mobile,Google,Home,4248.0,1,0,0,0,0.0
U09723,S09723,2026-06-28,Mobile,Google,Home,902.0,1,1,0,0,0.0
U04916,S04916,2026-06-28,Desktop,Instagram,Electronics,1419.0,1,1,1,0,0.0
U00123,S00123,2026-06-28,Mobile,Google,Clothing,446.0,1,0,0,0,0.0
U01567,S01567,2026-06-28,Mobile,Instagram,Electronics,3744.0,1,0,0,0,0.0
U02254,S02254,2026-06-28,Mobile,Google,Shoes,2971.0,1,0,0,0,0.0
U08546,S08546,2026-06-28,Mobile,Instagram,Home,1195.0,1,1,1,0,0.0
U01016,S01016,2026-06-28,Mobile,Google,Shoes,5576.0,1,0,0,0,0.0
U04015,S04015,2026-06-28,Mobile,Instagram,Home,5212.0,1,1,1,0,0.0
U03391,S03391,2026-06-28,Mobile,Instagram,Beauty,2461.0,1,0,0,0,0.0
U06835,S06835,2026-06-28,Mobile,Google,Beauty,5194.0,1,0,0,0,0.0
U04118,S04118,2026-06-28,Desktop,Facebook,Beauty,1641.0,1,0,0,0,0.0
U08652,S08652,2026-06-28,Tablet,Instagram,Shoes,614.0,1,1,1,1,614.0
U08579,S08579,2026-06-28,Desktop,Google,Electronics,2680.0,1,0,0,0,0.0
U09656,S09656,2026-06-28,Desktop,Google,Electronics,1560.0,1,0,0,0,0.0
U01609,S01609,2026-06-28,Mobile,Instagram,Home,497.0,1,0,0,0,0.0
U02294,S02294,2026-06-28,Mobile,Direct,Clothing,4184.0,1,0,0,0,0.0
U02197,S02197,2026-06-28,Mobile,Google,Home,4371.0,1,1,0,0,0.0
U08464,S08464,2026-06-28,Desktop,Instagram,Clothing,5116.0,1,1,1,1,5116.0
U07392,S07392,2026-06-29,Mobile,Google,Beauty,6246.0,1,0,0,0,0.0
U04539,S04539,2026-06-29,Mobile,Instagram,Clothing,300.0,1,1,1,1,300.0
U02592,S02592,2026-06-29,Desktop,Facebook,Electronics,1978.0,1,0,0,0,0.0
U09640,S09640,2026-06-29,Mobile,Instagram,Clothing,822.0,1,0,0,0,0.0
U10790,S10790,2026-06-29,Mobile,Email,Shoes,2921.0,1,1,1,1,2921.0
U05719,S05719,2026-06-29,Mobile,Google,Clothing,6255.0,1,1,1,1,6255.0
U04560,S04560,2026-06-29,Desktop,Google,Home,1910.0,1,0,0,0,0.0
U02813,S02813,2026-06-29,Desktop,Direct,Electronics,2357.0,1,1,1,1,2357.0
U06002,S06002,2026-06-29,Mobile,Direct,Clothing,300.0,1,0,0,0,0.0
U07876,S07876,2026-06-29,Mobile,Direct,Electronics,1703.0,1,1,1,1,1703.0
U11927,S11927,2026-06-29,Mobile,Direct,Electronics,1233.0,1,0,0,0,0.0
U01170,S01170,2026-06-29,Mobile,Google,Clothing,1206.0,1,0,0,0,0.0
U05459,S05459,2026-06-29,Mobile,Direct,Clothing,2179.0,1,0,0,0,0.0
U09953,S09953,2026-06-29,Desktop,Facebook,Home,314.0,1,0,0,0,0.0
U10817,S10817,2026-06-29,Desktop,Google,Clothing,2707.0,1,0,0,0,0.0
U06035,S06035,2026-06-29,Tablet,Instagram,Electronics,841.0,1,0,0,0,0.0
U07680,S07680,2026-06-29,Tablet,Google,Clothing,1817.0,1,1,1,1,1817.0
U09709,S09709,2026-06-29,Desktop,Google,Electronics,1058.0,1,1,1,0,0.0
U07933,S07933,2026-06-29,Mobile,Google,Electronics,6304.0,1,0,0,0,0.0
U00259,S00259,2026-06-29,Mobile,Google,Electronics,2992.0,1,0,0,0,0.0
U04087,S04087,2026-06-29,Mobile,Google,Clothing,1891.0,1,1,0,0,0.0
U04445,S04445,2026-06-29,Mobile,Google,Electronics,3408.0,1,0,0,0,0.0
U04076,S04076,2026-06-29,Mobile,Instagram,Clothing,1000.0,1,1,1,1,1000.0
U07834,S07834,2026-06-29,Desktop,Google,Shoes,3943.0,1,0,0,0,0.0
U02644,S02644,2026-06-29,Desktop,Direct,Clothing,1209.0,1,1,1,1,1209.0
U07581,S07581,2026-06-29,Mobile,Google,Electronics,1437.0,1,0,0,0,0.0
U11980,S11980,2026-06-29,Desktop,Direct,Beauty,11822.0,1,0,0,0,0.0
U11973,S11973,2026-06-29,Tablet,Email,Beauty,1008.0,1,0,0,0,0.0
U04411,S04411,2026-06-29,Mobile,Google,Beauty,3676.0,1,0,0,0,0.0
U02783,S02783,2026-06-29,Desktop,Email,Clothing,2105.0,1,0,0,0,0.0
U04988,S04988,2026-06-29,Mobile,Instagram,Electronics,8738.0,1,1,0,0,0.0
U10908,S10908,2026-06-29,Mobile,Instagram,Beauty,3417.0,1,0,0,0,0.0
U09226,S09226,2026-06-29,Desktop,Google,Clothing,5633.0,1,0,0,0,0.0
U10893,S10893,2026-06-29,Desktop,Instagram,Clothing,8859.0,1,1,1,0,0.0
U04979,S04979,2026-06-29,Desktop,Facebook,Clothing,300.0,1,1,1,1,300.0
U06743,S06743,2026-06-29,Mobile,Instagram,Beauty,3978.0,1,0,0,0,0.0
U03024,S03024,2026-06-29,Mobile,Direct,Home,6299.0,1,0,0,0,0.0
U03662,S03662,2026-06-29,Desktop,Email,Clothing,3286.0,1,1,1,1,3286.0
U11574,S11574,2026-06-29,Desktop,Direct,Clothing,1956.0,1,0,0,0,0.0
U07591,S07591,2026-06-29,Mobile,Google,Home,2117.0,1,0,0,0,0.0
U11986,S11986,2026-06-29,Mobile,Instagram,Clothing,4477.0,1,1,0,0,0.0
U09987,S09987,2026-06-29,Desktop,Google,Beauty,3399.0,1,1,1,1,3399.0
U01527,S01527,2026-06-29,Mobile,Direct,Home,1396.0,1,1,1,0,0.0
U07831,S07831,2026-06-29,Tablet,Email,Shoes,3273.0,1,0,0,0,0.0
U06563,S06563,2026-06-29,Mobile,Google,Shoes,9591.0,1,0,0,0,0.0
U04419,S04419,2026-06-29,Mobile,Instagram,Shoes,14928.0,1,0,0,0,0.0
U11760,S11760,2026-06-29,Mobile,Direct,Shoes,6216.0,1,0,0,0,0.0
U09556,S09556,2026-06-29,Mobile,Email,Shoes,7884.0,1,0,0,0,0.0
U05422,S05422,2026-06-29,Mobile,Email,Clothing,2930.0,1,1,0,0,0.0
U06335,S06335,2026-06-29,Desktop,Google,Shoes,4531.0,1,0,0,0,0.0
U11146,S11146,2026-06-29,Desktop,Google,Beauty,4539.0,1,0,0,0,0.0
U11418,S11418,2026-06-29,Mobile,Email,Clothing,1259.0,1,0,0,0,0.0
U11373,S11373,2026-06-29,Mobile,Instagram,Beauty,1264.0,1,0,0,0,0.0
U08812,S08812,2026-06-29,Tablet,Facebook,Clothing,10000.0,1,0,0,0,0.0
U10215,S10215,2026-06-29,Desktop,Google,Clothing,17163.0,1,0,0,0,0.0
U06322,S06322,2026-06-29,Mobile,Email,Home,4083.0,1,0,0,0,0.0
U03037,S03037,2026-06-29,Mobile,Direct,Beauty,1373.0,1,0,0,0,0.0
U06801,S06801,2026-06-29,Mobile,Google,Beauty,2128.0,1,0,0,0,0.0
U08601,S08601,2026-06-29,Mobile,Email,Shoes,3254.0,1,1,1,1,3254.0
U08872,S08872,2026-06-29,Desktop,Google,Shoes,5943.0,1,1,0,0,0.0
U10245,S10245,2026-06-29,Mobile,Direct,Beauty,2128.0,1,1,1,0,0.0
U08092,S08092,2026-06-29,Mobile,Direct,Beauty,2520.0,1,0,0,0,0.0
U09584,S09584,2026-06-29,Desktop,Instagram,Electronics,933.0,1,0,0,0,0.0
U03852,S03852,2026-06-29,Mobile,Google,Home,2688.0,1,0,0,0,0.0
U08846,S08846,2026-06-29,Mobile,Direct,Home,4868.0,1,1,1,1,4868.0
U00574,S00574,2026-06-29,Desktop,Google,Clothing,1230.0,1,0,0,0,0.0
U01406,S01406,2026-06-29,Mobile,Instagram,Clothing,2703.0,1,0,0,0,0.0
U00551,S00551,2026-06-29,Mobile,Instagram,Electronics,8358.0,1,0,0,0,0.0
U01711,S01711,2026-06-29,Desktop,Google,Home,1458.0,1,0,0,0,0.0
U06403,S06403,2026-06-29,Mobile,Google,Clothing,6000.0,1,1,1,0,0.0
U09564,S09564,2026-06-29,Desktop,Instagram,Shoes,2710.0,1,0,0,0,0.0
U11130,S11130,2026-06-29,Desktop,Google,Beauty,635.0,1,1,1,1,635.0
U11398,S11398,2026-06-29,Desktop,Email,Clothing,6577.0,1,0,0,0,0.0
U11841,S11841,2026-06-29,Desktop,Direct,Shoes,4238.0,1,0,0,0,0.0
U01062,S01062,2026-06-29,Mobile,Facebook,Home,2184.0,1,1,1,1,2184.0
U05211,S05211,2026-06-29,Mobile,Direct,Electronics,5824.0,1,0,0,0,0.0
U00391,S00391,2026-06-29,Desktop,Instagram,Clothing,679.0,1,1,1,0,0.0
U07783,S07783,2026-06-30,Mobile,Google,Clothing,406.0,1,0,0,0,0.0
U04091,S04091,2026-06-30,Mobile,Google,Beauty,1462.0,1,1,1,1,1462.0
U00724,S00724,2026-06-30,Tablet,Facebook,Shoes,2738.0,1,0,0,0,0.0
U08718,S08718,2026-06-30,Mobile,Direct,Home,3456.0,1,1,1,1,3456.0
U05194,S05194,2026-06-30,Desktop,Google,Beauty,903.0,1,1,1,0,0.0
U10530,S10530,2026-06-30,Mobile,Google,Clothing,1120.0,1,0,0,0,0.0
U07659,S07659,2026-06-30,Mobile,Instagram,Electronics,1189.0,1,0,0,0,0.0
U04767,S04767,2026-06-30,Desktop,Google,Electronics,5802.0,1,1,1,1,5802.0
U02350,S02350,2026-06-30,Mobile,Direct,Electronics,4650.0,1,1,0,0,0.0
U08227,S08227,2026-06-30,Desktop,Direct,Beauty,1937.0,1,0,0,0,0.0
U05547,S05547,2026-06-30,Tablet,Google,Shoes,6224.0,1,1,1,1,6224.0
U07093,S07093,2026-06-30,Desktop,Google,Beauty,1630.0,1,0,0,0,0.0
U11662,S11662,2026-06-30,Mobile,Direct,Home,2119.0,1,1,0,0,0.0
U04827,S04827,2026-06-30,Mobile,Direct,Shoes,1220.0,1,1,0,0,0.0
U04437,S04437,2026-06-30,Desktop,Instagram,Home,8877.0,1,0,0,0,0.0
U11567,S11567,2026-06-30,Mobile,Google,Shoes,2569.0,1,0,0,0,0.0
U06350,S06350,2026-06-30,Desktop,Instagram,Clothing,3288.0,1,0,0,0,0.0
U01905,S01905,2026-06-30,Mobile,Google,Clothing,15483.0,1,0,0,0,0.0
U04416,S04416,2026-06-30,Desktop,Email,Electronics,4646.0,1,0,0,0,0.0
U00821,S00821,2026-06-30,Mobile,Google,Beauty,4033.0,1,0,0,0,0.0
U08313,S08313,2026-06-30,Mobile,Instagram,Electronics,847.0,1,1,1,0,0.0
U07078,S07078,2026-06-30,Tablet,Direct,Beauty,2559.0,1,0,0,0,0.0
U08127,S08127,2026-06-30,Mobile,Google,Shoes,2314.0,1,0,0,0,0.0
U00934,S00934,2026-06-30,Desktop,Direct,Home,5343.0,1,0,0,0,0.0
U06402,S06402,2026-06-30,Mobile,Instagram,Beauty,5722.0,1,0,0,0,0.0
U05840,S05840,2026-06-30,Mobile,Direct,Electronics,10482.0,1,1,0,0,0.0
U09969,S09969,2026-06-30,Mobile,Instagram,Shoes,5468.0,1,0,0,0,0.0
U10452,S10452,2026-06-30,Desktop,Instagram,Shoes,3331.0,1,0,0,0,0.0
U04138,S04138,2026-06-30,Desktop,Google,Clothing,865.0,1,1,0,0,0.0
U00803,S00803,2026-06-30,Desktop,Google,Beauty,2445.0,1,1,1,1,2445.0
U02401,S02401,2026-06-30,Mobile,Google,Beauty,5648.0,1,0,0,0,0.0
U07268,S07268,2026-06-30,Desktop,Instagram,Home,3299.0,1,0,0,0,0.0
U04947,S04947,2026-06-30,Mobile,Facebook,Electronics,8163.0,1,1,1,0,0.0
U00880,S00880,2026-06-30,Mobile,Google,Clothing,2858.0,1,1,1,0,0.0
U03915,S03915,2026-06-30,Mobile,Facebook,Shoes,2629.0,1,1,0,0,0.0
U11445,S11445,2026-06-30,Mobile,Google,Shoes,1272.0,1,0,0,0,0.0
U11449,S11449,2026-06-30,Desktop,Email,Clothing,1554.0,1,0,0,0,0.0
U11329,S11329,2026-06-30,Desktop,Google,Electronics,5537.0,1,0,0,0,0.0
U01342,S01342,2026-06-30,Desktop,Google,Clothing,2445.0,1,0,0,0,0.0
U11626,S11626,2026-06-30,Mobile,Facebook,Beauty,678.0,1,1,1,0,0.0
U07944,S07944,2026-06-30,Mobile,Instagram,Electronics,5042.0,1,0,0,0,0.0
U00787,S00787,2026-06-30,Desktop,Direct,Clothing,1931.0,1,0,0,0,0.0
U05144,S05144,2026-06-30,Tablet,Google,Clothing,22594.0,1,0,0,0,0.0
U06097,S06097,2026-06-30,Mobile,Google,Clothing,2021.0,1,0,0,0,0.0
U07963,S07963,2026-06-30,Desktop,Facebook,Clothing,1105.0,1,1,1,1,1105.0
U00878,S00878,2026-06-30,Mobile,Google,Clothing,9257.0,1,1,1,0,0.0
U00581,S00581,2026-06-30,Mobile,Google,Shoes,1186.0,1,0,0,0,0.0
U09855,S09855,2026-06-30,Mobile,Google,Beauty,1895.0,1,1,0,0,0.0
U08518,S08518,2026-06-30,Mobile,Facebook,Home,8666.0,1,0,0,0,0.0
U05301,S05301,2026-06-30,Mobile,Google,Electronics,1976.0,1,0,0,0,0.0
U07342,S07342,2026-06-30,Mobile,Instagram,Shoes,4988.0,1,1,0,0,0.0
U05529,S05529,2026-06-30,Tablet,Instagram,Home,1204.0,1,1,1,0,0.0
U06566,S06566,2026-06-30,Desktop,Email,Clothing,4734.0,1,1,0,0,0.0
U08878,S08878,2026-06-30,Desktop,Facebook,Beauty,1939.0,1,1,1,1,1939.0
U00349,S00349,2026-06-30,Mobile,Facebook,Electronics,1484.0,1,1,1,1,1484.0
U11073,S11073,2026-06-30,Desktop,Instagram,Shoes,2577.0,1,1,0,0,0.0
U01705,S01705,2026-06-30,Mobile,Google,Electronics,1328.0,1,0,0,0,0.0
U00617,S00617,2026-06-30,Desktop,Email,Shoes,4630.0,1,1,1,0,0.0
U06269,S06269,2026-06-30,Mobile,Google,Beauty,758.0,1,0,0,0,0.0
U01562,S01562,2026-06-30,Mobile,Google,Clothing,2546.0,1,0,0,0,0.0
U04029,S04029,2026-06-30,Mobile,Email,Shoes,2216.0,1,0,0,0,0.0
U00566,S00566,2026-06-30,Desktop,Google,Electronics,2232.0,1,1,1,0,0.0
U00670,S00670,2026-06-30,Mobile,Facebook,Electronics,2041.0,1,1,1,0,0.0
U09102,S09102,2026-06-30,Mobile,Instagram,Home,969.0,1,1,1,1,969.0
U08895,S08895,2026-06-30,Mobile,Instagram,Shoes,7017.0,1,0,0,0,0.0
U09377,S09377,2026-06-30,Tablet,Facebook,Shoes,2466.0,1,0,0,0,0.0
U00559,S00559,2026-06-30,Mobile,Email,Home,574.0,1,0,0,0,0.0
U05449,S05449,2026-06-30,Mobile,Email,Shoes,1576.0,1,0,0,0,0.0
